order_id,date,region,category,channel,units,unit_price,revenue,cost
5001,2024-10-01,West,Home & Kitchen,Online,3,62.9,188.69,116.73
5002,2024-10-01,West,Apparel,Online,4,44.76,179.03,105.17
5003,2024-10-01,West,Electronics,Online,1,199.09,199.09,116.1
5004,2024-10-01,West,Electronics,In-Store,3,161.93,485.79,275.59
5005,2024-10-01,East,Beauty,In-Store,1,27.86,29.26,18.43
5006,2024-10-01,West,Apparel,Online,1,39.9,39.9,25.93
5007,2024-10-01,South,Home & Kitchen,Online,4,50.33,151.0,88.6
5008,2024-10-01,West,Apparel,Online,2,47.53,95.05,63.48
5009,2024-10-01,North,Beauty,Online,3,33.07,114.07,66.58
5010,2024-10-01,South,Home & Kitchen,Online,2,74.23,111.35,68.83
5011,2024-10-01,East,Sports,In-Store,4,57.77,242.65,151.04
5012,2024-10-01,West,Electronics,Online,2,158.92,317.83,194.32
5013,2024-10-01,West,Electronics,Online,1,215.78,215.78,132.76
5014,2024-10-02,West,Apparel,Online,3,40.21,120.64,78.84
5015,2024-10-02,East,Apparel,In-Store,3,46.57,146.7,85.8
5016,2024-10-02,North,Apparel,Online,1,43.73,50.29,30.77
5017,2024-10-02,West,Beauty,Online,4,27.79,111.14,67.96
5018,2024-10-02,South,Sports,In-Store,4,69.85,209.56,137.63
5019,2024-10-02,West,Electronics,Online,2,171.75,343.5,215.13
5020,2024-10-02,North,Beauty,In-Store,4,32.17,148.0,83.95
5021,2024-10-02,North,Home & Kitchen,Online,3,63.99,220.77,127.75
5022,2024-10-02,East,Home & Kitchen,Online,2,80.56,169.17,96.76
5023,2024-10-02,West,Sports,Online,2,47.23,94.46,56.76
5024,2024-10-02,West,Apparel,In-Store,2,46.61,93.23,54.69
5025,2024-10-02,West,Electronics,Online,4,187.67,750.7,510.41
5026,2024-10-02,East,Apparel,Online,4,50.1,210.4,119.4
5027,2024-10-03,West,Sports,Online,4,53.62,214.47,124.73
5028,2024-10-03,North,Beauty,Online,3,26.12,90.1,59.78
5029,2024-10-03,North,Apparel,Online,2,55.02,126.54,73.11
5030,2024-10-03,South,Beauty,Online,2,26.4,39.6,22.71
5031,2024-10-03,East,Home & Kitchen,Online,1,70.37,73.88,48.03
5032,2024-10-03,South,Sports,Mobile App,3,66.69,150.05,98.68
5033,2024-10-03,North,Apparel,Online,4,56.33,259.11,159.75
5034,2024-10-03,North,Electronics,In-Store,3,225.81,779.03,496.56
5035,2024-10-03,East,Home & Kitchen,Online,3,70.25,221.3,125.98
5036,2024-10-03,North,Beauty,Online,2,23.08,53.09,30.5
5037,2024-10-03,South,Electronics,In-Store,1,133.24,99.93,63.56
5038,2024-10-03,North,Apparel,In-Store,4,39.66,182.43,115.27
5039,2024-10-04,North,Beauty,In-Store,2,27.57,63.41,39.57
5040,2024-10-04,West,Apparel,In-Store,2,44.72,89.45,58.91
5041,2024-10-04,North,Home & Kitchen,Online,2,63.66,146.43,86.08
5042,2024-10-04,East,Beauty,Online,3,28.76,90.59,50.24
5043,2024-10-04,West,Home & Kitchen,Mobile App,3,57.43,172.3,111.03
5044,2024-10-04,West,Apparel,Online,1,49.39,49.39,29.49
5045,2024-10-04,West,Apparel,Mobile App,3,38.12,114.37,72.08
5046,2024-10-04,South,Home & Kitchen,Mobile App,4,62.88,188.65,111.07
5047,2024-10-04,West,Electronics,In-Store,4,195.19,780.75,459.31
5048,2024-10-04,East,Beauty,In-Store,1,27.53,28.9,17.86
5049,2024-10-04,North,Electronics,Online,3,187.77,647.8,437.44
5050,2024-10-05,North,Beauty,Online,2,28.36,65.23,36.28
5051,2024-10-05,South,Home & Kitchen,Mobile App,2,43.58,65.37,43.35
5052,2024-10-05,West,Electronics,In-Store,4,194.83,779.32,438.53
5053,2024-10-05,South,Home & Kitchen,Online,3,62.28,140.14,81.81
5054,2024-10-05,North,Apparel,In-Store,3,38.7,133.52,75.23
5055,2024-10-05,North,Sports,Online,4,47.74,219.58,146.68
5056,2024-10-05,East,Apparel,In-Store,1,47.75,50.13,31.96
5057,2024-10-05,North,Apparel,Mobile App,2,38.63,88.84,59.37
5058,2024-10-05,East,Beauty,Mobile App,2,30.75,64.57,41.73
5059,2024-10-05,North,Home & Kitchen,In-Store,2,59.6,137.07,92.39
5060,2024-10-05,South,Home & Kitchen,Online,4,64.28,192.84,124.46
5061,2024-10-05,West,Beauty,Mobile App,4,30.14,120.55,72.82
5062,2024-10-05,West,Apparel,Mobile App,2,43.01,86.01,50.38
5063,2024-10-06,West,Electronics,In-Store,3,182.75,548.24,370.09
5064,2024-10-06,West,Electronics,Mobile App,3,165.4,496.19,313.28
5065,2024-10-06,East,Beauty,Online,4,29.63,124.46,73.86
5066,2024-10-06,West,Electronics,In-Store,3,136.51,409.52,268.2
5067,2024-10-06,East,Apparel,Online,1,41.41,43.48,26.18
5068,2024-10-06,East,Electronics,In-Store,4,184.06,773.03,505.8
5069,2024-10-06,West,Sports,Online,3,48.33,145.0,95.5
5070,2024-10-06,West,Sports,Online,2,44.14,88.28,49.11
5071,2024-10-06,West,Apparel,Online,4,37.01,148.03,95.9
5072,2024-10-06,North,Apparel,In-Store,1,43.53,50.05,28.42
5073,2024-10-06,North,Apparel,Online,3,37.46,129.22,82.57
5074,2024-10-07,West,Apparel,Mobile App,1,48.62,48.62,32.19
5075,2024-10-07,East,Apparel,In-Store,1,42.26,44.37,25.19
5076,2024-10-07,West,Sports,Online,1,49.01,49.01,27.75
5077,2024-10-07,East,Apparel,Online,2,39.28,82.5,49.48
5078,2024-10-07,South,Home & Kitchen,In-Store,1,62.47,46.85,26.77
5079,2024-10-07,North,Electronics,Online,2,180.91,416.08,279.49
5080,2024-10-07,North,Beauty,Online,4,25.6,117.78,71.92
5081,2024-10-07,North,Home & Kitchen,In-Store,3,68.24,235.44,154.03
5082,2024-10-07,East,Sports,Online,4,57.14,239.99,151.65
5083,2024-10-07,South,Sports,Online,2,55.67,83.51,48.63
5084,2024-10-07,West,Home & Kitchen,In-Store,4,58.97,235.89,144.35
5085,2024-10-07,North,Apparel,Online,2,47.71,109.73,60.95
5086,2024-10-07,East,Apparel,Online,1,51.09,53.64,33.74
5087,2024-10-07,South,Electronics,Mobile App,4,187.68,563.03,341.43
5088,2024-10-08,East,Home & Kitchen,Mobile App,3,48.88,153.97,95.13
5089,2024-10-08,North,Electronics,Online,1,157.56,181.2,112.86
5090,2024-10-08,West,Home & Kitchen,Online,4,49.73,198.92,114.03
5091,2024-10-08,West,Sports,Online,3,55.85,167.56,107.8
5092,2024-10-08,West,Home & Kitchen,Online,1,66.83,66.83,40.55
5093,2024-10-08,North,Apparel,Online,3,47.11,162.53,103.44
5094,2024-10-08,West,Electronics,In-Store,3,165.66,496.99,298.71
5095,2024-10-08,North,Home & Kitchen,Online,4,64.35,296.0,189.91
5096,2024-10-08,South,Apparel,Mobile App,2,46.82,70.23,45.07
5097,2024-10-08,East,Sports,Online,4,51.37,215.74,138.73
5098,2024-10-08,West,Sports,Online,4,62.25,249.0,159.58
5099,2024-10-08,West,Apparel,Online,1,39.86,39.86,24.11
5100,2024-10-08,North,Home & Kitchen,Online,1,66.94,76.98,44.59
5101,2024-10-08,South,Home & Kitchen,Mobile App,2,72.1,108.15,63.96
5102,2024-10-09,North,Electronics,Online,3,172.39,594.76,327.13
5103,2024-10-09,West,Electronics,In-Store,3,195.19,585.57,332.05
5104,2024-10-09,North,Electronics,Online,3,196.13,676.66,374.93
5105,2024-10-09,South,Beauty,Online,3,25.2,56.71,31.55
5106,2024-10-09,East,Apparel,Mobile App,1,49.92,52.42,31.49
5107,2024-10-09,North,Beauty,Online,1,24.78,28.5,15.68
5108,2024-10-09,East,Beauty,In-Store,2,25.21,52.95,30.95
5109,2024-10-09,South,Sports,Online,4,52.16,156.49,86.51
5110,2024-10-09,North,Electronics,In-Store,2,158.62,364.84,233.72
5111,2024-10-09,North,Electronics,Online,3,186.5,643.42,364.66
5112,2024-10-09,North,Sports,Mobile App,2,49.16,113.06,68.32
5113,2024-10-09,South,Apparel,Online,2,43.48,65.22,36.16
5114,2024-10-09,East,Beauty,Mobile App,4,28.65,120.34,80.52
5115,2024-10-09,West,Electronics,Online,2,161.46,322.93,207.84
5116,2024-10-09,North,Sports,In-Store,4,54.62,251.24,168.31
5117,2024-10-09,East,Sports,Online,3,57.43,180.91,121.27
5118,2024-10-10,North,Electronics,In-Store,1,177.18,203.76,122.22
5119,2024-10-10,North,Apparel,In-Store,1,40.14,46.16,28.1
5120,2024-10-10,South,Beauty,Mobile App,3,23.12,52.03,33.57
5121,2024-10-10,North,Home & Kitchen,In-Store,4,68.98,317.33,196.07
5122,2024-10-10,East,Electronics,In-Store,3,224.61,707.53,418.8
5123,2024-10-10,West,Electronics,Online,4,199.89,799.57,520.23
5124,2024-10-10,East,Home & Kitchen,Mobile App,3,57.44,180.94,107.19
5125,2024-10-10,West,Home & Kitchen,Online,3,73.58,220.75,144.77
5126,2024-10-10,East,Apparel,Online,3,42.9,135.12,84.35
5127,2024-10-10,East,Electronics,Online,4,183.06,768.85,444.45
5128,2024-10-10,East,Electronics,In-Store,1,198.09,208.0,127.69
5129,2024-10-11,North,Apparel,In-Store,1,47.41,54.52,30.33
5130,2024-10-11,East,Beauty,Online,4,26.96,113.25,65.06
5131,2024-10-11,East,Beauty,In-Store,2,25.15,52.81,32.54
5132,2024-10-11,East,Apparel,Online,2,46.25,97.12,55.9
5133,2024-10-11,North,Sports,Online,3,50.79,175.24,103.2
5134,2024-10-11,East,Home & Kitchen,Online,2,56.94,119.57,69.4
5135,2024-10-11,North,Apparel,In-Store,3,45.32,156.36,89.66
5136,2024-10-11,East,Apparel,Online,3,36.64,115.42,74.54
5137,2024-10-11,East,Apparel,Online,1,42.4,44.52,29.13
5138,2024-10-11,West,Electronics,Online,3,150.62,451.86,260.17
5139,2024-10-11,East,Electronics,Online,4,214.13,899.34,600.22
5140,2024-10-11,South,Beauty,Online,1,21.92,16.44,10.26
5141,2024-10-11,West,Electronics,Online,2,202.83,405.67,259.78
5142,2024-10-11,East,Sports,Online,2,48.98,102.87,63.48
5143,2024-10-11,West,Electronics,Online,1,182.36,182.36,106.99
5144,2024-10-11,East,Apparel,In-Store,4,39.37,165.37,97.38
5145,2024-10-11,East,Beauty,Online,3,23.66,74.52,44.03
5146,2024-10-11,West,Electronics,In-Store,2,211.38,422.77,266.14
5147,2024-10-11,West,Apparel,Online,1,48.27,48.27,30.05
5148,2024-10-12,East,Apparel,In-Store,2,45.96,96.51,59.23
5149,2024-10-12,West,Electronics,Mobile App,1,162.48,162.48,108.75
5150,2024-10-12,West,Home & Kitchen,Mobile App,1,83.62,83.62,47.09
5151,2024-10-12,South,Electronics,In-Store,2,191.61,287.42,175.01
5152,2024-10-12,East,Beauty,Online,4,29.01,121.85,67.94
5153,2024-10-12,East,Beauty,In-Store,3,27.98,88.13,54.81
5154,2024-10-12,North,Apparel,In-Store,3,46.94,161.94,105.95
5155,2024-10-12,East,Electronics,Online,1,163.66,171.84,96.51
5156,2024-10-12,East,Sports,In-Store,1,60.12,63.12,37.19
5157,2024-10-12,North,Home & Kitchen,In-Store,2,61.99,142.58,96.13
5158,2024-10-12,North,Home & Kitchen,Online,1,74.08,85.19,49.09
5159,2024-10-12,North,Beauty,In-Store,3,31.19,107.62,64.16
5160,2024-10-13,South,Sports,Online,3,45.88,103.23,61.86
5161,2024-10-13,East,Home & Kitchen,Online,1,56.72,59.55,34.71
5162,2024-10-13,South,Electronics,Online,4,239.26,717.79,478.28
5163,2024-10-13,North,Sports,Mobile App,3,66.92,230.86,149.86
5164,2024-10-13,East,Apparel,In-Store,3,43.38,136.66,79.0
5165,2024-10-13,West,Sports,In-Store,3,60.65,181.95,121.36
5166,2024-10-13,North,Sports,In-Store,3,59.28,204.52,120.0
5167,2024-10-13,South,Sports,Mobile App,1,43.64,32.73,20.33
5168,2024-10-13,North,Beauty,Online,2,25.0,57.5,38.87
5169,2024-10-13,East,Electronics,In-Store,2,166.04,348.68,236.82
5170,2024-10-13,West,Home & Kitchen,Online,3,62.18,186.54,105.51
5171,2024-10-13,East,Sports,Online,2,52.09,109.39,71.52
5172,2024-10-13,South,Electronics,Online,1,187.02,140.26,79.79
5173,2024-10-13,North,Apparel,Online,4,46.36,213.25,141.36
5174,2024-10-14,East,Apparel,In-Store,2,38.18,80.17,45.44
5175,2024-10-14,North,Beauty,Online,1,24.27,27.91,15.95
5176,2024-10-14,North,Apparel,In-Store,2,49.31,113.42,68.89
5177,2024-10-14,South,Home & Kitchen,Online,1,66.36,49.77,28.03
5178,2024-10-14,South,Apparel,In-Store,4,36.18,108.54,67.64
5179,2024-10-14,North,Electronics,In-Store,2,198.53,456.62,308.85
5180,2024-10-14,North,Beauty,Online,1,30.2,34.73,23.32
5181,2024-10-14,West,Home & Kitchen,Online,1,53.31,53.31,35.81
5182,2024-10-14,North,Apparel,Mobile App,2,33.58,77.23,47.84
5183,2024-10-14,South,Sports,Online,2,69.73,104.59,68.79
5184,2024-10-14,East,Electronics,In-Store,2,170.96,359.02,213.11
5185,2024-10-14,West,Sports,In-Store,4,47.23,188.92,104.51
5186,2024-10-14,North,Electronics,Online,3,149.84,516.96,301.12
5187,2024-10-14,North,Electronics,Online,4,169.79,781.05,523.34
5188,2024-10-14,South,Beauty,Online,1,29.76,22.32,13.32
5189,2024-10-15,South,Electronics,Online,2,191.95,287.92,178.45
5190,2024-10-15,North,Electronics,Online,4,184.85,850.32,473.44
5191,2024-10-15,South,Apparel,In-Store,1,42.9,32.17,20.81
5192,2024-10-15,West,Sports,In-Store,4,43.46,173.83,97.22
5193,2024-10-15,West,Beauty,Online,2,29.13,58.27,35.79
5194,2024-10-15,East,Sports,Mobile App,3,54.13,170.5,114.03
5195,2024-10-15,South,Apparel,Online,4,42.08,126.24,78.18
5196,2024-10-15,West,Beauty,Online,3,31.33,93.98,58.62
5197,2024-10-15,South,Beauty,Online,3,24.05,54.12,30.81
5198,2024-10-15,West,Electronics,Online,2,192.44,384.87,256.86
5199,2024-10-15,West,Home & Kitchen,In-Store,3,71.2,213.59,132.91
5200,2024-10-15,West,Apparel,Online,3,55.76,167.29,109.39
5201,2024-10-15,East,Electronics,In-Store,4,188.37,791.17,465.45
5202,2024-10-15,West,Apparel,Online,3,33.5,100.51,68.25
5203,2024-10-15,North,Apparel,In-Store,2,32.13,73.9,41.67
5204,2024-10-15,East,Apparel,Online,4,43.48,182.6,120.88
5205,2024-10-16,East,Sports,Online,4,64.11,269.26,172.86
5206,2024-10-16,West,Electronics,Online,3,193.77,581.31,359.02
5207,2024-10-16,North,Electronics,Online,1,153.3,176.29,110.91
5208,2024-10-16,North,Sports,Online,1,46.13,53.05,30.52
5209,2024-10-16,East,Home & Kitchen,Online,3,63.54,200.16,121.77
5210,2024-10-16,West,Electronics,Online,4,170.11,680.43,430.26
5211,2024-10-16,East,Home & Kitchen,Online,3,79.15,249.32,153.35
5212,2024-10-16,East,Sports,Online,2,46.37,97.38,64.04
5213,2024-10-16,North,Electronics,Online,3,199.49,688.23,456.81
5214,2024-10-16,East,Beauty,Mobile App,3,26.81,84.47,54.31
5215,2024-10-16,East,Electronics,Online,4,210.7,884.96,597.2
5216,2024-10-16,West,Home & Kitchen,In-Store,2,63.94,127.87,86.91
5217,2024-10-16,South,Electronics,Online,2,179.51,269.26,156.5
5218,2024-10-16,South,Beauty,Online,4,24.33,73.0,43.23
5219,2024-10-16,South,Sports,Mobile App,3,63.96,143.91,88.66
5220,2024-10-16,East,Beauty,Online,1,26.59,27.91,15.57
5221,2024-10-16,West,Beauty,In-Store,1,27.88,27.88,18.42
5222,2024-10-17,West,Apparel,Mobile App,3,45.35,136.04,78.56
5223,2024-10-17,South,Sports,Online,3,50.15,112.84,66.72
5224,2024-10-17,West,Electronics,In-Store,3,168.92,506.76,295.97
5225,2024-10-17,East,Electronics,Mobile App,4,186.36,782.73,458.79
5226,2024-10-17,South,Beauty,Online,2,23.08,34.63,22.23
5227,2024-10-17,North,Apparel,In-Store,2,49.59,114.06,73.15
5228,2024-10-17,North,Home & Kitchen,Online,1,66.15,76.07,48.71
5229,2024-10-17,West,Electronics,Online,1,222.13,222.13,148.17
5230,2024-10-17,South,Beauty,In-Store,3,26.3,59.18,36.57
5231,2024-10-17,North,Home & Kitchen,Mobile App,2,66.56,153.08,85.6
5232,2024-10-17,East,Home & Kitchen,Mobile App,3,85.34,268.83,179.09
5233,2024-10-17,West,Beauty,In-Store,2,30.64,61.28,38.68
5234,2024-10-17,North,Apparel,Online,4,53.21,244.78,135.82
5235,2024-10-17,West,Apparel,In-Store,4,45.8,183.2,113.89
5236,2024-10-17,South,Beauty,Mobile App,4,27.6,82.8,55.62
5237,2024-10-18,East,Beauty,Mobile App,1,30.51,32.04,21.77
5238,2024-10-18,North,Apparel,Online,1,49.38,56.79,31.3
5239,2024-10-18,East,Apparel,In-Store,2,45.06,94.63,52.64
5240,2024-10-18,South,Sports,Online,1,59.63,44.72,27.62
5241,2024-10-18,West,Apparel,In-Store,4,47.17,188.67,114.32
5242,2024-10-18,South,Beauty,Online,3,25.25,56.82,36.27
5243,2024-10-18,East,Beauty,Mobile App,4,20.13,84.54,50.57
5244,2024-10-18,West,Beauty,Online,1,27.06,27.06,17.82
5245,2024-10-18,North,Beauty,In-Store,4,23.71,109.07,71.63
5246,2024-10-18,West,Electronics,Mobile App,2,191.01,382.01,256.71
5247,2024-10-18,North,Beauty,Mobile App,1,24.9,28.63,17.85
5248,2024-10-18,South,Electronics,In-Store,3,191.99,431.99,237.99
5249,2024-10-18,South,Apparel,In-Store,1,51.21,38.41,22.83
5250,2024-10-19,North,Beauty,Mobile App,2,30.22,69.51,40.58
5251,2024-10-19,East,Home & Kitchen,Online,4,75.9,318.77,208.07
5252,2024-10-19,East,Electronics,Online,3,178.05,560.85,357.03
5253,2024-10-19,West,Home & Kitchen,In-Store,2,59.73,119.47,74.1
5254,2024-10-19,North,Home & Kitchen,Online,3,65.4,225.63,150.09
5255,2024-10-19,West,Beauty,Online,1,22.78,22.78,13.87
5256,2024-10-19,North,Apparel,Mobile App,4,50.22,231.01,128.97
5257,2024-10-19,East,Beauty,Online,3,27.28,85.92,56.14
5258,2024-10-20,South,Sports,In-Store,2,53.08,79.63,48.53
5259,2024-10-20,North,Beauty,Online,4,29.07,133.72,89.33
5260,2024-10-20,East,Electronics,Online,1,190.48,200.01,128.17
5261,2024-10-20,North,Apparel,Online,1,38.15,43.87,25.86
5262,2024-10-20,North,Beauty,Online,4,23.2,106.7,61.05
5263,2024-10-20,East,Home & Kitchen,In-Store,2,51.26,107.64,64.58
5264,2024-10-20,West,Apparel,In-Store,1,45.84,45.84,25.32
5265,2024-10-20,East,Apparel,Online,2,50.5,106.05,70.08
5266,2024-10-20,East,Beauty,Mobile App,3,22.73,71.61,42.07
5267,2024-10-20,North,Electronics,Online,1,212.87,244.8,158.2
5268,2024-10-20,North,Apparel,Online,4,49.18,226.22,129.08
5269,2024-10-20,South,Home & Kitchen,Mobile App,1,69.19,51.89,33.03
5270,2024-10-20,North,Sports,Online,3,43.77,151.0,101.2
5271,2024-10-20,North,Beauty,Mobile App,2,32.72,75.25,48.46
5272,2024-10-21,West,Sports,In-Store,2,55.22,110.43,66.23
5273,2024-10-21,West,Apparel,Online,2,33.86,67.72,38.69
5274,2024-10-21,East,Apparel,Mobile App,1,43.87,46.06,27.28
5275,2024-10-21,East,Home & Kitchen,Online,3,66.2,208.52,137.34
5276,2024-10-21,North,Beauty,Mobile App,4,31.37,144.3,81.51
5277,2024-10-21,East,Sports,Online,4,60.82,255.42,141.5
5278,2024-10-21,North,Electronics,Online,1,181.41,208.62,137.73
5279,2024-10-21,East,Apparel,Online,1,46.4,48.72,32.42
5280,2024-10-21,South,Electronics,Online,1,170.26,127.7,72.35
5281,2024-10-21,South,Home & Kitchen,Online,3,68.88,154.98,95.53
5282,2024-10-21,West,Beauty,Mobile App,2,28.87,57.73,36.56
5283,2024-10-21,East,Apparel,In-Store,2,40.98,86.05,57.14
5284,2024-10-21,North,Electronics,In-Store,4,155.52,715.39,423.23
5285,2024-10-21,East,Beauty,Mobile App,1,28.68,30.11,20.17
5286,2024-10-21,East,Electronics,Online,2,200.54,421.13,245.14
5287,2024-10-21,South,Home & Kitchen,Online,4,56.85,170.55,93.88
5288,2024-10-22,West,Home & Kitchen,In-Store,4,74.57,298.3,171.09
5289,2024-10-22,North,Home & Kitchen,Online,1,67.15,77.22,42.49
5290,2024-10-22,West,Electronics,In-Store,4,197.33,789.31,493.6
5291,2024-10-22,North,Apparel,Online,4,40.55,186.53,103.58
5292,2024-10-22,North,Home & Kitchen,Online,4,69.71,320.65,183.26
5293,2024-10-22,South,Apparel,Online,1,38.88,29.16,19.25
5294,2024-10-22,East,Home & Kitchen,Online,3,65.7,206.95,132.54
5295,2024-10-22,West,Home & Kitchen,Online,3,65.52,196.57,113.89
5296,2024-10-22,West,Beauty,Online,1,26.76,26.76,15.92
5297,2024-10-22,North,Beauty,Mobile App,4,30.79,141.62,87.68
5298,2024-10-22,South,Sports,Mobile App,4,64.75,194.24,121.26
5299,2024-10-22,East,Apparel,In-Store,1,49.36,51.83,30.19
5300,2024-10-22,East,Apparel,In-Store,1,45.74,48.03,26.47
5301,2024-10-22,West,Home & Kitchen,Online,1,69.7,69.7,44.22
5302,2024-10-23,West,Home & Kitchen,Online,3,57.86,173.59,104.02
5303,2024-10-23,South,Electronics,Mobile App,2,158.09,237.13,151.45
5304,2024-10-23,East,Beauty,In-Store,1,31.52,33.1,21.19
5305,2024-10-23,East,Electronics,Mobile App,4,194.51,816.95,464.84
5306,2024-10-23,South,Electronics,Mobile App,1,183.27,137.45,79.59
5307,2024-10-23,North,Sports,Mobile App,4,57.0,262.21,153.61
5308,2024-10-23,East,Home & Kitchen,Online,3,59.53,187.53,107.38
5309,2024-10-23,South,Sports,Online,3,51.39,115.62,69.39
5310,2024-10-23,North,Beauty,Online,3,27.53,94.98,53.85
5311,2024-10-23,North,Electronics,Mobile App,1,238.06,273.77,165.7
5312,2024-10-23,South,Apparel,Mobile App,2,52.18,78.28,52.14
5313,2024-10-23,West,Apparel,Online,3,61.33,183.98,106.51
5314,2024-10-23,North,Apparel,Mobile App,3,39.29,135.56,86.32
5315,2024-10-23,West,Beauty,Online,2,27.46,54.91,35.74
5316,2024-10-23,South,Sports,Mobile App,2,46.72,70.09,45.88
5317,2024-10-24,North,Home & Kitchen,Online,2,53.88,123.92,77.42
5318,2024-10-24,West,Apparel,In-Store,3,54.3,162.91,93.68
5319,2024-10-24,North,Electronics,In-Store,1,159.0,182.86,118.73
5320,2024-10-24,West,Beauty,In-Store,1,24.23,24.23,14.34
5321,2024-10-24,South,Electronics,In-Store,3,164.8,370.81,230.47
5322,2024-10-24,South,Home & Kitchen,Mobile App,4,57.22,171.65,95.45
5323,2024-10-24,East,Sports,Online,2,57.9,121.59,78.7
5324,2024-10-24,South,Electronics,In-Store,1,190.5,142.87,84.68
5325,2024-10-24,South,Electronics,Mobile App,2,164.74,247.11,167.09
5326,2024-10-24,North,Apparel,In-Store,4,43.03,197.92,131.4
5327,2024-10-24,South,Beauty,Online,2,31.32,46.98,30.36
5328,2024-10-24,South,Electronics,Online,1,172.98,129.74,74.04
5329,2024-10-24,North,Electronics,Online,2,175.06,402.64,235.17
5330,2024-10-24,North,Home & Kitchen,Online,2,67.4,155.03,105.23
5331,2024-10-25,South,Sports,Mobile App,3,54.05,121.61,75.97
5332,2024-10-25,West,Sports,In-Store,2,51.57,103.14,62.71
5333,2024-10-25,North,Sports,Online,2,35.28,81.14,46.05
5334,2024-10-25,East,Electronics,Online,2,176.45,370.54,242.42
5335,2024-10-25,North,Apparel,In-Store,4,48.98,225.3,151.27
5336,2024-10-25,West,Beauty,Mobile App,3,22.18,66.55,39.65
5337,2024-10-25,East,Electronics,Online,3,135.18,425.81,236.7
5338,2024-10-25,East,Sports,In-Store,3,54.16,170.62,109.44
5339,2024-10-25,West,Sports,Mobile App,2,57.58,115.15,70.77
5340,2024-10-25,East,Sports,In-Store,1,58.31,61.23,37.02
5341,2024-10-25,South,Home & Kitchen,Online,4,83.91,251.73,140.83
5342,2024-10-25,North,Apparel,Online,1,49.0,56.35,34.77
5343,2024-10-25,East,Beauty,Mobile App,3,27.84,87.68,50.93
5344,2024-10-26,East,Electronics,Online,4,206.41,866.91,579.77
5345,2024-10-26,South,Apparel,In-Store,1,46.49,34.87,19.39
5346,2024-10-26,East,Home & Kitchen,Online,2,61.72,129.61,76.63
5347,2024-10-26,South,Electronics,Mobile App,3,171.26,385.33,219.93
5348,2024-10-26,South,Beauty,In-Store,1,24.87,18.65,11.9
5349,2024-10-26,West,Apparel,In-Store,4,44.07,176.29,100.68
5350,2024-10-26,West,Apparel,Online,2,54.6,109.21,71.04
5351,2024-10-26,South,Electronics,In-Store,4,165.57,496.72,277.44
5352,2024-10-26,South,Home & Kitchen,Online,4,74.41,223.22,134.08
5353,2024-10-26,North,Home & Kitchen,In-Store,4,74.26,341.6,210.05
5354,2024-10-26,East,Sports,In-Store,1,57.06,59.91,35.67
5355,2024-10-26,East,Apparel,Online,4,44.13,185.33,123.16
5356,2024-10-26,South,Sports,In-Store,3,69.96,157.4,101.43
5357,2024-10-27,East,Beauty,In-Store,3,32.89,103.6,64.18
5358,2024-10-27,South,Beauty,In-Store,1,32.41,24.3,15.12
5359,2024-10-27,East,Apparel,In-Store,3,40.98,129.07,84.55
5360,2024-10-27,East,Home & Kitchen,Online,4,61.91,260.02,170.56
5361,2024-10-27,East,Beauty,In-Store,2,27.71,58.18,39.32
5362,2024-10-27,East,Electronics,Online,4,203.11,853.08,549.87
5363,2024-10-27,North,Apparel,Online,4,39.03,179.55,102.97
5364,2024-10-27,East,Beauty,Mobile App,3,26.34,82.96,55.23
5365,2024-10-27,North,Apparel,Online,4,50.76,233.51,139.27
5366,2024-10-27,North,Electronics,In-Store,4,189.83,873.23,509.6
5367,2024-10-27,North,Home & Kitchen,Mobile App,2,67.88,156.13,94.55
5368,2024-10-27,West,Home & Kitchen,Online,2,68.77,137.54,83.93
5369,2024-10-27,East,Apparel,In-Store,4,40.7,170.92,112.37
5370,2024-10-27,West,Apparel,In-Store,2,48.01,96.03,59.3
5371,2024-10-27,West,Electronics,Online,3,185.81,557.44,364.26
5372,2024-10-28,East,Sports,Online,4,53.57,225.0,137.4
5373,2024-10-28,East,Electronics,In-Store,3,224.55,707.34,406.37
5374,2024-10-28,North,Apparel,In-Store,4,42.95,197.57,111.98
5375,2024-10-28,East,Sports,Online,3,47.98,151.14,98.68
5376,2024-10-28,West,Electronics,In-Store,4,172.08,688.3,385.85
5377,2024-10-28,West,Beauty,Online,3,34.34,103.03,62.79
5378,2024-10-28,West,Apparel,In-Store,2,53.4,106.8,65.51
5379,2024-10-28,West,Beauty,Online,4,29.89,119.58,69.76
5380,2024-10-28,West,Beauty,Online,4,27.21,108.84,61.26
5381,2024-10-28,West,Electronics,In-Store,1,158.4,158.4,103.72
5382,2024-10-28,West,Sports,Online,4,45.41,181.64,115.95
5383,2024-10-29,North,Electronics,Online,2,203.05,467.02,259.28
5384,2024-10-29,North,Apparel,Online,1,38.88,44.71,28.2
5385,2024-10-29,South,Beauty,Online,2,23.88,35.83,20.66
5386,2024-10-29,East,Sports,Online,4,55.19,231.81,140.09
5387,2024-10-29,North,Beauty,In-Store,2,30.32,69.73,46.51
5388,2024-10-29,West,Apparel,Online,3,49.76,149.28,87.4
5389,2024-10-29,East,Apparel,Online,2,47.71,100.19,59.66
5390,2024-10-29,West,Beauty,In-Store,1,27.6,27.6,15.42
5391,2024-10-29,South,Electronics,Online,2,167.19,250.78,164.35
5392,2024-10-29,West,Apparel,In-Store,2,43.7,87.39,58.69
5393,2024-10-29,North,Beauty,Online,3,29.15,100.56,63.87
5394,2024-10-29,South,Home & Kitchen,In-Store,3,74.07,166.66,98.21
5395,2024-10-29,North,Sports,Online,3,46.39,160.05,105.67
5396,2024-10-29,West,Sports,Online,3,62.41,187.24,122.72
5397,2024-10-29,West,Electronics,In-Store,2,188.75,377.5,243.55
5398,2024-10-30,East,Electronics,Mobile App,4,203.97,856.69,501.38
5399,2024-10-30,North,Apparel,In-Store,3,49.8,171.81,114.5
5400,2024-10-30,South,Home & Kitchen,Online,3,72.28,162.62,94.41
5401,2024-10-30,East,Beauty,Online,1,26.22,27.53,18.66
5402,2024-10-30,East,Home & Kitchen,Online,3,62.57,197.11,123.09
5403,2024-10-30,North,Electronics,Online,4,164.51,756.76,484.48
5404,2024-10-30,West,Electronics,Mobile App,3,160.71,482.13,281.23
5405,2024-10-30,North,Beauty,Online,1,24.26,27.89,18.1
5406,2024-10-30,South,Beauty,Online,4,29.18,87.55,53.13
5407,2024-10-30,North,Home & Kitchen,In-Store,3,52.7,181.8,120.35
5408,2024-10-30,East,Beauty,In-Store,1,26.27,27.59,15.28
5409,2024-10-31,North,Apparel,Online,3,40.62,140.13,86.63
5410,2024-10-31,East,Beauty,In-Store,2,25.92,54.43,32.64
5411,2024-10-31,North,Apparel,Online,4,46.77,215.12,141.1
5412,2024-10-31,West,Apparel,In-Store,3,43.38,130.15,81.6
5413,2024-10-31,East,Electronics,Online,1,165.73,174.01,109.86
5414,2024-10-31,West,Electronics,In-Store,1,178.0,178.0,100.34
5415,2024-10-31,North,Electronics,Online,2,227.11,522.35,303.04
5416,2024-10-31,West,Apparel,Online,3,43.05,129.15,74.73
5417,2024-10-31,West,Apparel,Mobile App,2,42.79,85.58,52.61
5418,2024-10-31,North,Electronics,Online,3,150.65,519.73,311.58
5419,2024-10-31,East,Beauty,In-Store,1,29.35,30.81,18.71
5420,2024-10-31,South,Home & Kitchen,In-Store,4,66.15,198.46,115.72
5421,2024-10-31,North,Apparel,Online,3,48.93,168.8,112.35
5422,2024-10-31,East,Home & Kitchen,In-Store,4,66.77,280.42,186.46
5423,2024-11-01,East,Electronics,Online,4,204.36,858.29,505.42
5424,2024-11-01,East,Beauty,Online,1,27.98,29.37,16.63
5425,2024-11-01,West,Apparel,In-Store,4,47.61,190.44,119.15
5426,2024-11-01,North,Beauty,Online,2,26.07,59.97,37.88
5427,2024-11-01,East,Electronics,Online,4,179.08,752.12,442.77
5428,2024-11-01,West,Apparel,Online,3,48.06,144.19,86.17
5429,2024-11-01,East,Home & Kitchen,Mobile App,3,69.28,218.23,138.65
5430,2024-11-01,South,Home & Kitchen,Online,3,57.07,128.41,80.13
5431,2024-11-01,South,Apparel,Online,4,40.34,121.02,81.36
5432,2024-11-01,West,Apparel,In-Store,1,45.37,45.37,29.76
5433,2024-11-01,East,Electronics,Online,2,233.79,490.96,280.54
5434,2024-11-01,East,Beauty,Online,4,28.93,121.53,79.1
5435,2024-11-01,South,Home & Kitchen,Online,2,49.97,74.96,44.46
5436,2024-11-01,North,Electronics,Online,1,192.67,221.56,144.25
5437,2024-11-01,North,Sports,Mobile App,2,48.85,112.35,67.21
5438,2024-11-01,West,Home & Kitchen,In-Store,3,66.26,198.79,110.27
5439,2024-11-01,East,Apparel,Online,4,41.64,174.89,100.55
5440,2024-11-01,North,Electronics,Online,1,159.08,182.94,115.8
5441,2024-11-01,East,Beauty,In-Store,3,25.13,79.15,47.67
5442,2024-11-01,West,Electronics,In-Store,4,159.3,637.19,409.01
5443,2024-11-01,East,Home & Kitchen,Online,2,69.25,145.42,97.47
5444,2024-11-02,West,Electronics,Online,2,200.52,401.03,229.76
5445,2024-11-02,East,Electronics,Online,1,194.66,204.39,115.68
5446,2024-11-02,East,Home & Kitchen,Online,1,71.4,74.97,50.7
5447,2024-11-02,East,Electronics,In-Store,3,189.75,597.71,330.15
5448,2024-11-02,North,Apparel,Online,3,33.87,116.84,75.43
5449,2024-11-02,West,Beauty,In-Store,3,25.47,76.41,47.73
5450,2024-11-02,South,Beauty,Online,3,24.64,55.45,33.16
5451,2024-11-02,South,Home & Kitchen,Online,2,49.83,74.75,48.65
5452,2024-11-02,North,Home & Kitchen,Online,1,70.25,80.78,52.59
5453,2024-11-02,East,Apparel,Online,4,51.16,214.89,130.81
5454,2024-11-02,North,Apparel,Online,4,41.56,191.16,108.72
5455,2024-11-02,West,Home & Kitchen,Online,3,74.62,223.86,147.35
5456,2024-11-02,South,Electronics,Online,2,199.23,298.85,193.27
5457,2024-11-02,East,Beauty,In-Store,3,31.12,98.02,63.02
5458,2024-11-02,West,Electronics,Online,1,192.96,192.96,115.96
5459,2024-11-02,South,Home & Kitchen,In-Store,3,58.37,131.33,81.38
5460,2024-11-02,North,Sports,Online,3,56.62,195.35,128.61
5461,2024-11-02,East,Sports,In-Store,1,60.99,64.04,37.55
5462,2024-11-02,West,Electronics,Online,1,177.67,177.67,105.19
5463,2024-11-02,South,Sports,Online,2,48.57,72.86,48.26
5464,2024-11-02,East,Apparel,Mobile App,4,59.48,249.83,143.47
5465,2024-11-03,South,Apparel,Mobile App,4,45.35,136.05,80.11
5466,2024-11-03,East,Beauty,Online,3,22.25,70.07,43.39
5467,2024-11-03,East,Home & Kitchen,Online,4,69.16,290.49,181.84
5468,2024-11-03,East,Home & Kitchen,In-Store,2,66.2,139.03,81.15
5469,2024-11-03,North,Electronics,Online,3,158.21,545.83,338.15
5470,2024-11-03,North,Sports,Mobile App,2,64.52,148.39,100.08
5471,2024-11-03,East,Sports,In-Store,1,58.95,61.9,35.16
5472,2024-11-03,North,Apparel,Mobile App,2,48.04,110.48,70.29
5473,2024-11-03,East,Electronics,Online,3,166.52,524.53,323.25
5474,2024-11-03,West,Apparel,In-Store,2,45.99,91.98,51.11
5475,2024-11-03,North,Electronics,Mobile App,2,180.57,415.31,249.88
5476,2024-11-03,South,Sports,Mobile App,4,56.91,170.72,115.19
5477,2024-11-03,East,Home & Kitchen,Online,2,69.97,146.95,87.36
5478,2024-11-03,East,Electronics,In-Store,1,225.92,237.21,146.73
5479,2024-11-03,South,Beauty,Mobile App,2,23.41,35.12,21.61
5480,2024-11-03,North,Electronics,In-Store,4,203.9,937.92,625.08
5481,2024-11-03,East,Beauty,Mobile App,3,20.64,65.02,41.98
5482,2024-11-03,South,Apparel,Online,2,47.82,71.72,41.31
5483,2024-11-03,West,Apparel,Online,3,40.39,121.16,79.03
5484,2024-11-03,South,Beauty,Mobile App,4,34.24,102.72,56.89
5485,2024-11-03,West,Electronics,In-Store,4,218.29,873.15,528.15
5486,2024-11-03,East,Electronics,Online,2,154.64,324.75,213.53
5487,2024-11-03,East,Electronics,In-Store,3,160.72,506.26,314.64
5488,2024-11-04,North,Beauty,Online,4,27.41,126.08,75.64
5489,2024-11-04,South,Beauty,Online,3,26.3,59.19,36.87
5490,2024-11-04,North,Apparel,Mobile App,1,42.71,49.12,32.02
5491,2024-11-04,South,Electronics,Online,2,204.32,306.48,173.42
5492,2024-11-04,East,Home & Kitchen,Online,1,65.88,69.17,42.83
5493,2024-11-04,North,Apparel,In-Store,4,46.54,214.11,136.6
5494,2024-11-04,East,Home & Kitchen,Online,2,68.9,144.69,96.37
5495,2024-11-04,North,Beauty,In-Store,4,23.62,108.63,65.23
5496,2024-11-04,East,Beauty,Online,4,22.91,96.24,62.9
5497,2024-11-04,East,Apparel,Online,4,44.6,187.32,124.82
5498,2024-11-04,East,Beauty,Mobile App,4,30.54,128.26,82.67
5499,2024-11-04,East,Apparel,Online,3,45.19,142.35,82.61
5500,2024-11-04,East,Apparel,Mobile App,1,49.66,52.14,34.74
5501,2024-11-04,South,Electronics,Mobile App,1,163.39,122.54,82.15
5502,2024-11-04,North,Beauty,Mobile App,2,28.38,65.27,40.47
5503,2024-11-04,West,Apparel,Online,1,49.91,49.91,27.62
5504,2024-11-04,South,Electronics,In-Store,3,180.13,405.3,266.22
5505,2024-11-04,West,Apparel,In-Store,1,34.96,34.96,22.03
5506,2024-11-04,West,Sports,Online,2,50.06,100.12,66.26
5507,2024-11-04,North,Home & Kitchen,Online,3,79.0,272.56,174.19
5508,2024-11-04,North,Electronics,Online,3,187.09,645.46,363.01
5509,2024-11-04,East,Beauty,Mobile App,3,26.21,82.56,47.48
5510,2024-11-04,East,Apparel,In-Store,1,53.33,56.0,34.04
5511,2024-11-05,East,Apparel,Mobile App,2,48.29,101.41,57.28
5512,2024-11-05,South,Beauty,In-Store,2,28.6,42.9,25.34
5513,2024-11-05,East,Sports,In-Store,1,53.25,55.91,36.42
5514,2024-11-05,South,Home & Kitchen,In-Store,4,60.34,181.03,109.8
5515,2024-11-05,West,Electronics,Mobile App,2,178.68,357.36,204.97
5516,2024-11-05,West,Apparel,Online,1,46.35,46.35,31.24
5517,2024-11-05,East,Apparel,In-Store,1,47.71,50.09,30.12
5518,2024-11-05,North,Electronics,Online,3,173.71,599.3,386.61
5519,2024-11-05,East,Apparel,Online,1,46.12,48.42,29.41
5520,2024-11-05,West,Beauty,Online,4,34.11,136.43,85.19
5521,2024-11-05,East,Home & Kitchen,In-Store,1,57.68,60.57,35.99
5522,2024-11-05,West,Beauty,Mobile App,4,20.22,80.88,53.3
5523,2024-11-05,South,Apparel,Mobile App,1,47.19,35.39,20.17
5524,2024-11-05,West,Home & Kitchen,Mobile App,4,60.01,240.03,147.25
5525,2024-11-05,West,Beauty,Online,2,31.73,63.46,36.64
5526,2024-11-05,East,Sports,In-Store,1,48.5,50.93,29.07
5527,2024-11-05,South,Apparel,Mobile App,3,54.22,122.0,73.0
5528,2024-11-05,South,Electronics,In-Store,1,166.72,125.04,73.61
5529,2024-11-05,North,Apparel,Mobile App,1,48.77,56.09,31.76
5530,2024-11-05,South,Electronics,Online,2,187.22,280.82,181.98
5531,2024-11-05,North,Electronics,Online,3,183.96,634.67,423.54
5532,2024-11-05,North,Apparel,In-Store,4,41.3,190.0,128.67
5533,2024-11-05,West,Home & Kitchen,In-Store,3,61.66,184.97,118.19
5534,2024-11-05,South,Beauty,In-Store,1,31.22,23.41,15.88
5535,2024-11-05,North,Apparel,Online,4,48.07,221.13,140.67
5536,2024-11-05,East,Home & Kitchen,Online,2,70.02,147.04,94.2
5537,2024-11-06,North,Beauty,In-Store,3,31.32,108.06,72.16
5538,2024-11-06,South,Beauty,Online,3,25.33,56.99,31.36
5539,2024-11-06,North,Beauty,Mobile App,4,33.85,155.73,102.27
5540,2024-11-06,South,Sports,Online,3,50.47,113.55,62.48
5541,2024-11-06,West,Beauty,Mobile App,2,21.5,42.99,24.64
5542,2024-11-06,North,Beauty,Online,1,31.74,36.5,22.4
5543,2024-11-06,West,Beauty,Mobile App,3,25.46,76.37,51.08
5544,2024-11-06,South,Beauty,In-Store,1,34.63,25.97,16.62
5545,2024-11-06,West,Home & Kitchen,Online,2,68.76,137.52,85.44
5546,2024-11-06,East,Sports,Mobile App,3,48.71,153.44,103.94
5547,2024-11-06,South,Electronics,In-Store,2,196.59,294.88,193.07
5548,2024-11-06,East,Apparel,Online,4,51.65,216.92,133.5
5549,2024-11-06,West,Home & Kitchen,In-Store,1,55.25,55.25,34.72
5550,2024-11-06,West,Apparel,Online,2,41.12,82.25,52.6
5551,2024-11-06,West,Beauty,Online,3,31.52,94.56,60.27
5552,2024-11-06,South,Apparel,Mobile App,1,43.78,32.83,20.55
5553,2024-11-06,North,Electronics,In-Store,4,175.32,806.47,470.04
5554,2024-11-06,South,Beauty,In-Store,3,28.51,64.14,40.23
5555,2024-11-06,North,Home & Kitchen,Online,3,75.67,261.07,154.51
5556,2024-11-06,North,Home & Kitchen,Online,2,59.83,137.61,79.05
5557,2024-11-06,East,Apparel,Online,3,42.24,133.06,85.89
5558,2024-11-06,North,Electronics,Mobile App,1,169.85,195.33,120.52
5559,2024-11-06,North,Electronics,Online,3,174.99,603.7,356.3
5560,2024-11-06,East,Apparel,Mobile App,4,31.87,133.86,73.93
5561,2024-11-06,North,Electronics,Online,3,194.33,670.43,376.44
5562,2024-11-07,North,Electronics,Online,1,170.29,195.84,124.24
5563,2024-11-07,South,Sports,Online,1,53.31,39.98,22.64
5564,2024-11-07,West,Apparel,In-Store,2,43.42,86.84,53.71
5565,2024-11-07,West,Electronics,Mobile App,3,159.28,477.85,311.2
5566,2024-11-07,North,Sports,Online,3,49.23,169.84,104.38
5567,2024-11-07,South,Sports,In-Store,4,51.11,153.34,95.51
5568,2024-11-07,West,Sports,Online,1,55.3,55.3,32.06
5569,2024-11-07,West,Beauty,Online,2,27.24,54.48,30.81
5570,2024-11-07,South,Sports,In-Store,1,53.78,40.33,25.24
5571,2024-11-07,South,Electronics,Online,2,136.91,205.36,138.25
5572,2024-11-07,East,Apparel,Online,3,51.39,161.89,103.29
5573,2024-11-07,North,Apparel,In-Store,1,36.6,42.09,23.67
5574,2024-11-07,West,Home & Kitchen,Online,4,50.15,200.58,127.45
5575,2024-11-07,South,Apparel,Online,4,41.07,123.21,69.71
5576,2024-11-07,South,Home & Kitchen,In-Store,4,69.91,209.73,132.27
5577,2024-11-07,North,Sports,Mobile App,1,55.03,63.28,36.81
5578,2024-11-07,North,Electronics,Online,3,163.83,565.21,349.55
5579,2024-11-07,East,Apparel,Online,3,55.1,173.56,98.23
5580,2024-11-07,South,Home & Kitchen,Online,3,63.11,142.01,95.05
5581,2024-11-07,North,Home & Kitchen,Online,3,62.04,214.05,127.3
5582,2024-11-07,North,Apparel,Online,4,51.93,238.89,156.3
5583,2024-11-08,South,Apparel,In-Store,1,41.74,31.3,18.51
5584,2024-11-08,East,Home & Kitchen,Online,1,45.52,47.8,27.94
5585,2024-11-08,West,Beauty,In-Store,4,28.94,115.77,65.19
5586,2024-11-08,South,Beauty,Online,1,32.38,24.29,15.76
5587,2024-11-08,East,Electronics,Online,1,174.52,183.25,106.94
5588,2024-11-08,East,Beauty,Online,2,21.83,45.85,25.38
5589,2024-11-08,East,Sports,Online,4,47.8,200.76,122.05
5590,2024-11-08,East,Home & Kitchen,In-Store,1,67.73,71.12,40.07
5591,2024-11-08,East,Electronics,In-Store,2,165.65,347.86,218.46
5592,2024-11-08,South,Electronics,Mobile App,3,165.56,372.5,226.15
5593,2024-11-08,West,Home & Kitchen,In-Store,3,71.4,214.21,143.86
5594,2024-11-08,North,Apparel,Online,2,42.81,98.46,56.78
5595,2024-11-08,West,Home & Kitchen,Online,4,86.11,344.43,229.19
5596,2024-11-08,North,Sports,Online,4,64.04,294.56,171.3
5597,2024-11-08,North,Electronics,Online,4,176.91,813.8,503.75
5598,2024-11-08,East,Sports,In-Store,3,55.88,176.01,99.29
5599,2024-11-08,West,Electronics,Online,1,201.54,201.54,136.06
5600,2024-11-08,West,Home & Kitchen,Online,4,68.95,275.79,178.07
5601,2024-11-08,East,Sports,Online,4,54.19,227.6,150.87
5602,2024-11-08,North,Apparel,Mobile App,4,50.95,234.35,158.66
5603,2024-11-08,South,Apparel,Online,2,38.74,58.11,36.31
5604,2024-11-08,East,Home & Kitchen,Online,3,59.28,186.74,114.39
5605,2024-11-08,East,Apparel,Mobile App,1,43.33,45.5,25.05
5606,2024-11-08,East,Apparel,Mobile App,2,44.26,92.95,57.24
5607,2024-11-09,West,Beauty,Online,4,30.96,123.84,81.57
5608,2024-11-09,East,Apparel,Online,4,38.97,163.68,95.55
5609,2024-11-09,North,Home & Kitchen,Mobile App,1,67.59,77.73,48.12
5610,2024-11-09,South,Beauty,Mobile App,3,28.96,65.16,43.15
5611,2024-11-09,West,Home & Kitchen,Online,1,62.67,62.67,41.62
5612,2024-11-09,West,Electronics,Online,4,176.12,704.49,466.55
5613,2024-11-09,East,Electronics,In-Store,3,198.7,625.91,425.13
5614,2024-11-09,East,Apparel,Online,4,44.03,184.92,105.33
5615,2024-11-09,East,Home & Kitchen,Mobile App,2,74.24,155.9,105.7
5616,2024-11-09,West,Home & Kitchen,Online,2,62.93,125.87,78.44
5617,2024-11-09,South,Apparel,Online,1,47.66,35.75,21.79
5618,2024-11-09,South,Beauty,Online,3,26.25,59.07,36.25
5619,2024-11-09,North,Home & Kitchen,In-Store,2,85.28,196.14,124.14
5620,2024-11-09,North,Sports,In-Store,1,53.06,61.02,34.35
5621,2024-11-09,North,Beauty,In-Store,4,27.21,125.16,79.24
5622,2024-11-09,East,Sports,In-Store,3,47.37,149.23,85.24
5623,2024-11-09,North,Electronics,In-Store,4,217.14,998.86,599.15
5624,2024-11-09,South,Electronics,In-Store,2,204.29,306.44,198.89
5625,2024-11-09,West,Home & Kitchen,Mobile App,2,68.74,137.49,92.73
5626,2024-11-09,East,Sports,Online,3,62.57,197.1,128.49
5627,2024-11-09,East,Beauty,In-Store,4,25.82,108.43,64.74
5628,2024-11-09,South,Home & Kitchen,Online,1,73.84,55.38,32.53
5629,2024-11-09,West,Electronics,Mobile App,3,177.81,533.43,300.71
5630,2024-11-09,West,Electronics,In-Store,3,181.43,544.3,325.94
5631,2024-11-09,North,Beauty,In-Store,4,28.97,133.26,84.63
5632,2024-11-09,South,Home & Kitchen,In-Store,4,63.14,189.42,111.5
5633,2024-11-10,North,Home & Kitchen,Online,3,68.23,235.39,144.89
5634,2024-11-10,North,Apparel,Online,1,49.55,56.98,35.51
5635,2024-11-10,West,Beauty,Mobile App,2,21.44,42.88,25.12
5636,2024-11-10,North,Electronics,Online,4,196.47,903.77,547.27
5637,2024-11-10,South,Electronics,Mobile App,3,170.22,382.99,248.88
5638,2024-11-10,South,Sports,Mobile App,1,46.24,34.68,19.81
5639,2024-11-10,East,Sports,In-Store,3,58.5,184.29,120.38
5640,2024-11-10,East,Sports,Online,1,64.94,68.19,44.63
5641,2024-11-10,East,Sports,In-Store,4,51.15,214.82,139.16
5642,2024-11-10,South,Electronics,Online,4,154.23,462.68,290.88
5643,2024-11-10,North,Sports,Online,1,49.61,57.05,35.32
5644,2024-11-10,West,Home & Kitchen,Online,4,63.61,254.45,163.71
5645,2024-11-10,East,Apparel,Online,3,47.86,150.76,101.88
5646,2024-11-10,East,Electronics,In-Store,1,161.68,169.77,102.51
5647,2024-11-10,West,Sports,In-Store,2,54.12,108.25,68.06
5648,2024-11-10,North,Apparel,In-Store,1,45.81,52.68,32.52
5649,2024-11-10,East,Apparel,In-Store,4,47.53,199.61,121.86
5650,2024-11-10,South,Electronics,Online,2,165.48,248.21,137.38
5651,2024-11-10,West,Apparel,Mobile App,1,48.27,48.27,29.42
5652,2024-11-10,North,Home & Kitchen,Online,3,69.11,238.42,148.48
5653,2024-11-10,North,Electronics,Mobile App,2,140.64,323.48,179.35
5654,2024-11-11,North,Sports,In-Store,3,49.4,170.43,97.56
5655,2024-11-11,North,Apparel,Mobile App,1,44.65,51.35,31.83
5656,2024-11-11,South,Home & Kitchen,In-Store,1,65.84,49.38,32.83
5657,2024-11-11,South,Beauty,Online,1,25.53,19.15,10.53
5658,2024-11-11,West,Beauty,Mobile App,1,31.16,31.16,21.07
5659,2024-11-11,East,Beauty,Online,2,29.97,62.94,38.29
5660,2024-11-11,East,Electronics,Mobile App,2,190.3,399.63,225.73
5661,2024-11-11,East,Apparel,Online,3,46.57,146.68,90.88
5662,2024-11-11,North,Beauty,Online,4,27.15,124.91,79.16
5663,2024-11-11,South,Apparel,In-Store,2,44.27,66.4,44.9
5664,2024-11-11,West,Beauty,In-Store,4,27.27,109.07,72.9
5665,2024-11-11,West,Electronics,Online,2,171.54,343.07,231.04
5666,2024-11-11,North,Electronics,Online,1,200.52,230.6,129.06
5667,2024-11-11,South,Electronics,Mobile App,2,195.4,293.1,168.67
5668,2024-11-11,South,Electronics,In-Store,4,173.21,519.63,309.96
5669,2024-11-11,South,Electronics,Online,1,180.35,135.26,86.08
5670,2024-11-11,East,Home & Kitchen,Online,2,74.15,155.71,101.86
5671,2024-11-11,West,Sports,Online,2,68.9,137.81,89.12
5672,2024-11-11,South,Home & Kitchen,Mobile App,2,55.27,82.9,50.05
5673,2024-11-11,West,Sports,Mobile App,1,48.31,48.31,29.93
5674,2024-11-12,North,Beauty,Online,4,24.9,114.55,73.19
5675,2024-11-12,East,Electronics,Online,4,159.54,670.05,427.67
5676,2024-11-12,East,Beauty,Online,1,28.31,29.72,19.34
5677,2024-11-12,West,Electronics,Online,3,202.13,606.39,376.78
5678,2024-11-12,West,Home & Kitchen,Mobile App,2,73.61,147.22,91.73
5679,2024-11-12,North,Electronics,In-Store,2,183.26,421.49,256.16
5680,2024-11-12,North,Apparel,Online,3,46.36,159.93,96.91
5681,2024-11-12,South,Apparel,Online,2,54.6,81.9,48.71
5682,2024-11-12,South,Electronics,In-Store,1,179.97,134.98,85.24
5683,2024-11-12,North,Apparel,Online,1,33.28,38.27,23.05
5684,2024-11-12,East,Electronics,Online,2,161.44,339.03,187.64
5685,2024-11-12,North,Home & Kitchen,Online,2,65.87,151.49,88.13
5686,2024-11-12,West,Apparel,In-Store,1,44.39,44.39,28.77
5687,2024-11-12,East,Apparel,In-Store,2,48.44,101.72,64.29
5688,2024-11-12,West,Apparel,In-Store,4,41.32,165.27,99.08
5689,2024-11-12,North,Electronics,Mobile App,4,171.44,788.64,448.26
5690,2024-11-12,East,Electronics,Mobile App,2,188.64,396.15,238.0
5691,2024-11-12,West,Sports,In-Store,4,51.33,205.32,124.33
5692,2024-11-12,North,Apparel,Mobile App,1,44.04,50.65,28.95
5693,2024-11-12,West,Sports,Online,1,64.12,64.12,43.03
5694,2024-11-12,West,Sports,Online,3,53.33,160.0,92.85
5695,2024-11-12,North,Electronics,Mobile App,4,212.75,978.64,567.69
5696,2024-11-12,East,Home & Kitchen,In-Store,4,65.08,273.35,183.35
5697,2024-11-12,East,Apparel,In-Store,2,48.66,102.19,59.31
5698,2024-11-12,North,Apparel,Online,2,44.66,102.72,62.26
5699,2024-11-12,West,Apparel,Online,1,52.11,52.11,31.86
5700,2024-11-12,West,Apparel,Online,4,46.67,186.66,119.43
5701,2024-11-13,East,Beauty,Online,3,23.96,75.47,46.42
5702,2024-11-13,West,Apparel,Online,4,46.77,187.08,118.22
5703,2024-11-13,East,Sports,Online,1,57.57,60.45,38.47
5704,2024-11-13,West,Apparel,In-Store,3,44.96,134.89,82.02
5705,2024-11-13,West,Sports,Online,1,62.35,62.35,35.23
5706,2024-11-13,West,Beauty,Mobile App,4,28.79,115.17,76.89
5707,2024-11-13,West,Home & Kitchen,Online,4,61.02,244.07,151.58
5708,2024-11-13,East,Electronics,In-Store,2,173.34,364.0,246.88
5709,2024-11-13,North,Electronics,Mobile App,1,169.66,195.11,129.29
5710,2024-11-13,South,Electronics,Mobile App,4,168.96,506.87,285.3
5711,2024-11-13,East,Beauty,Online,1,27.89,29.28,18.58
5712,2024-11-13,North,Home & Kitchen,Online,1,69.71,80.17,50.58
5713,2024-11-13,North,Sports,Online,4,52.8,242.88,159.0
5714,2024-11-13,East,Home & Kitchen,In-Store,3,77.2,243.19,152.29
5715,2024-11-13,South,Home & Kitchen,In-Store,2,53.86,80.79,45.95
5716,2024-11-13,East,Beauty,Online,3,26.42,83.22,50.16
5717,2024-11-13,East,Electronics,Mobile App,1,193.37,203.04,127.26
5718,2024-11-13,West,Beauty,Online,2,21.85,43.69,24.45
5719,2024-11-13,East,Sports,Mobile App,2,49.12,103.15,61.21
5720,2024-11-13,West,Sports,Online,1,53.31,53.31,35.44
5721,2024-11-13,North,Sports,Online,2,52.28,120.24,66.14
5722,2024-11-13,East,Apparel,Online,1,42.12,44.22,29.6
5723,2024-11-13,West,Home & Kitchen,Online,2,71.33,142.67,86.41
5724,2024-11-13,South,Beauty,Online,3,26.05,58.61,35.91
5725,2024-11-13,East,Electronics,Online,2,198.33,416.49,276.59
5726,2024-11-13,East,Home & Kitchen,Online,4,82.2,345.22,206.46
5727,2024-11-14,East,Apparel,Online,1,48.43,50.85,31.87
5728,2024-11-14,East,Apparel,Online,3,57.49,181.09,114.25
5729,2024-11-14,West,Apparel,Online,4,27.12,108.49,73.32
5730,2024-11-14,West,Electronics,In-Store,1,186.03,186.03,115.72
5731,2024-11-14,West,Sports,Online,1,46.48,46.48,26.84
5732,2024-11-14,North,Electronics,Online,1,174.86,201.09,124.01
5733,2024-11-14,North,Electronics,Mobile App,4,168.65,775.81,441.33
5734,2024-11-14,East,Electronics,Online,2,196.33,412.3,278.39
5735,2024-11-14,North,Electronics,Online,4,182.63,840.08,537.07
5736,2024-11-14,South,Apparel,Online,2,52.6,78.9,47.12
5737,2024-11-14,West,Beauty,Mobile App,3,30.11,90.34,50.04
5738,2024-11-14,East,Sports,Online,3,50.18,158.06,103.4
5739,2024-11-14,East,Apparel,Online,4,48.91,205.41,132.54
5740,2024-11-14,East,Electronics,Online,4,168.41,707.31,442.33
5741,2024-11-14,North,Home & Kitchen,Mobile App,2,74.87,172.2,95.66
5742,2024-11-14,South,Beauty,In-Store,2,20.95,31.42,18.58
5743,2024-11-14,East,Sports,Mobile App,2,49.97,104.93,69.47
5744,2024-11-14,North,Electronics,In-Store,3,218.1,752.44,430.15
5745,2024-11-14,East,Electronics,Online,4,134.23,563.77,369.89
5746,2024-11-14,West,Beauty,In-Store,4,36.14,144.57,95.65
5747,2024-11-14,East,Electronics,Online,2,215.25,452.03,277.96
5748,2024-11-14,East,Sports,In-Store,4,57.67,242.2,158.33
5749,2024-11-14,East,Home & Kitchen,In-Store,1,67.86,71.25,47.48
5750,2024-11-14,West,Beauty,Mobile App,3,31.14,93.42,61.99
5751,2024-11-14,North,Electronics,Online,3,181.82,627.27,347.76
5752,2024-11-14,West,Beauty,Online,1,27.25,27.25,16.08
5753,2024-11-14,North,Sports,In-Store,2,55.0,126.5,72.42
5754,2024-11-15,East,Sports,Mobile App,4,64.31,270.12,179.58
5755,2024-11-15,East,Electronics,Online,3,190.87,601.25,395.04
5756,2024-11-15,East,Sports,Mobile App,3,51.41,161.95,105.59
5757,2024-11-15,East,Apparel,Online,2,46.65,97.97,57.84
5758,2024-11-15,West,Beauty,Online,2,32.25,64.51,41.1
5759,2024-11-15,East,Sports,Online,2,54.24,113.9,73.69
5760,2024-11-15,East,Sports,Online,1,58.58,61.5,36.34
5761,2024-11-15,West,Home & Kitchen,Online,3,65.76,197.29,116.73
5762,2024-11-15,East,Apparel,In-Store,1,59.1,62.05,41.26
5763,2024-11-15,North,Electronics,Online,3,158.89,548.19,348.09
5764,2024-11-15,East,Sports,Mobile App,3,57.03,179.66,101.56
5765,2024-11-15,East,Sports,Online,3,62.6,197.2,115.12
5766,2024-11-15,North,Home & Kitchen,Online,4,71.29,327.95,196.13
5767,2024-11-15,North,Electronics,In-Store,4,171.32,788.08,467.01
5768,2024-11-15,North,Apparel,Online,3,43.84,151.26,84.28
5769,2024-11-15,East,Home & Kitchen,In-Store,4,75.23,315.95,175.15
5770,2024-11-15,East,Beauty,Online,4,30.71,128.97,84.83
5771,2024-11-15,West,Home & Kitchen,Online,1,58.83,58.83,39.26
5772,2024-11-15,West,Apparel,Online,3,49.84,149.51,84.49
5773,2024-11-15,West,Sports,Online,4,51.56,206.24,123.5
5774,2024-11-16,North,Beauty,Online,2,24.83,57.11,37.56
5775,2024-11-16,East,Beauty,Mobile App,3,26.13,82.31,46.22
5776,2024-11-16,South,Sports,In-Store,3,63.51,142.89,82.14
5777,2024-11-16,South,Electronics,Online,4,177.07,531.22,298.0
5778,2024-11-16,East,Apparel,Mobile App,4,40.68,170.86,102.61
5779,2024-11-16,West,Electronics,Online,3,174.93,524.78,294.51
5780,2024-11-16,East,Apparel,Mobile App,2,39.66,83.28,51.35
5781,2024-11-16,East,Beauty,Online,2,30.77,64.63,37.69
5782,2024-11-16,West,Home & Kitchen,In-Store,1,71.17,71.17,40.36
5783,2024-11-16,North,Electronics,Online,2,190.17,437.39,296.97
5784,2024-11-16,West,Electronics,In-Store,4,181.09,724.35,450.81
5785,2024-11-16,South,Beauty,Online,2,30.5,45.75,28.95
5786,2024-11-16,East,Electronics,In-Store,3,202.69,638.48,395.31
5787,2024-11-16,East,Electronics,Online,2,213.76,448.89,255.94
5788,2024-11-16,West,Beauty,Online,4,27.53,110.13,60.96
5789,2024-11-16,North,Home & Kitchen,Mobile App,4,58.53,269.23,166.64
5790,2024-11-16,East,Apparel,Mobile App,1,29.23,30.69,19.35
5791,2024-11-16,North,Sports,Online,3,60.51,208.76,125.35
5792,2024-11-16,West,Electronics,In-Store,2,198.62,397.25,252.6
5793,2024-11-16,East,Apparel,In-Store,3,50.08,157.76,95.93
5794,2024-11-16,North,Sports,Online,1,48.48,55.75,36.23
5795,2024-11-16,South,Beauty,In-Store,2,31.89,47.84,27.73
5796,2024-11-16,South,Beauty,Online,4,28.61,85.82,49.77
5797,2024-11-16,West,Electronics,Online,3,148.9,446.71,268.61
5798,2024-11-16,East,Electronics,Online,3,181.54,571.85,332.96
5799,2024-11-17,West,Electronics,In-Store,4,190.35,761.39,478.11
5800,2024-11-17,West,Beauty,Online,2,26.43,52.85,34.57
5801,2024-11-17,East,Home & Kitchen,In-Store,4,50.27,211.15,141.2
5802,2024-11-17,North,Beauty,In-Store,2,40.55,93.26,54.62
5803,2024-11-17,East,Beauty,Online,1,25.53,26.81,16.55
5804,2024-11-17,South,Electronics,In-Store,3,158.0,355.51,199.44
5805,2024-11-17,South,Home & Kitchen,Online,3,63.53,142.95,96.66
5806,2024-11-17,East,Electronics,Online,4,174.65,733.53,405.59
5807,2024-11-17,East,Home & Kitchen,Online,2,76.63,160.93,91.46
5808,2024-11-17,South,Sports,In-Store,4,60.04,180.13,113.22
5809,2024-11-17,North,Home & Kitchen,Online,1,59.32,68.21,44.32
5810,2024-11-17,North,Beauty,Online,3,22.07,76.15,44.58
5811,2024-11-17,West,Home & Kitchen,Online,3,67.48,202.45,114.43
5812,2024-11-17,South,Apparel,Online,3,44.67,100.51,59.87
5813,2024-11-17,North,Electronics,Online,2,146.51,336.98,200.53
5814,2024-11-17,West,Apparel,Online,1,49.32,49.32,29.85
5815,2024-11-17,North,Apparel,Online,4,45.71,210.28,141.18
5816,2024-11-17,West,Home & Kitchen,Online,2,60.47,120.93,79.6
5817,2024-11-18,East,Beauty,In-Store,1,30.31,31.82,21.56
5818,2024-11-18,North,Electronics,Online,3,187.58,647.17,385.94
5819,2024-11-18,North,Beauty,Online,2,30.59,70.36,44.02
5820,2024-11-18,North,Beauty,Online,3,26.52,91.48,61.38
5821,2024-11-18,South,Apparel,Online,1,45.28,33.96,22.1
5822,2024-11-18,West,Beauty,Mobile App,2,32.92,65.85,44.03
5823,2024-11-18,North,Electronics,Mobile App,4,155.8,716.68,467.76
5824,2024-11-18,South,Beauty,Online,1,31.57,23.68,15.89
5825,2024-11-18,South,Apparel,In-Store,4,47.37,142.12,88.91
5826,2024-11-18,West,Sports,Online,1,58.56,58.56,33.56
5827,2024-11-18,East,Home & Kitchen,In-Store,2,67.58,141.92,90.51
5828,2024-11-18,North,Electronics,Online,3,216.32,746.31,465.75
5829,2024-11-18,West,Beauty,In-Store,4,26.33,105.32,65.42
5830,2024-11-18,East,Apparel,In-Store,3,45.63,143.74,80.73
5831,2024-11-18,North,Electronics,In-Store,2,184.72,424.86,267.12
5832,2024-11-18,East,Beauty,Online,2,25.55,53.66,36.3
5833,2024-11-18,South,Electronics,In-Store,3,157.03,353.32,212.95
5834,2024-11-18,South,Apparel,Online,1,51.72,38.79,24.94
5835,2024-11-18,East,Beauty,Online,3,23.51,74.07,44.07
5836,2024-11-19,North,Electronics,Online,2,208.2,478.87,308.78
5837,2024-11-19,West,Sports,Online,1,50.27,50.27,32.09
5838,2024-11-19,South,Apparel,Online,2,42.78,64.16,37.6
5839,2024-11-19,East,Beauty,In-Store,4,27.09,113.76,68.07
5840,2024-11-19,West,Sports,Mobile App,1,56.82,56.82,34.67
5841,2024-11-19,North,Electronics,In-Store,3,177.35,611.85,351.39
5842,2024-11-19,South,Apparel,In-Store,4,42.06,126.19,69.99
5843,2024-11-19,East,Electronics,Online,3,157.67,496.66,295.45
5844,2024-11-19,West,Beauty,Mobile App,1,23.8,23.8,13.82
5845,2024-11-19,South,Electronics,Online,1,185.55,139.16,81.87
5846,2024-11-19,South,Apparel,Online,2,52.89,79.34,46.34
5847,2024-11-19,North,Beauty,Online,2,33.96,78.11,46.73
5848,2024-11-19,South,Electronics,Online,4,178.26,534.77,350.21
5849,2024-11-19,West,Electronics,In-Store,1,161.06,161.06,96.94
5850,2024-11-19,North,Apparel,Mobile App,3,43.24,149.18,95.65
5851,2024-11-19,South,Electronics,Mobile App,2,191.55,287.32,188.73
5852,2024-11-19,East,Sports,Mobile App,3,70.04,220.62,135.62
5853,2024-11-19,East,Electronics,Online,3,204.76,645.01,396.31
5854,2024-11-19,South,Sports,Online,2,65.97,98.95,61.03
5855,2024-11-19,East,Electronics,Online,4,194.81,818.19,465.05
5856,2024-11-19,South,Beauty,Mobile App,3,25.27,56.86,36.73
5857,2024-11-19,North,Apparel,Online,4,37.47,172.34,102.21
5858,2024-11-19,East,Apparel,Online,2,43.16,90.63,59.72
5859,2024-11-19,East,Electronics,In-Store,4,176.69,742.11,424.63
5860,2024-11-19,West,Apparel,In-Store,3,53.94,161.81,104.18
5861,2024-11-19,West,Home & Kitchen,In-Store,2,62.87,125.73,72.95
5862,2024-11-20,North,Sports,In-Store,2,60.95,140.18,81.6
5863,2024-11-20,West,Home & Kitchen,Online,3,53.82,161.46,99.35
5864,2024-11-20,South,Beauty,In-Store,1,29.14,21.86,13.29
5865,2024-11-20,East,Home & Kitchen,Online,4,41.55,174.51,101.85
5866,2024-11-20,West,Beauty,In-Store,2,34.56,69.11,45.95
5867,2024-11-20,West,Home & Kitchen,Online,2,76.63,153.25,97.62
5868,2024-11-20,South,Electronics,Mobile App,1,172.17,129.12,85.63
5869,2024-11-20,West,Electronics,Online,1,171.98,171.98,96.66
5870,2024-11-20,North,Home & Kitchen,Online,4,66.6,306.37,192.86
5871,2024-11-20,North,Electronics,Mobile App,2,217.92,501.22,283.46
5872,2024-11-20,East,Apparel,Online,3,38.06,119.9,78.68
5873,2024-11-20,West,Electronics,Online,3,183.3,549.9,345.6
5874,2024-11-20,South,Apparel,In-Store,2,43.25,64.87,37.56
5875,2024-11-20,North,Apparel,Online,2,52.5,120.75,79.87
5876,2024-11-20,East,Apparel,Online,4,38.06,159.86,95.65
5877,2024-11-20,North,Home & Kitchen,Mobile App,2,60.64,139.47,90.97
5878,2024-11-20,East,Beauty,Online,1,24.75,25.98,15.92
5879,2024-11-21,West,Sports,Mobile App,1,57.97,57.97,37.24
5880,2024-11-21,East,Beauty,Online,1,31.85,33.44,19.43
5881,2024-11-21,West,Sports,Online,3,50.0,149.99,84.21
5882,2024-11-21,North,Sports,Online,4,60.49,278.27,186.65
5883,2024-11-21,North,Beauty,In-Store,1,28.97,33.32,21.81
5884,2024-11-21,East,Sports,In-Store,4,60.09,252.37,157.08
5885,2024-11-21,East,Beauty,Online,3,27.38,86.23,52.8
5886,2024-11-21,East,Home & Kitchen,Online,4,59.02,247.89,142.11
5887,2024-11-21,West,Home & Kitchen,In-Store,2,61.97,123.94,76.99
5888,2024-11-21,South,Home & Kitchen,In-Store,4,75.98,227.94,135.56
5889,2024-11-21,East,Apparel,Online,4,56.13,235.76,136.94
5890,2024-11-21,South,Electronics,In-Store,4,181.6,544.79,301.76
5891,2024-11-21,East,Apparel,Online,3,39.45,124.28,81.15
5892,2024-11-21,North,Home & Kitchen,In-Store,4,64.49,296.64,179.12
5893,2024-11-21,South,Apparel,Mobile App,2,44.97,67.46,41.06
5894,2024-11-21,East,Sports,In-Store,2,51.98,109.16,68.18
5895,2024-11-21,North,Apparel,Online,1,47.7,54.86,32.58
5896,2024-11-21,North,Electronics,In-Store,2,197.27,453.71,305.93
5897,2024-11-21,South,Sports,In-Store,4,63.53,190.6,107.56
5898,2024-11-21,East,Beauty,In-Store,2,27.9,58.59,37.85
5899,2024-11-21,South,Apparel,Online,3,50.09,112.71,62.32
5900,2024-11-21,West,Sports,Online,4,41.35,165.42,92.63
5901,2024-11-21,South,Home & Kitchen,Online,1,71.41,53.56,31.66
5902,2024-11-21,East,Home & Kitchen,Mobile App,4,57.16,240.06,152.92
5903,2024-11-21,West,Beauty,Online,1,27.07,27.07,17.58
5904,2024-11-21,West,Home & Kitchen,Online,3,44.46,133.38,82.34
5905,2024-11-21,South,Electronics,Mobile App,1,181.63,136.23,85.97
5906,2024-11-22,West,Sports,In-Store,3,62.2,186.6,105.54
5907,2024-11-22,West,Apparel,Online,3,55.19,165.58,103.59
5908,2024-11-22,South,Home & Kitchen,Online,1,72.15,54.11,32.56
5909,2024-11-22,South,Home & Kitchen,In-Store,3,54.25,122.07,78.15
5910,2024-11-22,East,Apparel,Mobile App,2,43.58,91.52,55.89
5911,2024-11-22,North,Home & Kitchen,Online,4,53.11,244.29,163.13
5912,2024-11-22,West,Sports,Online,2,54.94,109.88,66.43
5913,2024-11-22,East,Home & Kitchen,Online,1,69.94,73.43,44.31
5914,2024-11-22,East,Electronics,In-Store,2,197.14,414.0,236.02
5915,2024-11-22,South,Sports,Online,4,49.37,148.12,98.57
5916,2024-11-22,North,Sports,Online,2,51.2,117.76,77.72
5917,2024-11-22,West,Sports,Online,1,47.68,47.68,29.87
5918,2024-11-22,North,Beauty,In-Store,1,17.7,20.36,11.58
5919,2024-11-22,North,Beauty,In-Store,4,35.92,165.22,102.11
5920,2024-11-22,West,Electronics,Online,3,146.55,439.65,268.16
5921,2024-11-22,North,Beauty,In-Store,1,34.8,40.02,22.06
5922,2024-11-22,West,Beauty,Online,2,28.89,57.79,38.49
5923,2024-11-22,West,Home & Kitchen,In-Store,1,60.5,60.5,36.45
5924,2024-11-22,North,Beauty,In-Store,1,24.24,27.87,18.82
5925,2024-11-22,East,Sports,Online,1,57.55,60.42,35.15
5926,2024-11-22,West,Home & Kitchen,Mobile App,2,56.08,112.15,70.92
5927,2024-11-22,North,Beauty,Online,4,27.25,125.37,72.15
5928,2024-11-22,West,Electronics,In-Store,4,197.89,791.56,475.15
5929,2024-11-23,North,Beauty,In-Store,2,38.0,87.41,56.79
5930,2024-11-23,West,Beauty,Online,2,30.65,61.29,35.62
5931,2024-11-23,North,Sports,Online,3,53.04,183.0,116.9
5932,2024-11-23,East,Apparel,Online,1,47.9,50.3,30.8
5933,2024-11-23,North,Electronics,Online,1,177.12,203.69,135.88
5934,2024-11-23,North,Home & Kitchen,Online,2,63.68,146.47,98.28
5935,2024-11-23,East,Electronics,In-Store,3,154.46,486.56,311.19
5936,2024-11-23,North,Beauty,In-Store,2,25.1,57.74,39.16
5937,2024-11-23,North,Beauty,Mobile App,4,22.84,105.08,68.58
5938,2024-11-23,South,Apparel,Online,4,30.6,91.8,52.49
5939,2024-11-23,West,Electronics,Online,3,176.93,530.79,331.75
5940,2024-11-23,South,Beauty,In-Store,1,27.23,20.42,11.36
5941,2024-11-23,North,Sports,In-Store,1,58.81,67.63,44.94
5942,2024-11-24,South,Sports,In-Store,1,52.93,39.7,26.78
5943,2024-11-24,West,Apparel,Mobile App,2,34.66,69.33,40.64
5944,2024-11-24,North,Sports,Online,4,50.71,233.28,132.47
5945,2024-11-24,North,Beauty,Mobile App,3,28.52,98.38,56.35
5946,2024-11-24,East,Apparel,Online,1,55.77,58.55,33.16
5947,2024-11-24,North,Electronics,Online,3,151.41,522.38,347.94
5948,2024-11-24,East,Electronics,Mobile App,1,172.03,180.63,99.44
5949,2024-11-24,East,Sports,Online,1,44.21,46.42,26.08
5950,2024-11-24,South,Electronics,Mobile App,2,178.73,268.1,152.21
5951,2024-11-24,South,Apparel,Mobile App,4,39.39,118.18,66.29
5952,2024-11-24,East,Electronics,Online,2,165.74,348.06,215.91
5953,2024-11-24,West,Electronics,Mobile App,1,191.06,191.06,119.61
5954,2024-11-24,West,Home & Kitchen,In-Store,3,65.03,195.09,124.51
5955,2024-11-24,West,Electronics,Online,1,151.98,151.98,90.67
5956,2024-11-24,East,Electronics,Online,3,194.43,612.46,396.0
5957,2024-11-24,East,Home & Kitchen,Online,2,43.72,91.82,61.99
5958,2024-11-24,North,Apparel,Mobile App,3,44.63,153.97,85.4
5959,2024-11-24,East,Beauty,In-Store,1,23.65,24.84,15.33
5960,2024-11-25,West,Beauty,Online,3,24.96,74.87,50.21
5961,2024-11-25,South,Home & Kitchen,Online,3,68.52,154.18,102.34
5962,2024-11-25,West,Electronics,Online,3,174.76,524.28,303.85
5963,2024-11-25,South,Apparel,In-Store,1,38.14,28.6,16.53
5964,2024-11-25,North,Electronics,In-Store,3,171.61,592.05,370.19
5965,2024-11-25,West,Beauty,Mobile App,4,26.89,107.58,66.47
5966,2024-11-25,West,Home & Kitchen,Online,1,61.14,61.14,35.17
5967,2024-11-25,South,Electronics,Online,2,163.42,245.13,138.94
5968,2024-11-25,East,Home & Kitchen,Online,1,55.58,58.36,37.95
5969,2024-11-25,East,Apparel,Mobile App,1,44.89,47.13,31.22
5970,2024-11-25,West,Home & Kitchen,In-Store,4,67.55,270.19,161.9
5971,2024-11-25,East,Beauty,In-Store,4,29.48,123.81,73.0
5972,2024-11-25,West,Electronics,Online,1,188.98,188.98,125.38
5973,2024-11-25,South,Electronics,In-Store,1,175.86,131.9,80.12
5974,2024-11-25,West,Electronics,Online,1,185.05,185.05,114.58
5975,2024-11-26,North,Apparel,In-Store,4,52.54,241.66,140.82
5976,2024-11-26,West,Apparel,Online,1,43.18,43.18,27.6
5977,2024-11-26,North,Sports,In-Store,4,50.96,234.4,136.57
5978,2024-11-26,East,Sports,In-Store,3,60.64,191.01,126.04
5979,2024-11-26,North,Sports,Online,2,54.57,125.51,74.27
5980,2024-11-26,East,Beauty,Online,2,30.26,63.54,39.06
5981,2024-11-26,West,Beauty,In-Store,4,27.28,109.13,62.02
5982,2024-11-26,North,Home & Kitchen,In-Store,4,66.8,307.26,182.84
5983,2024-11-26,West,Sports,Online,4,39.73,158.92,105.8
5984,2024-11-26,South,Home & Kitchen,Online,3,70.38,158.34,93.63
5985,2024-11-26,North,Electronics,In-Store,2,191.37,440.16,266.51
5986,2024-11-26,West,Electronics,In-Store,2,154.9,309.8,197.09
5987,2024-11-26,South,Sports,Online,3,53.49,120.36,76.48
5988,2024-11-26,East,Apparel,In-Store,4,45.43,190.79,111.63
5989,2024-11-26,North,Home & Kitchen,Online,1,69.84,80.32,47.68
5990,2024-11-26,North,Sports,Online,3,47.54,164.01,107.22
5991,2024-11-26,West,Apparel,Online,3,43.96,131.89,74.47
5992,2024-11-26,South,Beauty,Online,3,28.38,63.85,35.22
5993,2024-11-26,West,Electronics,In-Store,2,210.7,421.39,269.51
5994,2024-11-26,North,Electronics,In-Store,2,215.69,496.08,292.18
5995,2024-11-26,East,Home & Kitchen,Online,1,53.1,55.76,36.85
5996,2024-11-27,West,Electronics,Mobile App,3,170.49,511.47,325.92
5997,2024-11-27,North,Apparel,Online,1,52.34,60.19,33.16
5998,2024-11-27,South,Apparel,Online,4,39.08,117.25,73.06
5999,2024-11-27,West,Apparel,In-Store,2,40.23,80.46,47.03
6000,2024-11-27,North,Sports,Online,4,56.9,261.73,173.8
6001,2024-11-27,North,Apparel,In-Store,1,44.92,51.66,29.96
6002,2024-11-27,East,Sports,Online,4,47.61,199.96,135.75
6003,2024-11-27,East,Electronics,Online,3,204.42,643.92,362.74
6004,2024-11-27,South,Electronics,In-Store,2,190.11,285.16,190.14
6005,2024-11-27,West,Electronics,Online,2,176.0,351.99,195.67
6006,2024-11-27,North,Home & Kitchen,Online,3,72.3,249.43,162.84
6007,2024-11-27,East,Electronics,Online,1,193.63,203.31,129.64
6008,2024-11-27,East,Beauty,In-Store,1,29.4,30.87,18.67
6009,2024-11-27,West,Beauty,Online,3,25.47,76.42,43.3
6010,2024-11-27,North,Sports,Online,2,52.59,120.95,80.15
6011,2024-11-27,North,Sports,Online,4,54.68,251.54,146.05
6012,2024-11-27,South,Electronics,Online,2,197.15,295.72,166.86
6013,2024-11-27,South,Beauty,Mobile App,2,30.22,45.33,26.64
6014,2024-11-27,North,Electronics,Online,4,197.95,910.59,611.42
6015,2024-11-27,North,Beauty,Online,4,35.66,164.03,94.21
6016,2024-11-27,East,Home & Kitchen,Online,3,59.65,187.9,127.49
6017,2024-11-27,East,Home & Kitchen,Online,4,71.1,298.63,198.83
6018,2024-11-27,North,Home & Kitchen,Online,4,66.08,303.97,192.89
6019,2024-11-27,North,Electronics,Online,4,154.17,709.19,450.53
6020,2024-11-27,West,Electronics,Mobile App,2,202.29,404.58,241.95
6021,2024-11-27,West,Sports,In-Store,4,54.76,219.05,123.29
6022,2024-11-28,West,Electronics,In-Store,3,167.16,501.48,287.89
6023,2024-11-28,East,Apparel,Mobile App,4,36.57,153.6,98.8
6024,2024-11-28,South,Sports,In-Store,4,52.23,156.69,86.79
6025,2024-11-28,South,Home & Kitchen,Online,4,62.65,187.94,119.6
6026,2024-11-28,South,Electronics,Online,1,172.85,129.64,74.92
6027,2024-11-28,North,Apparel,Online,3,52.82,182.24,113.25
6028,2024-11-28,North,Sports,In-Store,2,60.67,139.55,92.52
6029,2024-11-28,East,Electronics,Online,4,171.8,721.57,413.65
6030,2024-11-28,West,Electronics,In-Store,1,204.21,204.21,122.73
6031,2024-11-28,East,Home & Kitchen,In-Store,4,72.27,303.52,197.23
6032,2024-11-28,East,Sports,Online,2,56.77,119.22,75.55
6033,2024-11-28,West,Sports,In-Store,3,58.99,176.97,113.68
6034,2024-11-28,South,Electronics,Online,1,204.94,153.71,90.39
6035,2024-11-28,North,Beauty,In-Store,1,27.45,31.57,18.91
6036,2024-11-28,South,Apparel,Online,3,34.44,77.5,47.57
6037,2024-11-28,East,Sports,In-Store,2,68.16,143.14,84.78
6038,2024-11-28,East,Home & Kitchen,Online,1,73.69,77.37,43.87
6039,2024-11-29,West,Apparel,Online,4,49.23,196.9,132.42
6040,2024-11-29,North,Sports,Online,4,49.86,229.36,140.75
6041,2024-11-29,South,Beauty,Mobile App,3,33.03,74.31,47.12
6042,2024-11-29,South,Electronics,Online,3,177.59,399.58,223.01
6043,2024-11-29,North,Apparel,Online,1,40.22,46.25,27.68
6044,2024-11-29,East,Home & Kitchen,Mobile App,2,65.77,138.11,90.1
6045,2024-11-29,East,Electronics,Online,4,179.63,754.46,504.48
6046,2024-11-29,East,Sports,Mobile App,2,53.45,112.25,71.15
6047,2024-11-29,South,Electronics,Mobile App,1,179.34,134.51,74.27
6048,2024-11-29,East,Apparel,Online,4,41.14,172.8,96.31
6049,2024-11-29,East,Electronics,Online,1,152.8,160.44,94.1
6050,2024-11-29,South,Sports,Online,4,53.29,159.88,102.74
6051,2024-11-29,East,Apparel,Mobile App,2,47.88,100.54,64.02
6052,2024-11-29,East,Home & Kitchen,Online,2,62.63,131.51,77.46
6053,2024-11-29,North,Beauty,Online,2,25.63,58.96,37.17
6054,2024-11-29,West,Sports,Online,2,61.81,123.62,77.07
6055,2024-11-29,West,Apparel,Online,4,45.53,182.11,103.27
6056,2024-11-29,West,Electronics,Online,3,180.5,541.49,303.79
6057,2024-11-29,North,Apparel,In-Store,4,45.09,207.42,140.9
6058,2024-11-29,West,Beauty,Online,4,27.57,110.3,72.88
6059,2024-11-29,East,Home & Kitchen,Online,2,68.57,143.99,84.9
6060,2024-11-29,East,Apparel,Online,1,40.99,43.04,28.49
6061,2024-11-29,South,Home & Kitchen,Mobile App,2,58.71,88.06,56.88
6062,2024-11-29,North,Apparel,Online,3,50.02,172.55,108.18
6063,2024-11-29,East,Electronics,In-Store,4,156.89,658.93,404.72
6064,2024-11-29,East,Home & Kitchen,Online,2,71.14,149.39,91.0
6065,2024-11-29,North,Sports,Online,1,46.67,53.67,34.78
6066,2024-11-29,West,Electronics,In-Store,4,153.96,615.83,373.21
6067,2024-11-30,South,Apparel,Mobile App,1,51.25,38.44,26.08
6068,2024-11-30,South,Sports,In-Store,2,60.3,90.46,51.42
6069,2024-11-30,East,Beauty,In-Store,4,27.6,115.92,63.94
6070,2024-11-30,East,Home & Kitchen,Online,4,66.68,280.04,188.51
6071,2024-11-30,East,Apparel,Online,1,40.54,42.57,26.14
6072,2024-11-30,West,Apparel,Online,2,50.07,100.13,55.26
6073,2024-11-30,North,Home & Kitchen,In-Store,2,71.35,164.1,109.69
6074,2024-11-30,West,Electronics,Online,4,164.17,656.68,416.48
6075,2024-11-30,North,Home & Kitchen,Online,2,45.99,105.78,71.62
6076,2024-11-30,North,Electronics,In-Store,2,208.41,479.34,299.35
6077,2024-11-30,South,Sports,In-Store,3,63.83,143.61,94.39
6078,2024-11-30,East,Beauty,Mobile App,4,29.5,123.9,73.97
6079,2024-11-30,North,Home & Kitchen,In-Store,2,82.94,190.75,121.24
6080,2024-11-30,West,Electronics,In-Store,3,148.6,445.79,289.15
6081,2024-11-30,West,Electronics,Online,3,191.54,574.63,382.14
6082,2024-11-30,South,Apparel,Online,2,49.0,73.5,49.59
6083,2024-11-30,East,Home & Kitchen,In-Store,2,67.72,142.21,90.43
6084,2024-11-30,East,Electronics,Online,3,187.54,590.74,397.15
6085,2024-11-30,North,Beauty,Online,3,30.74,106.04,62.84
6086,2024-11-30,South,Beauty,Online,1,28.89,21.67,14.47
6087,2024-11-30,North,Apparel,Online,4,41.46,190.74,120.17
6088,2024-11-30,West,Beauty,Online,2,31.59,63.18,36.1
6089,2024-11-30,West,Beauty,Mobile App,2,29.4,58.8,33.03
6090,2024-11-30,North,Electronics,Online,2,192.7,443.22,251.49
6091,2024-11-30,West,Electronics,Mobile App,1,195.26,195.26,112.08
6092,2024-11-30,East,Apparel,Mobile App,2,30.88,64.84,35.76
6093,2024-12-01,North,Beauty,Online,2,25.37,58.35,39.59
6094,2024-12-01,West,Electronics,In-Store,4,158.0,631.99,428.02
6095,2024-12-01,East,Apparel,In-Store,2,28.45,59.74,33.08
6096,2024-12-01,South,Electronics,Online,3,166.15,373.84,234.3
6097,2024-12-01,East,Beauty,In-Store,1,30.73,32.27,19.85
6098,2024-12-01,North,Electronics,Online,3,162.3,559.94,368.96
6099,2024-12-01,North,Home & Kitchen,Online,3,58.71,202.54,133.29
6100,2024-12-01,North,Apparel,Online,4,35.61,163.79,97.46
6101,2024-12-01,West,Sports,In-Store,2,55.83,111.66,74.37
6102,2024-12-01,East,Apparel,In-Store,4,41.13,172.73,106.29
6103,2024-12-01,South,Apparel,In-Store,4,46.91,140.73,80.73
6104,2024-12-01,North,Apparel,Online,1,42.98,49.43,32.83
6105,2024-12-01,East,Electronics,In-Store,2,156.43,328.51,208.14
6106,2024-12-01,North,Beauty,Online,1,34.64,39.84,23.17
6107,2024-12-01,South,Apparel,Online,4,45.11,135.32,82.41
6108,2024-12-01,North,Beauty,Online,1,26.81,30.83,18.76
6109,2024-12-01,West,Electronics,Online,2,164.69,329.38,198.61
6110,2024-12-01,East,Electronics,Online,1,177.77,186.66,126.8
6111,2024-12-01,North,Electronics,Online,1,208.05,239.26,150.76
6112,2024-12-02,North,Sports,In-Store,1,53.42,61.43,35.73
6113,2024-12-02,North,Sports,Online,2,54.65,125.7,83.24
6114,2024-12-02,North,Apparel,In-Store,1,42.4,48.76,33.03
6115,2024-12-02,East,Electronics,Online,3,164.62,518.57,293.76
6116,2024-12-02,South,Apparel,Online,1,46.97,35.23,22.77
6117,2024-12-02,South,Home & Kitchen,Online,4,61.67,185.01,123.8
6118,2024-12-02,West,Apparel,Online,4,39.22,156.89,106.0
6119,2024-12-02,North,Electronics,In-Store,2,197.4,454.03,294.26
6120,2024-12-02,South,Electronics,Mobile App,3,180.04,405.08,243.97
6121,2024-12-02,East,Home & Kitchen,Online,3,63.49,199.99,117.28
6122,2024-12-02,South,Apparel,In-Store,2,39.0,58.5,39.1
6123,2024-12-02,East,Electronics,Online,2,199.12,418.15,278.92
6124,2024-12-02,East,Beauty,Online,3,28.61,90.11,57.6
6125,2024-12-02,South,Home & Kitchen,Online,2,61.27,91.9,57.52
6126,2024-12-02,West,Apparel,In-Store,1,44.04,44.04,27.26
6127,2024-12-02,North,Sports,Online,1,64.1,73.71,49.6
6128,2024-12-02,South,Electronics,In-Store,1,189.95,142.46,79.56
6129,2024-12-02,South,Electronics,Online,4,173.17,519.51,319.65
6130,2024-12-03,West,Electronics,Online,4,183.57,734.29,450.53
6131,2024-12-03,East,Sports,In-Store,4,52.81,221.82,127.4
6132,2024-12-03,North,Apparel,Mobile App,3,52.43,180.9,106.46
6133,2024-12-03,West,Apparel,Mobile App,4,48.95,195.78,116.28
6134,2024-12-03,East,Sports,In-Store,1,50.62,53.15,30.83
6135,2024-12-03,East,Home & Kitchen,Online,1,65.64,68.92,43.76
6136,2024-12-03,East,Home & Kitchen,Online,3,59.93,188.77,122.36
6137,2024-12-03,North,Sports,In-Store,3,59.86,206.52,127.35
6138,2024-12-03,East,Sports,In-Store,1,56.14,58.95,39.76
6139,2024-12-03,West,Beauty,In-Store,3,26.93,80.78,46.03
6140,2024-12-03,South,Home & Kitchen,Online,1,62.84,47.13,26.84
6141,2024-12-03,North,Electronics,Online,2,227.62,523.53,329.58
6142,2024-12-03,North,Electronics,In-Store,2,182.13,418.9,274.38
6143,2024-12-03,North,Sports,Online,4,55.92,257.21,167.4
6144,2024-12-03,East,Home & Kitchen,Online,1,67.93,71.33,40.66
6145,2024-12-03,East,Electronics,Online,1,199.37,209.34,142.19
6146,2024-12-04,South,Apparel,Mobile App,1,54.47,40.85,23.2
6147,2024-12-04,West,Electronics,Mobile App,3,181.96,545.87,335.14
6148,2024-12-04,West,Electronics,Online,3,163.02,489.06,298.92
6149,2024-12-04,North,Apparel,In-Store,4,44.49,204.67,131.96
6150,2024-12-04,North,Electronics,Online,1,174.22,200.36,115.94
6151,2024-12-04,North,Home & Kitchen,In-Store,4,70.08,322.37,184.99
6152,2024-12-04,North,Home & Kitchen,Mobile App,4,45.73,210.35,131.77
6153,2024-12-04,North,Home & Kitchen,Mobile App,3,65.98,227.64,133.06
6154,2024-12-04,South,Electronics,In-Store,2,176.46,264.69,147.07
6155,2024-12-04,North,Home & Kitchen,Online,2,61.2,140.76,87.5
6156,2024-12-04,West,Beauty,In-Store,4,26.17,104.67,70.0
6157,2024-12-04,South,Home & Kitchen,Mobile App,1,68.23,51.18,31.67
6158,2024-12-04,East,Apparel,In-Store,4,45.4,190.68,106.86
6159,2024-12-05,West,Sports,Online,1,45.15,45.15,28.67
6160,2024-12-05,West,Electronics,Online,1,183.15,183.15,109.0
6161,2024-12-05,East,Apparel,Mobile App,4,39.9,167.57,101.43
6162,2024-12-05,North,Apparel,Mobile App,4,47.48,218.4,143.47
6163,2024-12-05,South,Apparel,Online,2,38.55,57.82,34.62
6164,2024-12-05,North,Apparel,Online,1,41.99,48.29,28.33
6165,2024-12-05,East,Home & Kitchen,Online,3,72.07,227.03,149.2
6166,2024-12-05,South,Beauty,In-Store,4,36.07,108.21,69.91
6167,2024-12-05,East,Beauty,Online,1,24.44,25.67,15.81
6168,2024-12-05,North,Electronics,In-Store,2,172.49,396.74,250.31
6169,2024-12-05,East,Beauty,Online,3,26.84,84.53,51.46
6170,2024-12-05,East,Apparel,Online,3,30.72,96.75,64.26
6171,2024-12-05,North,Sports,Online,4,56.23,258.67,147.96
6172,2024-12-05,North,Beauty,Online,3,24.86,85.76,56.48
6173,2024-12-05,East,Beauty,Mobile App,4,29.69,124.71,75.28
6174,2024-12-05,East,Home & Kitchen,Mobile App,3,68.46,215.64,137.95
6175,2024-12-05,East,Home & Kitchen,Online,1,66.82,70.16,41.11
6176,2024-12-05,East,Apparel,Online,1,52.92,55.56,31.96
6177,2024-12-05,North,Apparel,In-Store,4,35.55,163.52,102.68
6178,2024-12-05,East,Home & Kitchen,Online,4,76.13,319.75,188.91
6179,2024-12-05,East,Beauty,Online,1,31.4,32.97,18.26
6180,2024-12-05,North,Home & Kitchen,In-Store,2,68.06,156.53,93.7
6181,2024-12-05,West,Beauty,Online,3,33.25,99.76,56.67
6182,2024-12-05,West,Electronics,Online,4,127.38,509.53,341.26
6183,2024-12-06,West,Electronics,Online,1,170.71,170.71,107.16
6184,2024-12-06,East,Apparel,Mobile App,1,49.99,52.49,34.3
6185,2024-12-06,West,Beauty,In-Store,2,29.57,59.15,35.52
6186,2024-12-06,East,Beauty,Online,3,25.83,81.36,47.37
6187,2024-12-06,North,Beauty,Mobile App,3,31.35,108.17,72.13
6188,2024-12-06,South,Beauty,Online,3,30.69,69.05,39.17
6189,2024-12-06,West,Apparel,Mobile App,2,44.21,88.41,57.03
6190,2024-12-06,East,Apparel,Mobile App,2,54.08,113.57,68.47
6191,2024-12-06,East,Beauty,Online,4,31.54,132.49,84.39
6192,2024-12-06,North,Apparel,In-Store,4,45.95,211.37,137.16
6193,2024-12-06,West,Home & Kitchen,Online,2,52.93,105.85,61.62
6194,2024-12-06,North,Beauty,In-Store,4,35.95,165.38,111.79
6195,2024-12-06,North,Beauty,In-Store,2,28.91,66.48,38.93
6196,2024-12-06,West,Apparel,Mobile App,1,52.05,52.05,31.21
6197,2024-12-06,North,Apparel,In-Store,4,42.8,196.88,126.31
6198,2024-12-07,North,Apparel,Online,3,48.09,165.91,92.42
6199,2024-12-07,West,Sports,In-Store,2,65.68,131.35,75.98
6200,2024-12-07,South,Electronics,Online,4,193.76,581.29,321.77
6201,2024-12-07,South,Sports,Online,2,53.17,79.75,53.96
6202,2024-12-07,North,Home & Kitchen,In-Store,2,57.07,131.25,86.59
6203,2024-12-07,East,Beauty,Online,2,31.54,66.24,40.0
6204,2024-12-07,West,Electronics,Online,3,199.53,598.59,370.25
6205,2024-12-07,North,Electronics,In-Store,3,199.41,687.97,461.38
6206,2024-12-07,East,Sports,Online,2,53.22,111.75,62.59
6207,2024-12-07,North,Home & Kitchen,Online,4,78.59,361.5,212.05
6208,2024-12-07,East,Home & Kitchen,Online,4,61.78,259.46,160.63
6209,2024-12-07,South,Apparel,In-Store,2,38.31,57.47,36.99
6210,2024-12-07,West,Beauty,Online,3,35.99,107.96,71.87
6211,2024-12-07,North,Beauty,Online,4,31.76,146.11,90.42
6212,2024-12-07,East,Beauty,Online,4,29.47,123.79,77.11
6213,2024-12-07,East,Electronics,In-Store,2,191.21,401.55,261.06
6214,2024-12-07,South,Electronics,Online,3,164.92,371.06,252.0
6215,2024-12-07,East,Home & Kitchen,In-Store,4,74.62,313.41,178.93
6216,2024-12-07,West,Home & Kitchen,Mobile App,1,70.07,70.07,39.44
6217,2024-12-07,West,Home & Kitchen,Online,1,65.37,65.37,40.32
6218,2024-12-07,West,Beauty,Online,3,28.58,85.75,57.93
6219,2024-12-07,East,Apparel,Online,1,43.81,46.0,27.27
6220,2024-12-07,West,Electronics,In-Store,4,159.25,637.01,402.75
6221,2024-12-07,East,Beauty,Online,1,27.37,28.74,18.48
6222,2024-12-07,North,Home & Kitchen,In-Store,3,71.37,246.22,156.12
6223,2024-12-08,North,Home & Kitchen,Online,1,58.16,66.89,40.58
6224,2024-12-08,East,Electronics,Online,1,168.2,176.61,104.58
6225,2024-12-08,North,Sports,Online,1,58.41,67.17,41.89
6226,2024-12-08,East,Home & Kitchen,In-Store,1,72.68,76.32,42.54
6227,2024-12-08,East,Apparel,Mobile App,3,46.78,147.37,98.63
6228,2024-12-08,North,Home & Kitchen,Online,4,60.31,277.45,181.3
6229,2024-12-08,West,Apparel,Online,4,42.1,168.39,96.13
6230,2024-12-08,South,Electronics,In-Store,4,165.56,496.67,305.87
6231,2024-12-08,South,Beauty,Online,4,26.7,80.09,49.18
6232,2024-12-08,North,Home & Kitchen,Online,4,48.95,225.18,146.94
6233,2024-12-08,South,Beauty,Online,1,31.05,23.29,15.72
6234,2024-12-08,West,Sports,Online,2,58.61,117.23,78.58
6235,2024-12-08,East,Home & Kitchen,Online,3,66.42,209.23,134.29
6236,2024-12-08,West,Sports,Online,2,56.01,112.01,74.3
6237,2024-12-08,North,Home & Kitchen,Online,1,72.66,83.56,53.42
6238,2024-12-08,East,Sports,In-Store,1,60.19,63.2,41.03
6239,2024-12-08,East,Beauty,Online,1,31.65,33.24,22.26
6240,2024-12-08,West,Electronics,Mobile App,2,178.57,357.14,216.12
6241,2024-12-08,East,Beauty,In-Store,2,25.27,53.06,34.15
6242,2024-12-08,East,Sports,In-Store,3,60.66,191.07,127.95
6243,2024-12-08,North,Electronics,Online,1,186.79,214.8,139.63
6244,2024-12-08,South,Electronics,Online,1,204.19,153.14,102.16
6245,2024-12-08,West,Electronics,Online,3,184.3,552.91,310.48
6246,2024-12-08,North,Sports,In-Store,4,56.07,257.92,158.83
6247,2024-12-08,West,Apparel,In-Store,1,49.36,49.36,27.45
6248,2024-12-08,East,Home & Kitchen,In-Store,3,59.89,188.66,126.03
6249,2024-12-08,South,Apparel,In-Store,1,45.9,34.43,21.42
6250,2024-12-08,West,Home & Kitchen,In-Store,2,54.15,108.3,67.11
6251,2024-12-09,South,Home & Kitchen,In-Store,1,66.39,49.79,30.76
6252,2024-12-09,North,Home & Kitchen,Mobile App,4,74.56,342.99,210.45
6253,2024-12-09,East,Beauty,In-Store,2,30.71,64.48,39.3
6254,2024-12-09,North,Apparel,In-Store,3,35.32,121.85,73.98
6255,2024-12-09,East,Home & Kitchen,In-Store,1,61.21,64.27,39.11
6256,2024-12-09,East,Apparel,Mobile App,2,39.41,82.77,50.86
6257,2024-12-09,West,Home & Kitchen,Online,4,52.27,209.09,118.02
6258,2024-12-09,North,Home & Kitchen,In-Store,1,65.18,74.96,41.86
6259,2024-12-09,North,Beauty,In-Store,4,32.56,149.77,84.9
6260,2024-12-09,South,Electronics,Mobile App,1,173.37,130.03,74.26
6261,2024-12-09,South,Home & Kitchen,In-Store,1,64.49,48.37,31.24
6262,2024-12-09,North,Electronics,Online,4,210.15,966.7,640.01
6263,2024-12-09,North,Apparel,In-Store,1,43.36,49.86,32.62
6264,2024-12-09,East,Electronics,In-Store,3,158.28,498.58,304.52
6265,2024-12-09,North,Electronics,Online,2,205.41,472.44,264.22
6266,2024-12-09,North,Sports,In-Store,3,52.95,182.69,107.09
6267,2024-12-09,East,Electronics,Online,4,161.38,677.81,459.51
6268,2024-12-09,South,Apparel,Online,3,40.63,91.42,58.22
6269,2024-12-09,East,Beauty,In-Store,4,26.88,112.89,73.67
6270,2024-12-10,South,Apparel,Online,1,51.98,38.99,26.46
6271,2024-12-10,South,Beauty,Online,1,32.05,24.04,13.97
6272,2024-12-10,South,Beauty,Mobile App,3,29.84,67.15,41.81
6273,2024-12-10,West,Beauty,In-Store,1,20.58,20.58,11.56
6274,2024-12-10,North,Sports,Mobile App,3,63.29,218.37,124.96
6275,2024-12-10,East,Apparel,In-Store,3,37.9,119.38,67.47
6276,2024-12-10,South,Apparel,Online,2,48.04,72.07,42.6
6277,2024-12-10,East,Electronics,In-Store,3,160.78,506.45,304.17
6278,2024-12-10,North,Beauty,Mobile App,3,24.05,82.97,55.44
6279,2024-12-10,West,Electronics,In-Store,3,174.34,523.01,317.84
6280,2024-12-10,West,Electronics,Mobile App,2,158.7,317.4,194.93
6281,2024-12-10,West,Apparel,In-Store,3,50.18,150.54,96.66
6282,2024-12-10,West,Electronics,Online,1,184.5,184.5,116.79
6283,2024-12-10,East,Beauty,In-Store,1,27.69,29.07,16.15
6284,2024-12-10,South,Beauty,Online,2,24.28,36.42,24.52
6285,2024-12-10,East,Apparel,In-Store,3,33.55,105.69,60.19
6286,2024-12-11,South,Home & Kitchen,Online,2,58.62,87.92,51.58
6287,2024-12-11,North,Sports,Online,4,49.22,226.42,134.34
6288,2024-12-11,West,Sports,Online,3,49.18,147.54,83.9
6289,2024-12-11,North,Beauty,Online,4,31.17,143.38,80.4
6290,2024-12-11,West,Home & Kitchen,Online,3,52.32,156.97,92.18
6291,2024-12-11,North,Apparel,Online,3,43.37,149.62,88.94
6292,2024-12-11,South,Sports,Mobile App,2,62.64,93.96,60.78
6293,2024-12-11,East,Beauty,In-Store,4,25.58,107.44,63.81
6294,2024-12-11,North,Home & Kitchen,Online,2,61.84,142.24,78.27
6295,2024-12-11,East,Electronics,Online,4,187.7,788.33,523.3
6296,2024-12-11,South,Home & Kitchen,Mobile App,2,59.76,89.64,54.18
6297,2024-12-11,South,Home & Kitchen,Online,4,72.01,216.03,129.86
6298,2024-12-11,North,Apparel,Mobile App,2,43.31,99.62,64.04
6299,2024-12-11,South,Home & Kitchen,Online,2,69.59,104.39,61.63
6300,2024-12-11,West,Electronics,Online,2,137.6,275.21,176.6
6301,2024-12-11,West,Electronics,In-Store,3,196.58,589.75,395.82
6302,2024-12-11,West,Sports,Online,3,49.49,148.47,88.72
6303,2024-12-11,East,Apparel,In-Store,2,49.14,103.18,57.58
6304,2024-12-12,North,Apparel,In-Store,4,54.06,248.66,149.94
6305,2024-12-12,West,Apparel,Online,4,41.69,166.77,104.26
6306,2024-12-12,North,Apparel,Online,1,46.08,52.99,30.99
6307,2024-12-12,South,Apparel,Mobile App,1,42.73,32.05,20.74
6308,2024-12-12,East,Electronics,Mobile App,2,169.03,354.96,208.65
6309,2024-12-12,West,Home & Kitchen,Online,3,51.35,154.06,98.61
6310,2024-12-12,North,Electronics,Online,3,215.71,744.21,476.33
6311,2024-12-12,South,Electronics,Mobile App,1,201.21,150.91,93.02
6312,2024-12-12,West,Electronics,Online,1,200.32,200.32,118.51
6313,2024-12-12,North,Home & Kitchen,In-Store,4,62.95,289.56,187.33
6314,2024-12-12,North,Electronics,Online,4,144.63,665.3,425.05
6315,2024-12-12,North,Apparel,Mobile App,2,55.37,127.34,83.91
6316,2024-12-12,East,Sports,In-Store,2,68.13,143.07,90.05
6317,2024-12-12,West,Beauty,Online,3,28.38,85.13,56.28
6318,2024-12-12,East,Home & Kitchen,In-Store,4,64.23,269.78,167.51
6319,2024-12-12,North,Apparel,Online,1,36.36,41.82,24.81
6320,2024-12-12,North,Apparel,In-Store,1,61.49,70.72,39.41
6321,2024-12-12,East,Beauty,Online,4,23.71,99.59,61.08
6322,2024-12-12,East,Beauty,Online,4,29.71,124.76,80.95
6323,2024-12-12,East,Sports,In-Store,3,63.88,201.24,122.75
6324,2024-12-12,East,Home & Kitchen,Online,1,66.41,69.73,43.92
6325,2024-12-12,South,Apparel,In-Store,4,42.34,127.01,78.55
6326,2024-12-12,East,Apparel,Online,3,50.66,159.57,101.38
6327,2024-12-12,East,Electronics,In-Store,2,168.96,354.82,203.86
6328,2024-12-12,East,Home & Kitchen,In-Store,1,79.19,83.15,51.84
6329,2024-12-12,East,Apparel,Mobile App,4,43.79,183.93,122.91
6330,2024-12-12,South,Beauty,In-Store,3,34.85,78.4,47.66
6331,2024-12-13,North,Sports,Online,3,54.62,188.42,109.28
6332,2024-12-13,North,Beauty,Online,1,29.6,34.04,21.12
6333,2024-12-13,South,Electronics,In-Store,4,148.08,444.23,265.29
6334,2024-12-13,West,Electronics,Mobile App,4,153.38,613.53,415.78
6335,2024-12-13,East,Electronics,Mobile App,4,127.09,533.78,347.0
6336,2024-12-13,East,Home & Kitchen,Online,1,65.4,68.67,39.92
6337,2024-12-13,North,Apparel,In-Store,1,46.74,53.75,33.0
6338,2024-12-13,North,Apparel,In-Store,1,43.65,50.2,30.62
6339,2024-12-13,East,Sports,Online,4,58.33,244.99,146.46
6340,2024-12-13,South,Apparel,Online,3,42.81,96.32,62.25
6341,2024-12-13,East,Apparel,In-Store,4,47.28,198.56,109.79
6342,2024-12-13,North,Sports,In-Store,4,55.82,256.78,170.56
6343,2024-12-13,East,Electronics,Online,2,190.9,400.89,266.32
6344,2024-12-13,West,Electronics,Mobile App,2,180.56,361.12,244.68
6345,2024-12-13,West,Apparel,Online,1,45.43,45.43,25.06
6346,2024-12-13,East,Apparel,Mobile App,1,48.57,51.0,33.92
6347,2024-12-13,East,Sports,Online,4,55.72,234.02,153.72
6348,2024-12-13,South,Apparel,Mobile App,1,43.49,32.62,20.92
6349,2024-12-13,South,Home & Kitchen,Online,4,65.75,197.25,133.76
6350,2024-12-13,West,Apparel,Online,2,42.87,85.73,50.66
6351,2024-12-13,South,Electronics,Mobile App,1,187.65,140.74,81.46
6352,2024-12-13,East,Electronics,In-Store,4,146.68,616.04,354.58
6353,2024-12-13,North,Beauty,In-Store,4,27.53,126.64,85.03
6354,2024-12-13,North,Electronics,In-Store,3,165.06,569.47,341.05
6355,2024-12-13,North,Apparel,Online,1,27.57,31.71,17.91
6356,2024-12-13,North,Beauty,Online,4,23.64,108.77,64.36
6357,2024-12-13,West,Home & Kitchen,Mobile App,4,68.08,272.31,156.61
6358,2024-12-14,East,Electronics,Online,1,207.08,217.43,124.95
6359,2024-12-14,West,Home & Kitchen,Online,4,53.1,212.4,122.21
6360,2024-12-14,East,Home & Kitchen,In-Store,4,60.77,255.25,157.2
6361,2024-12-14,West,Electronics,Online,3,176.53,529.59,318.56
6362,2024-12-14,East,Home & Kitchen,Online,4,54.76,229.97,147.29
6363,2024-12-14,South,Apparel,In-Store,3,48.53,109.18,70.36
6364,2024-12-14,South,Electronics,Online,2,195.1,292.65,161.08
6365,2024-12-14,East,Apparel,In-Store,2,42.59,89.44,59.75
6366,2024-12-14,West,Beauty,Online,1,28.3,28.3,16.59
6367,2024-12-14,North,Electronics,Online,2,157.45,362.13,220.59
6368,2024-12-14,South,Beauty,In-Store,3,34.35,77.29,44.51
6369,2024-12-14,East,Apparel,In-Store,3,36.89,116.21,75.86
6370,2024-12-14,East,Apparel,In-Store,3,45.75,144.1,83.82
6371,2024-12-14,West,Beauty,Online,4,29.81,119.25,77.85
6372,2024-12-14,East,Apparel,Online,1,52.75,55.38,34.87
6373,2024-12-14,South,Beauty,Online,4,29.97,89.92,53.64
6374,2024-12-14,East,Electronics,Online,3,177.01,557.58,337.46
6375,2024-12-14,West,Electronics,Mobile App,3,179.86,539.57,366.83
6376,2024-12-14,North,Home & Kitchen,Mobile App,4,68.21,313.76,186.76
6377,2024-12-14,West,Beauty,In-Store,1,28.41,28.41,16.25
6378,2024-12-14,South,Home & Kitchen,Online,1,66.43,49.82,30.45
6379,2024-12-14,North,Home & Kitchen,In-Store,3,58.75,202.7,135.72
6380,2024-12-14,West,Apparel,In-Store,3,46.77,140.3,83.64
6381,2024-12-15,South,Home & Kitchen,Online,3,72.86,163.94,96.97
6382,2024-12-15,East,Home & Kitchen,Online,4,66.75,280.33,168.81
6383,2024-12-15,East,Electronics,Online,2,155.43,326.39,182.63
6384,2024-12-15,North,Apparel,Online,4,40.78,187.57,116.67
6385,2024-12-15,South,Beauty,Mobile App,4,26.4,79.2,43.68
6386,2024-12-15,East,Apparel,Online,3,41.35,130.27,78.61
6387,2024-12-15,West,Electronics,In-Store,1,187.1,187.1,122.47
6388,2024-12-15,North,Beauty,In-Store,4,27.87,128.2,82.9
6389,2024-12-15,West,Sports,Online,4,51.26,205.04,116.45
6390,2024-12-15,West,Sports,Online,1,56.37,56.37,37.0
6391,2024-12-15,South,Electronics,Online,3,180.69,406.55,228.51
6392,2024-12-15,North,Sports,Online,4,66.71,306.85,191.42
6393,2024-12-15,West,Electronics,In-Store,3,166.9,500.71,305.99
6394,2024-12-15,East,Home & Kitchen,Online,4,73.84,310.14,206.63
6395,2024-12-15,North,Sports,Online,3,51.46,177.54,112.78
6396,2024-12-15,East,Beauty,Mobile App,2,31.61,66.38,44.46
6397,2024-12-15,North,Beauty,Online,4,23.33,107.34,70.69
6398,2024-12-15,South,Sports,Online,3,60.18,135.4,75.49
6399,2024-12-15,North,Electronics,In-Store,4,195.36,898.66,516.04
6400,2024-12-15,West,Home & Kitchen,Online,1,70.93,70.93,40.04
6401,2024-12-15,West,Home & Kitchen,In-Store,4,58.41,233.65,151.97
6402,2024-12-15,North,Beauty,Mobile App,3,23.63,81.53,54.95
6403,2024-12-16,West,Apparel,In-Store,3,42.61,127.83,78.98
6404,2024-12-16,South,Apparel,Mobile App,3,39.55,88.99,56.6
6405,2024-12-16,West,Electronics,In-Store,3,166.86,500.59,289.73
6406,2024-12-16,North,Electronics,In-Store,2,158.14,363.73,201.13
6407,2024-12-16,East,Home & Kitchen,Mobile App,4,62.43,262.21,168.93
6408,2024-12-16,North,Apparel,Online,4,41.07,188.93,128.23
6409,2024-12-16,East,Apparel,Online,3,44.92,141.49,91.23
6410,2024-12-16,East,Home & Kitchen,Online,2,72.62,152.5,88.98
6411,2024-12-16,South,Home & Kitchen,Online,2,57.55,86.32,58.4
6412,2024-12-16,South,Electronics,Mobile App,2,175.6,263.41,157.59
6413,2024-12-16,North,Home & Kitchen,Online,3,69.74,240.61,152.32
6414,2024-12-16,West,Beauty,In-Store,3,16.23,48.68,31.54
6415,2024-12-16,North,Electronics,Mobile App,3,178.25,614.98,387.64
6416,2024-12-16,West,Sports,In-Store,1,52.54,52.54,31.01
6417,2024-12-16,East,Beauty,In-Store,2,32.65,68.56,42.96
6418,2024-12-16,West,Electronics,Online,3,167.07,501.22,291.38
6419,2024-12-16,East,Home & Kitchen,Online,1,70.86,74.4,44.34
6420,2024-12-16,South,Home & Kitchen,In-Store,3,57.17,128.64,71.73
6421,2024-12-17,East,Beauty,Online,4,29.01,121.83,72.11
6422,2024-12-17,West,Home & Kitchen,Online,2,71.96,143.92,84.28
6423,2024-12-17,North,Beauty,Online,2,30.76,70.76,47.33
6424,2024-12-17,North,Electronics,Online,3,182.29,628.9,348.8
6425,2024-12-17,West,Sports,Mobile App,3,47.74,143.23,95.14
6426,2024-12-17,East,Apparel,In-Store,3,40.5,127.58,78.96
6427,2024-12-17,East,Sports,In-Store,2,50.93,106.95,61.68
6428,2024-12-17,West,Electronics,Mobile App,2,163.96,327.91,204.28
6429,2024-12-17,North,Beauty,In-Store,2,28.69,65.99,41.29
6430,2024-12-17,South,Apparel,Online,2,48.68,73.02,46.63
6431,2024-12-17,North,Sports,Mobile App,4,54.65,251.41,138.83
6432,2024-12-17,North,Sports,Online,3,53.45,184.41,117.58
6433,2024-12-17,South,Sports,Online,2,64.94,97.41,64.31
6434,2024-12-17,West,Apparel,Online,4,42.89,171.55,100.7
6435,2024-12-17,South,Electronics,Mobile App,4,194.22,582.65,383.24
6436,2024-12-18,East,Electronics,Online,3,208.24,655.95,371.96
6437,2024-12-18,North,Home & Kitchen,Online,2,75.86,174.48,105.87
6438,2024-12-18,West,Home & Kitchen,Online,2,61.49,122.98,81.15
6439,2024-12-18,West,Apparel,Online,4,39.04,156.15,92.92
6440,2024-12-18,West,Home & Kitchen,In-Store,4,55.88,223.52,124.45
6441,2024-12-18,West,Electronics,Online,1,177.66,177.66,115.52
6442,2024-12-18,South,Home & Kitchen,In-Store,2,57.68,86.52,50.95
6443,2024-12-18,North,Electronics,Mobile App,1,192.81,221.73,132.56
6444,2024-12-18,West,Beauty,Online,3,27.89,83.66,50.18
6445,2024-12-18,East,Sports,In-Store,2,50.13,105.27,65.23
6446,2024-12-18,West,Apparel,Online,3,47.41,142.23,83.53
6447,2024-12-18,North,Sports,In-Store,1,57.98,66.68,39.8
6448,2024-12-18,East,Sports,Mobile App,1,52.59,55.22,30.97
6449,2024-12-18,South,Sports,Online,1,59.86,44.89,30.08
6450,2024-12-18,West,Beauty,In-Store,3,32.78,98.35,57.66
6451,2024-12-18,East,Electronics,Mobile App,2,179.54,377.04,243.39
6452,2024-12-18,East,Home & Kitchen,In-Store,4,64.3,270.07,153.37
6453,2024-12-18,East,Beauty,Online,4,28.79,120.93,75.31
6454,2024-12-18,South,Electronics,In-Store,3,210.62,473.88,291.07
6455,2024-12-18,West,Apparel,In-Store,2,45.98,91.96,53.04
6456,2024-12-18,North,Beauty,In-Store,3,33.13,114.3,75.21
6457,2024-12-18,South,Sports,Online,2,65.79,98.68,64.68
6458,2024-12-18,South,Sports,Online,3,53.1,119.48,69.01
6459,2024-12-18,West,Electronics,In-Store,4,166.04,664.18,378.4
6460,2024-12-18,South,Sports,In-Store,2,61.68,92.52,57.11
6461,2024-12-18,East,Sports,In-Store,2,39.7,83.38,48.41
6462,2024-12-19,North,Beauty,Mobile App,4,29.33,134.93,89.9
6463,2024-12-19,North,Electronics,Online,3,222.48,767.55,462.02
6464,2024-12-19,North,Home & Kitchen,In-Store,3,63.72,219.82,133.73
6465,2024-12-19,South,Electronics,In-Store,3,177.92,400.32,224.35
6466,2024-12-19,West,Apparel,In-Store,4,34.55,138.18,93.58
6467,2024-12-19,North,Electronics,Online,1,206.52,237.5,150.39
6468,2024-12-19,East,Apparel,Mobile App,1,53.68,56.36,38.09
6469,2024-12-19,North,Home & Kitchen,Online,2,62.01,142.62,95.5
6470,2024-12-19,South,Sports,Online,1,46.41,34.81,23.24
6471,2024-12-19,West,Apparel,Mobile App,3,42.97,128.9,79.56
6472,2024-12-19,South,Beauty,Online,1,35.39,26.54,16.0
6473,2024-12-19,West,Home & Kitchen,Online,1,69.04,69.04,40.82
6474,2024-12-19,East,Sports,In-Store,2,53.29,111.91,72.93
6475,2024-12-19,East,Beauty,In-Store,2,29.65,62.26,40.35
6476,2024-12-19,West,Home & Kitchen,Online,4,54.41,217.64,141.8
6477,2024-12-19,South,Electronics,In-Store,1,193.17,144.88,92.47
6478,2024-12-19,West,Home & Kitchen,In-Store,4,62.56,250.25,166.27
6479,2024-12-19,South,Apparel,Mobile App,3,46.04,103.6,67.03
6480,2024-12-19,West,Electronics,Online,3,169.81,509.42,326.51
6481,2024-12-19,East,Beauty,In-Store,1,27.7,29.09,18.76
6482,2024-12-19,West,Sports,Online,3,48.4,145.19,98.1
6483,2024-12-19,West,Sports,Online,3,37.72,113.16,68.89
6484,2024-12-19,West,Electronics,Online,4,211.6,846.39,481.21
6485,2024-12-19,East,Beauty,Online,3,28.67,90.31,50.73
6486,2024-12-19,West,Electronics,Online,4,194.47,777.89,528.67
6487,2024-12-19,North,Sports,In-Store,2,64.11,147.46,91.59
6488,2024-12-19,West,Electronics,Online,4,173.74,694.95,465.78
6489,2024-12-19,East,Apparel,Online,3,45.82,144.32,84.14
6490,2024-12-19,East,Home & Kitchen,In-Store,2,63.62,133.6,83.47
6491,2024-12-19,West,Sports,Online,3,55.28,165.84,91.76
6492,2024-12-20,East,Home & Kitchen,In-Store,1,71.58,75.16,49.4
6493,2024-12-20,West,Electronics,Mobile App,4,200.45,801.79,537.42
6494,2024-12-20,East,Home & Kitchen,Mobile App,2,48.94,102.78,58.49
6495,2024-12-20,North,Sports,Mobile App,3,46.12,159.13,88.62
6496,2024-12-20,East,Sports,Online,3,51.42,161.98,94.41
6497,2024-12-20,East,Electronics,In-Store,3,149.27,470.2,315.68
6498,2024-12-20,East,Electronics,In-Store,3,210.97,664.55,376.82
6499,2024-12-20,North,Sports,Mobile App,3,45.73,157.77,102.74
6500,2024-12-20,East,Beauty,Online,1,27.11,28.47,16.32
6501,2024-12-20,North,Beauty,In-Store,4,29.46,135.52,87.51
6502,2024-12-20,South,Home & Kitchen,Online,2,59.01,88.52,58.6
6503,2024-12-20,North,Electronics,Online,2,175.78,404.3,256.3
6504,2024-12-20,North,Home & Kitchen,Online,1,74.57,85.75,47.74
6505,2024-12-20,South,Apparel,In-Store,4,49.24,147.71,96.11
6506,2024-12-20,East,Home & Kitchen,In-Store,4,65.76,276.21,178.75
6507,2024-12-21,North,Home & Kitchen,In-Store,2,53.4,122.82,70.32
6508,2024-12-21,North,Electronics,Mobile App,2,174.32,400.94,259.94
6509,2024-12-21,West,Beauty,Mobile App,4,29.01,116.04,67.61
6510,2024-12-21,North,Electronics,Mobile App,4,157.78,725.78,464.15
6511,2024-12-21,North,Beauty,Online,3,29.76,102.68,62.2
6512,2024-12-21,South,Beauty,Online,3,21.29,47.9,32.24
6513,2024-12-21,South,Beauty,In-Store,3,26.68,60.02,40.15
6514,2024-12-21,South,Apparel,Online,4,39.63,118.9,67.5
6515,2024-12-21,South,Electronics,Online,1,185.81,139.36,84.3
6516,2024-12-21,South,Sports,In-Store,2,59.78,89.67,58.14
6517,2024-12-21,East,Home & Kitchen,Online,4,69.73,292.88,184.1
6518,2024-12-21,South,Apparel,Online,4,53.38,160.15,89.17
6519,2024-12-21,North,Home & Kitchen,In-Store,1,58.67,67.47,42.21
6520,2024-12-21,West,Beauty,In-Store,1,26.22,26.22,15.24
6521,2024-12-21,North,Electronics,In-Store,3,153.9,530.96,314.49
6522,2024-12-21,West,Home & Kitchen,Online,1,67.94,67.94,40.46
6523,2024-12-21,North,Apparel,In-Store,3,42.1,145.23,95.93
6524,2024-12-21,East,Sports,Online,1,45.85,48.15,26.56
6525,2024-12-21,South,Home & Kitchen,Online,3,64.08,144.19,84.34
6526,2024-12-21,North,Beauty,Online,3,20.17,69.59,45.39
6527,2024-12-21,East,Apparel,Online,1,52.6,55.23,34.87
6528,2024-12-21,East,Electronics,Online,4,153.82,646.04,376.11
6529,2024-12-22,South,Apparel,Mobile App,1,50.3,37.73,25.27
6530,2024-12-22,East,Apparel,In-Store,4,48.8,204.97,122.41
6531,2024-12-22,South,Beauty,Online,1,37.56,28.17,18.04
6532,2024-12-22,South,Sports,Online,3,59.95,134.9,87.66
6533,2024-12-22,West,Home & Kitchen,Online,4,64.33,257.31,145.75
6534,2024-12-22,North,Home & Kitchen,Online,1,71.69,82.44,48.83
6535,2024-12-22,North,Apparel,Online,4,37.52,172.58,104.72
6536,2024-12-22,East,Electronics,In-Store,2,211.91,445.01,253.21
6537,2024-12-22,West,Beauty,Online,2,34.76,69.51,46.93
6538,2024-12-22,South,Home & Kitchen,Mobile App,2,70.77,106.16,63.74
6539,2024-12-22,North,Electronics,Mobile App,2,150.13,345.3,229.7
6540,2024-12-22,North,Electronics,Mobile App,4,165.41,760.91,466.06
6541,2024-12-22,East,Electronics,In-Store,2,182.24,382.71,255.58
6542,2024-12-22,North,Electronics,Online,2,178.36,410.23,236.75
6543,2024-12-22,South,Electronics,Online,3,168.23,378.52,227.92
6544,2024-12-22,East,Beauty,Online,3,34.71,109.33,67.51
6545,2024-12-22,West,Apparel,Mobile App,3,45.57,136.72,91.17
6546,2024-12-22,East,Apparel,Mobile App,3,58.63,184.69,124.36
6547,2024-12-22,North,Beauty,In-Store,1,31.15,35.83,24.32
6548,2024-12-22,West,Beauty,In-Store,2,33.21,66.43,42.47
6549,2024-12-22,West,Beauty,Online,1,24.58,24.58,16.35
6550,2024-12-23,East,Electronics,In-Store,2,137.58,288.92,179.88
6551,2024-12-23,North,Electronics,In-Store,1,195.19,224.46,135.98
6552,2024-12-23,South,Beauty,Online,1,23.37,17.53,11.82
6553,2024-12-23,South,Electronics,Online,4,179.52,538.56,316.73
6554,2024-12-23,South,Beauty,Mobile App,2,25.08,37.63,25.33
6555,2024-12-23,East,Home & Kitchen,Online,3,50.99,160.62,108.86
6556,2024-12-23,North,Beauty,Online,2,25.63,58.94,35.0
6557,2024-12-23,East,Electronics,Online,2,205.95,432.5,248.01
6558,2024-12-23,North,Home & Kitchen,Online,4,73.37,337.5,198.28
6559,2024-12-23,North,Home & Kitchen,Online,2,65.12,149.79,87.58
6560,2024-12-23,North,Electronics,In-Store,4,199.09,915.83,548.45
6561,2024-12-23,North,Home & Kitchen,Mobile App,1,66.94,76.98,44.11
6562,2024-12-23,East,Sports,Online,3,41.47,130.64,85.59
6563,2024-12-23,West,Apparel,In-Store,2,32.78,65.57,42.71
6564,2024-12-23,East,Beauty,In-Store,2,30.57,64.19,37.34
6565,2024-12-23,South,Sports,Online,1,50.12,37.59,25.22
6566,2024-12-23,South,Sports,Online,4,45.7,137.09,81.26
6567,2024-12-23,North,Apparel,Online,4,41.05,188.85,126.72
6568,2024-12-23,East,Electronics,Online,3,191.34,602.73,404.48
6569,2024-12-23,East,Apparel,In-Store,4,36.27,152.32,95.6
6570,2024-12-23,West,Apparel,Online,2,48.39,96.77,64.33
6571,2024-12-24,South,Beauty,Mobile App,4,29.28,87.85,57.91
6572,2024-12-24,North,Apparel,Online,1,49.12,56.49,35.41
6573,2024-12-24,North,Electronics,Online,4,192.28,884.49,560.77
6574,2024-12-24,East,Home & Kitchen,Online,1,55.87,58.66,34.11
6575,2024-12-24,West,Electronics,Online,1,176.3,176.3,99.37
6576,2024-12-24,North,Beauty,Mobile App,3,28.57,98.55,55.51
6577,2024-12-24,East,Electronics,Online,2,142.85,299.98,192.78
6578,2024-12-24,East,Electronics,In-Store,2,181.1,380.31,223.23
6579,2024-12-24,West,Apparel,Online,4,50.63,202.51,120.59
6580,2024-12-24,South,Sports,In-Store,1,62.68,47.01,28.19
6581,2024-12-24,East,Apparel,Online,1,54.58,57.31,33.16
6582,2024-12-24,North,Electronics,Mobile App,4,195.19,897.89,536.35
6583,2024-12-24,East,Electronics,Online,1,186.61,195.94,130.69
6584,2024-12-24,East,Sports,Online,3,53.95,169.94,102.76
6585,2024-12-24,West,Electronics,In-Store,1,152.23,152.23,87.66
6586,2024-12-24,South,Home & Kitchen,In-Store,4,72.42,217.25,141.04
6587,2024-12-24,West,Sports,Online,4,51.14,204.55,130.99
6588,2024-12-24,West,Home & Kitchen,In-Store,2,60.7,121.41,82.07
6589,2024-12-24,South,Apparel,Online,2,51.26,76.89,49.61
6590,2024-12-24,West,Electronics,Mobile App,1,214.35,214.35,132.33
6591,2024-12-24,East,Electronics,Mobile App,1,164.66,172.89,112.77
6592,2024-12-24,East,Beauty,Online,1,23.77,24.96,14.69
6593,2024-12-24,West,Apparel,Online,2,44.1,88.19,54.86
6594,2024-12-24,North,Beauty,In-Store,2,29.82,68.59,44.23
6595,2024-12-24,South,Apparel,Online,2,41.94,62.92,35.98
6596,2024-12-25,North,Beauty,In-Store,1,28.52,32.8,19.69
6597,2024-12-25,North,Sports,Mobile App,1,52.13,59.95,36.94
6598,2024-12-25,South,Apparel,In-Store,3,45.37,102.08,62.51
6599,2024-12-25,West,Home & Kitchen,Online,2,71.64,143.28,79.88
6600,2024-12-25,West,Apparel,Mobile App,4,45.75,183.02,107.47
6601,2024-12-25,West,Apparel,Online,1,51.41,51.41,29.75
6602,2024-12-25,West,Beauty,Mobile App,2,29.07,58.15,34.23
6603,2024-12-25,South,Home & Kitchen,In-Store,2,77.57,116.35,77.64
6604,2024-12-25,West,Apparel,Online,3,48.39,145.18,87.3
6605,2024-12-25,East,Electronics,Online,2,204.94,430.36,252.52
6606,2024-12-25,North,Apparel,In-Store,1,51.06,58.72,38.28
6607,2024-12-25,South,Home & Kitchen,Online,2,56.93,85.4,48.75
6608,2024-12-25,North,Beauty,Online,4,23.95,110.17,71.84
6609,2024-12-25,West,Electronics,In-Store,1,182.15,182.15,100.82
6610,2024-12-25,South,Home & Kitchen,Online,4,62.48,187.43,119.75
6611,2024-12-25,East,Apparel,Mobile App,2,44.52,93.49,60.0
6612,2024-12-25,East,Sports,Mobile App,3,63.54,200.14,120.82
6613,2024-12-25,North,Sports,Online,1,50.33,57.88,38.68
6614,2024-12-25,West,Electronics,Mobile App,3,208.81,626.42,419.53
6615,2024-12-25,South,Beauty,In-Store,1,27.78,20.84,13.9
6616,2024-12-25,North,Sports,Online,1,51.86,59.63,36.16
6617,2024-12-25,North,Sports,In-Store,2,51.77,119.07,70.25
6618,2024-12-25,North,Apparel,In-Store,4,36.96,170.03,104.82
6619,2024-12-25,North,Home & Kitchen,Mobile App,4,75.39,346.82,202.71
6620,2024-12-25,South,Beauty,In-Store,2,32.26,48.39,32.11
6621,2024-12-25,East,Electronics,In-Store,1,147.09,154.45,102.94
6622,2024-12-26,South,Beauty,Online,3,27.88,62.74,42.43
6623,2024-12-26,North,Sports,Mobile App,1,62.55,71.94,44.49
6624,2024-12-26,East,Apparel,Online,2,54.21,113.83,66.65
6625,2024-12-26,South,Beauty,In-Store,1,29.1,21.83,13.22
6626,2024-12-26,West,Beauty,Online,1,32.75,32.75,21.28
6627,2024-12-26,East,Home & Kitchen,In-Store,4,59.47,249.79,160.36
6628,2024-12-26,East,Sports,Online,2,53.76,112.89,68.12
6629,2024-12-26,North,Sports,Online,3,55.35,190.97,109.03
6630,2024-12-26,East,Beauty,In-Store,3,26.93,84.82,48.31
6631,2024-12-26,North,Electronics,Online,3,137.37,473.94,289.95
6632,2024-12-26,West,Beauty,Online,3,25.8,77.41,43.46
6633,2024-12-26,East,Electronics,In-Store,2,197.24,414.21,252.26
6634,2024-12-26,East,Electronics,Online,2,165.26,347.04,235.86
6635,2024-12-26,West,Electronics,Online,1,194.17,194.17,107.94
6636,2024-12-26,North,Sports,Mobile App,3,57.63,198.82,123.85
6637,2024-12-26,North,Home & Kitchen,Mobile App,3,70.88,244.55,147.65
6638,2024-12-26,West,Home & Kitchen,Online,3,75.38,226.15,147.55
6639,2024-12-26,West,Apparel,Mobile App,4,43.02,172.1,100.58
6640,2024-12-26,North,Home & Kitchen,In-Store,4,66.1,304.04,183.0
6641,2024-12-26,West,Beauty,In-Store,3,24.7,74.11,48.51
6642,2024-12-26,East,Apparel,In-Store,4,50.58,212.43,141.99
6643,2024-12-26,North,Beauty,Online,4,23.0,105.8,69.61
6644,2024-12-26,North,Electronics,Mobile App,3,194.36,670.54,410.97
6645,2024-12-26,North,Beauty,Mobile App,3,29.1,100.39,65.13
6646,2024-12-26,North,Electronics,Online,1,139.21,160.09,107.7
6647,2024-12-26,South,Apparel,In-Store,1,45.97,34.48,22.43
6648,2024-12-26,North,Sports,In-Store,4,49.04,225.59,131.53
6649,2024-12-26,East,Home & Kitchen,In-Store,1,66.28,69.6,42.72
6650,2024-12-26,North,Beauty,Online,4,33.31,153.21,86.36
6651,2024-12-27,North,Electronics,Online,3,168.67,581.91,388.28
6652,2024-12-27,East,Beauty,In-Store,2,31.05,65.2,39.51
6653,2024-12-27,West,Beauty,Online,2,32.87,65.74,38.66
6654,2024-12-27,East,Apparel,In-Store,1,41.75,43.83,28.51
6655,2024-12-27,West,Electronics,Mobile App,2,217.53,435.06,291.03
6656,2024-12-27,West,Electronics,In-Store,4,155.26,621.03,381.0
6657,2024-12-27,North,Home & Kitchen,In-Store,1,58.33,67.08,42.46
6658,2024-12-27,West,Electronics,In-Store,1,193.28,193.28,122.93
6659,2024-12-27,East,Home & Kitchen,In-Store,3,60.59,190.85,124.29
6660,2024-12-27,East,Apparel,Online,4,52.23,219.38,133.42
6661,2024-12-27,North,Beauty,Online,3,28.0,96.59,58.92
6662,2024-12-27,North,Beauty,Mobile App,3,25.73,88.78,59.66
6663,2024-12-27,North,Electronics,In-Store,4,177.66,817.25,484.4
6664,2024-12-27,South,Electronics,Online,1,195.79,146.84,80.87
6665,2024-12-27,West,Home & Kitchen,Online,4,68.6,274.39,173.21
6666,2024-12-27,West,Home & Kitchen,In-Store,4,76.76,307.05,197.94
6667,2024-12-27,South,Home & Kitchen,Online,1,53.67,40.25,24.69
6668,2024-12-27,South,Beauty,Online,2,37.63,56.45,36.77
6669,2024-12-27,West,Home & Kitchen,Mobile App,1,65.39,65.39,38.9
6670,2024-12-28,South,Electronics,Online,2,194.99,292.48,197.12
6671,2024-12-28,West,Electronics,In-Store,2,186.02,372.04,231.51
6672,2024-12-28,South,Electronics,Online,3,212.81,478.82,311.84
6673,2024-12-28,East,Beauty,In-Store,2,33.26,69.84,45.92
6674,2024-12-28,North,Electronics,Mobile App,4,197.66,909.22,609.32
6675,2024-12-28,North,Electronics,Mobile App,3,166.78,575.39,380.63
6676,2024-12-28,East,Apparel,Online,3,40.43,127.37,85.06
6677,2024-12-28,North,Electronics,Online,1,169.19,194.57,107.21
6678,2024-12-28,West,Sports,Mobile App,2,60.12,120.25,80.8
6679,2024-12-28,South,Apparel,In-Store,1,43.24,32.43,20.46
6680,2024-12-28,South,Apparel,Mobile App,2,49.29,73.94,46.43
6681,2024-12-28,North,Electronics,In-Store,1,165.81,190.68,126.86
6682,2024-12-28,East,Apparel,Online,3,39.58,124.68,80.42
6683,2024-12-28,North,Beauty,Online,4,22.68,104.35,57.62
6684,2024-12-28,North,Home & Kitchen,Online,2,69.2,159.16,91.32
6685,2024-12-28,East,Electronics,Online,2,178.91,375.72,218.07
6686,2024-12-28,East,Beauty,Online,2,26.19,55.0,35.21
6687,2024-12-28,West,Home & Kitchen,Online,2,56.97,113.94,67.44
6688,2024-12-28,West,Beauty,In-Store,1,22.41,22.41,14.51
6689,2024-12-28,West,Apparel,Online,1,37.56,37.56,22.98
6690,2024-12-29,West,Apparel,In-Store,4,42.37,169.5,108.27
6691,2024-12-29,North,Electronics,Online,3,167.57,578.13,371.37
6692,2024-12-29,East,Electronics,Mobile App,1,224.36,235.58,137.21
6693,2024-12-29,North,Sports,Mobile App,1,50.56,58.14,39.15
6694,2024-12-29,West,Beauty,Online,3,26.87,80.62,53.48
6695,2024-12-29,North,Sports,Online,1,63.76,73.32,48.46
6696,2024-12-29,West,Apparel,Online,1,38.5,38.5,21.97
6697,2024-12-29,East,Electronics,Mobile App,3,195.19,614.84,346.27
6698,2024-12-29,East,Sports,Mobile App,3,52.5,165.38,96.41
6699,2024-12-29,South,Beauty,In-Store,4,25.0,74.99,48.19
6700,2024-12-29,West,Apparel,In-Store,2,40.93,81.87,46.94
6701,2024-12-29,West,Apparel,Mobile App,1,39.12,39.12,25.9
6702,2024-12-29,East,Sports,Online,4,61.11,256.64,171.18
6703,2024-12-29,East,Sports,Mobile App,2,49.62,104.2,63.31
6704,2024-12-29,West,Beauty,Online,3,30.03,90.09,52.97
6705,2024-12-29,East,Electronics,Online,3,187.81,591.62,358.34
6706,2024-12-29,North,Electronics,In-Store,2,193.01,443.93,273.46
6707,2024-12-29,South,Beauty,Mobile App,1,25.29,18.97,12.06
6708,2024-12-29,East,Sports,Online,4,39.83,167.29,113.14
6709,2024-12-29,North,Home & Kitchen,Online,1,68.1,78.31,52.46
6710,2024-12-29,East,Electronics,Online,2,196.74,413.15,258.06
6711,2024-12-29,West,Home & Kitchen,In-Store,1,63.95,63.95,42.18
6712,2024-12-30,North,Home & Kitchen,In-Store,3,66.32,228.8,147.45
6713,2024-12-30,North,Electronics,Mobile App,2,205.18,471.91,259.78
6714,2024-12-30,East,Sports,In-Store,3,51.09,160.93,102.61
6715,2024-12-30,North,Beauty,In-Store,2,27.87,64.11,40.14
6716,2024-12-30,North,Sports,In-Store,1,52.23,60.06,34.14
6717,2024-12-30,North,Home & Kitchen,Mobile App,4,67.19,309.07,175.53
6718,2024-12-30,West,Home & Kitchen,In-Store,3,61.42,184.27,124.93
6719,2024-12-30,East,Home & Kitchen,Online,1,63.56,66.74,40.82
6720,2024-12-30,South,Electronics,In-Store,1,175.13,131.34,76.26
6721,2024-12-30,South,Electronics,In-Store,2,165.58,248.37,142.18
6722,2024-12-30,East,Apparel,Online,1,45.72,48.01,26.87
6723,2024-12-30,North,Electronics,Mobile App,2,214.41,493.15,306.56
6724,2024-12-30,South,Apparel,Online,4,34.39,103.17,67.48
6725,2024-12-30,North,Electronics,In-Store,4,216.19,994.46,641.12
6726,2024-12-30,West,Electronics,Online,4,165.24,660.96,411.42
6727,2024-12-30,North,Apparel,Mobile App,4,46.54,214.09,127.31
6728,2024-12-30,East,Home & Kitchen,Online,2,71.78,150.74,97.86
6729,2024-12-30,North,Electronics,Online,2,165.73,381.17,220.12
6730,2024-12-30,North,Beauty,In-Store,4,29.19,134.28,78.43
6731,2024-12-30,West,Sports,Online,4,52.54,210.15,132.94
6732,2024-12-30,North,Sports,Online,1,45.0,51.75,34.07
6733,2024-12-30,West,Electronics,Mobile App,4,167.27,669.07,453.74
6734,2024-12-31,East,Sports,Online,2,50.2,105.42,59.88
6735,2024-12-31,North,Beauty,In-Store,3,23.89,82.42,54.56
6736,2024-12-31,North,Electronics,Online,4,168.66,775.82,433.46
6737,2024-12-31,North,Home & Kitchen,Online,4,84.69,389.57,245.6
6738,2024-12-31,West,Home & Kitchen,In-Store,3,65.65,196.94,117.75
6739,2024-12-31,West,Electronics,In-Store,1,149.83,149.83,100.44
6740,2024-12-31,West,Sports,Online,4,50.59,202.35,120.93
6741,2024-12-31,West,Apparel,Online,1,45.61,45.61,25.45
6742,2024-12-31,East,Sports,Mobile App,1,49.1,51.55,32.31
6743,2024-12-31,West,Beauty,Online,2,30.25,60.5,40.91
6744,2024-12-31,South,Electronics,Online,3,194.17,436.89,279.1
6745,2024-12-31,South,Home & Kitchen,Online,2,72.17,108.25,71.01
6746,2024-12-31,South,Apparel,In-Store,1,41.6,31.2,20.81
6747,2024-12-31,North,Electronics,Mobile App,2,219.28,504.34,285.22
6748,2024-12-31,South,Electronics,In-Store,1,176.12,132.09,76.32
6749,2024-12-31,East,Electronics,Online,2,155.76,327.09,196.47
6750,2024-12-31,South,Sports,Online,1,47.89,35.92,22.31
6751,2024-12-31,West,Electronics,In-Store,2,193.45,386.9,257.15
6752,2024-12-31,North,Sports,Online,2,64.45,148.23,93.65
6753,2024-12-31,South,Electronics,Mobile App,1,195.95,146.97,83.55
6754,2024-12-31,North,Beauty,In-Store,2,27.97,64.33,37.25
6755,2024-12-31,South,Apparel,Online,1,41.16,30.87,17.94
6756,2024-12-31,West,Sports,In-Store,3,56.13,168.39,102.88
6757,2024-12-31,East,Home & Kitchen,Mobile App,1,72.0,75.6,42.28
6758,2024-12-31,East,Electronics,Online,2,177.23,372.18,214.92
6759,2024-12-31,East,Beauty,In-Store,2,28.51,59.88,37.99
6760,2025-01-01,East,Electronics,Mobile App,3,183.54,578.17,363.92
6761,2025-01-01,West,Home & Kitchen,Mobile App,4,75.4,301.6,197.31
6762,2025-01-01,North,Sports,Mobile App,3,55.59,191.78,114.86
6763,2025-01-01,West,Sports,Mobile App,1,54.62,54.62,30.72
6764,2025-01-01,South,Apparel,Online,4,43.99,131.96,88.46
6765,2025-01-01,West,Beauty,Online,1,27.62,27.62,15.64
6766,2025-01-01,West,Electronics,In-Store,4,146.9,587.58,339.18
6767,2025-01-01,North,Sports,Online,3,59.85,206.5,118.22
6768,2025-01-02,South,Apparel,Online,2,50.5,75.76,50.63
6769,2025-01-02,West,Apparel,In-Store,2,41.78,83.56,48.69
6770,2025-01-02,East,Apparel,Mobile App,1,41.09,43.15,25.28
6771,2025-01-02,East,Sports,In-Store,1,57.04,59.89,39.32
6772,2025-01-02,South,Apparel,Mobile App,3,41.96,94.41,55.45
6773,2025-01-02,North,Electronics,Online,1,156.47,179.95,101.85
6774,2025-01-02,West,Apparel,Online,4,46.32,185.28,121.81
6775,2025-01-02,North,Apparel,Online,1,44.03,50.64,29.74
6776,2025-01-03,West,Apparel,Online,3,35.54,106.62,69.83
6777,2025-01-03,South,Home & Kitchen,Online,3,68.65,154.45,97.93
6778,2025-01-03,West,Home & Kitchen,Online,2,62.86,125.71,81.94
6779,2025-01-03,North,Apparel,In-Store,4,39.72,182.73,109.61
6780,2025-01-03,West,Sports,Mobile App,2,64.01,128.03,77.82
6781,2025-01-03,East,Beauty,Online,4,25.68,107.86,67.17
6782,2025-01-03,East,Sports,Online,3,62.02,195.38,111.83
6783,2025-01-03,North,Apparel,In-Store,4,53.11,244.31,153.42
6784,2025-01-04,East,Home & Kitchen,Online,4,59.56,250.15,161.57
6785,2025-01-04,West,Electronics,Online,2,127.74,255.48,168.58
6786,2025-01-04,North,Sports,In-Store,1,48.29,55.53,32.84
6787,2025-01-04,East,Electronics,Online,1,195.37,205.13,138.82
6788,2025-01-05,North,Electronics,In-Store,4,213.71,983.05,610.11
6789,2025-01-05,West,Apparel,In-Store,4,46.94,187.74,109.23
6790,2025-01-05,West,Home & Kitchen,In-Store,4,72.36,289.44,161.85
6791,2025-01-05,North,Apparel,In-Store,2,48.52,111.59,71.35
6792,2025-01-05,North,Beauty,Online,2,24.66,56.72,38.14
6793,2025-01-05,East,Beauty,Mobile App,2,25.54,53.64,32.21
6794,2025-01-05,North,Beauty,Mobile App,1,24.31,27.96,18.95
6795,2025-01-05,South,Beauty,Mobile App,2,23.01,34.51,21.57
6796,2025-01-05,South,Apparel,Online,4,40.92,122.77,80.77
6797,2025-01-05,South,Home & Kitchen,Online,1,54.6,40.95,26.35
6798,2025-01-06,East,Apparel,Online,3,50.18,158.06,90.06
6799,2025-01-06,East,Electronics,In-Store,2,180.83,379.74,232.75
6800,2025-01-06,West,Electronics,In-Store,1,170.19,170.19,95.73
6801,2025-01-06,West,Apparel,Online,4,42.26,169.06,93.7
6802,2025-01-06,East,Electronics,Mobile App,2,140.04,294.09,188.6
6803,2025-01-06,West,Home & Kitchen,Mobile App,4,68.22,272.89,161.36
6804,2025-01-06,North,Apparel,In-Store,4,36.1,166.06,109.63
6805,2025-01-06,North,Apparel,Online,2,44.8,103.03,57.95
6806,2025-01-06,North,Electronics,Online,3,207.28,715.11,455.68
6807,2025-01-06,North,Electronics,Mobile App,3,162.55,560.8,340.93
6808,2025-01-06,South,Electronics,In-Store,4,178.55,535.66,320.37
6809,2025-01-06,East,Electronics,In-Store,3,160.83,506.62,292.21
6810,2025-01-06,West,Electronics,In-Store,3,178.2,534.61,324.19
6811,2025-01-06,West,Home & Kitchen,Online,2,63.98,127.96,78.65
6812,2025-01-06,East,Electronics,Online,2,197.92,415.64,242.79
6813,2025-01-06,West,Apparel,Online,4,47.61,190.46,116.11
6814,2025-01-06,North,Electronics,Mobile App,1,198.51,228.29,128.08
6815,2025-01-07,North,Beauty,Mobile App,4,29.25,134.57,75.19
6816,2025-01-07,North,Apparel,Online,1,45.44,52.25,32.6
6817,2025-01-07,South,Home & Kitchen,Online,2,66.61,99.92,59.97
6818,2025-01-07,West,Electronics,Online,2,167.04,334.08,221.35
6819,2025-01-07,East,Apparel,Mobile App,3,47.73,150.36,92.1
6820,2025-01-07,West,Electronics,Online,4,202.24,808.94,457.14
6821,2025-01-07,West,Home & Kitchen,Online,2,61.99,123.97,81.18
6822,2025-01-07,North,Electronics,Online,3,165.86,572.22,329.31
6823,2025-01-07,East,Electronics,Mobile App,3,201.26,633.98,371.93
6824,2025-01-07,South,Sports,Mobile App,3,60.84,136.9,80.85
6825,2025-01-08,East,Beauty,Online,2,27.15,57.02,35.04
6826,2025-01-08,East,Sports,Mobile App,2,43.67,91.7,61.91
6827,2025-01-08,South,Beauty,Online,4,31.2,93.59,57.78
6828,2025-01-08,North,Home & Kitchen,Online,3,68.1,234.96,156.29
6829,2025-01-08,South,Apparel,Online,1,58.96,44.22,29.22
6830,2025-01-08,North,Home & Kitchen,Mobile App,4,62.19,286.07,180.41
6831,2025-01-08,East,Home & Kitchen,Online,1,71.43,75.0,48.83
6832,2025-01-08,East,Electronics,Online,4,141.26,593.31,378.08
6833,2025-01-08,East,Apparel,Mobile App,2,42.05,88.3,57.67
6834,2025-01-08,South,Apparel,In-Store,1,45.51,34.13,21.76
6835,2025-01-08,South,Home & Kitchen,Online,3,67.9,152.78,97.85
6836,2025-01-08,West,Electronics,Mobile App,4,193.03,772.11,493.83
6837,2025-01-09,East,Electronics,Online,4,216.48,909.23,615.91
6838,2025-01-09,North,Apparel,Online,1,44.71,51.42,31.79
6839,2025-01-09,South,Beauty,Mobile App,4,27.51,82.52,52.47
6840,2025-01-09,West,Beauty,Online,2,31.01,62.02,40.29
6841,2025-01-09,North,Electronics,In-Store,2,156.19,359.23,224.36
6842,2025-01-09,North,Beauty,Mobile App,3,26.13,90.15,57.48
6843,2025-01-09,East,Electronics,In-Store,4,167.2,702.25,409.71
6844,2025-01-09,East,Home & Kitchen,Online,2,69.47,145.89,90.34
6845,2025-01-10,West,Electronics,Mobile App,1,160.75,160.75,105.52
6846,2025-01-10,North,Apparel,Online,3,37.58,129.64,77.23
6847,2025-01-10,North,Electronics,Online,4,209.94,965.73,652.85
6848,2025-01-10,North,Sports,Online,2,52.39,120.51,81.46
6849,2025-01-10,West,Electronics,Online,1,142.57,142.57,83.49
6850,2025-01-11,North,Home & Kitchen,In-Store,1,66.15,76.07,44.24
6851,2025-01-11,South,Apparel,Online,3,40.85,91.9,56.71
6852,2025-01-11,South,Home & Kitchen,Online,4,55.44,166.31,99.87
6853,2025-01-11,East,Apparel,Mobile App,3,45.92,144.65,97.1
6854,2025-01-11,East,Home & Kitchen,Online,4,58.62,246.2,140.08
6855,2025-01-11,East,Electronics,Mobile App,4,175.5,737.09,475.8
6856,2025-01-11,South,Electronics,Mobile App,2,170.92,256.38,143.42
6857,2025-01-11,North,Electronics,Online,3,167.06,576.37,378.94
6858,2025-01-11,North,Electronics,In-Store,3,196.94,679.44,410.16
6859,2025-01-11,South,Electronics,Online,1,204.99,153.74,92.57
6860,2025-01-11,North,Electronics,Online,3,203.63,702.52,398.89
6861,2025-01-11,South,Home & Kitchen,Online,1,49.96,37.47,21.52
6862,2025-01-11,East,Electronics,In-Store,4,168.87,709.27,405.57
6863,2025-01-11,West,Beauty,In-Store,4,32.21,128.84,83.65
6864,2025-01-12,East,Sports,Online,3,52.47,165.28,92.65
6865,2025-01-12,South,Beauty,In-Store,2,32.43,48.64,28.31
6866,2025-01-12,East,Electronics,Online,4,243.17,1021.3,686.23
6867,2025-01-12,East,Apparel,Mobile App,1,34.64,36.37,24.28
6868,2025-01-12,East,Home & Kitchen,Mobile App,4,62.65,263.12,155.38
6869,2025-01-12,North,Electronics,Online,1,160.57,184.66,119.05
6870,2025-01-12,East,Sports,Online,2,50.05,105.1,71.18
6871,2025-01-12,South,Electronics,In-Store,3,183.24,412.29,261.42
6872,2025-01-12,North,Beauty,In-Store,4,22.16,101.93,66.07
6873,2025-01-13,North,Electronics,Mobile App,3,183.78,634.04,391.25
6874,2025-01-13,East,Home & Kitchen,In-Store,4,65.29,274.23,171.11
6875,2025-01-13,South,Electronics,In-Store,3,186.4,419.4,251.01
6876,2025-01-13,East,Beauty,Online,4,32.11,134.86,91.2
6877,2025-01-13,West,Home & Kitchen,Online,4,72.15,288.6,176.75
6878,2025-01-13,North,Sports,In-Store,2,48.64,111.87,62.02
6879,2025-01-13,East,Home & Kitchen,Online,4,65.16,273.67,180.87
6880,2025-01-13,South,Apparel,In-Store,1,55.25,41.44,24.41
6881,2025-01-13,West,Apparel,Mobile App,4,47.88,191.52,107.31
6882,2025-01-13,West,Beauty,Online,3,28.66,85.99,53.94
6883,2025-01-13,East,Sports,In-Store,3,66.89,210.72,134.27
6884,2025-01-13,West,Home & Kitchen,Online,1,61.78,61.78,38.31
6885,2025-01-13,East,Electronics,In-Store,1,187.67,197.06,125.49
6886,2025-01-14,North,Home & Kitchen,Online,3,69.84,240.95,154.1
6887,2025-01-14,East,Apparel,Online,3,51.4,161.92,90.43
6888,2025-01-14,West,Beauty,Mobile App,2,26.52,53.05,33.51
6889,2025-01-14,West,Home & Kitchen,Online,3,67.76,203.29,120.73
6890,2025-01-14,East,Apparel,Mobile App,1,41.14,43.2,27.46
6891,2025-01-14,East,Home & Kitchen,Mobile App,1,71.08,74.63,46.15
6892,2025-01-14,West,Apparel,In-Store,2,44.79,89.58,52.21
6893,2025-01-14,South,Apparel,Online,1,36.22,27.16,16.45
6894,2025-01-14,North,Apparel,Mobile App,3,38.55,132.99,87.6
6895,2025-01-14,West,Home & Kitchen,In-Store,4,73.32,293.27,185.98
6896,2025-01-14,West,Electronics,Online,2,182.02,364.05,244.95
6897,2025-01-14,West,Electronics,Mobile App,1,124.63,124.63,79.85
6898,2025-01-14,East,Sports,Mobile App,2,50.08,105.16,68.44
6899,2025-01-14,West,Sports,Online,4,52.92,211.68,129.1
6900,2025-01-14,East,Sports,In-Store,2,59.49,124.93,73.76
6901,2025-01-15,West,Apparel,Online,1,42.55,42.55,26.2
6902,2025-01-15,West,Electronics,Online,3,203.95,611.85,378.42
6903,2025-01-15,East,Apparel,Online,3,38.96,122.74,76.46
6904,2025-01-15,West,Beauty,Online,3,27.22,81.67,53.27
6905,2025-01-15,East,Home & Kitchen,Online,2,77.73,163.22,95.31
6906,2025-01-15,North,Sports,In-Store,3,73.73,254.38,141.61
6907,2025-01-16,South,Apparel,Online,3,47.37,106.59,59.59
6908,2025-01-16,West,Apparel,Mobile App,3,48.78,146.35,93.77
6909,2025-01-16,West,Apparel,Online,1,55.28,55.28,33.83
6910,2025-01-16,South,Home & Kitchen,In-Store,2,63.29,94.93,61.81
6911,2025-01-16,East,Beauty,Mobile App,1,25.3,26.56,17.42
6912,2025-01-16,East,Beauty,Mobile App,2,27.48,57.72,35.45
6913,2025-01-16,North,Apparel,Online,1,40.29,46.33,29.66
6914,2025-01-16,West,Electronics,Online,1,217.93,217.93,124.0
6915,2025-01-16,West,Home & Kitchen,In-Store,4,66.16,264.62,175.17
6916,2025-01-17,North,Beauty,Online,1,22.76,26.17,16.39
6917,2025-01-17,West,Apparel,In-Store,1,48.37,48.37,31.37
6918,2025-01-17,West,Apparel,Online,4,47.12,188.48,112.13
6919,2025-01-17,North,Apparel,Online,2,37.59,86.45,55.1
6920,2025-01-17,North,Beauty,In-Store,2,34.95,80.39,49.84
6921,2025-01-17,West,Apparel,Online,3,55.88,167.64,101.58
6922,2025-01-17,South,Electronics,Mobile App,2,185.15,277.73,183.91
6923,2025-01-18,North,Electronics,Online,2,184.86,425.17,271.51
6924,2025-01-18,South,Sports,In-Store,2,54.89,82.34,54.74
6925,2025-01-18,South,Beauty,In-Store,1,26.68,20.01,12.99
6926,2025-01-18,North,Sports,Mobile App,4,63.19,290.67,160.12
6927,2025-01-18,East,Beauty,Online,1,24.67,25.9,16.38
6928,2025-01-18,West,Apparel,In-Store,1,49.72,49.72,33.78
6929,2025-01-18,South,Apparel,Online,4,50.21,150.63,89.22
6930,2025-01-18,East,Electronics,In-Store,2,194.97,409.43,264.08
6931,2025-01-18,South,Apparel,Online,2,40.3,60.45,34.28
6932,2025-01-19,North,Electronics,Online,3,233.31,804.91,487.69
6933,2025-01-19,South,Beauty,Mobile App,4,29.09,87.28,48.81
6934,2025-01-19,South,Apparel,In-Store,4,45.85,137.56,76.6
6935,2025-01-19,North,Sports,Online,3,54.99,189.72,123.04
6936,2025-01-19,East,Beauty,Online,2,31.84,66.86,37.71
6937,2025-01-19,West,Electronics,Online,1,188.71,188.71,120.89
6938,2025-01-19,North,Home & Kitchen,Online,1,65.29,75.08,50.25
6939,2025-01-20,East,Electronics,In-Store,1,190.28,199.79,113.49
6940,2025-01-20,North,Electronics,Online,4,193.76,891.29,564.1
6941,2025-01-20,North,Home & Kitchen,In-Store,3,64.7,223.2,146.57
6942,2025-01-20,North,Electronics,In-Store,3,165.6,571.32,325.48
6943,2025-01-20,West,Electronics,In-Store,2,197.63,395.25,265.49
6944,2025-01-20,East,Home & Kitchen,In-Store,4,58.42,245.37,146.33
6945,2025-01-20,South,Home & Kitchen,In-Store,1,54.84,41.13,23.65
6946,2025-01-20,South,Electronics,Online,2,145.62,218.43,139.24
6947,2025-01-20,East,Beauty,Online,4,20.8,87.37,53.27
6948,2025-01-20,East,Home & Kitchen,In-Store,3,77.95,245.54,154.15
6949,2025-01-20,West,Beauty,In-Store,1,31.91,31.91,21.45
6950,2025-01-20,North,Beauty,Mobile App,3,28.7,99.01,59.67
6951,2025-01-20,East,Home & Kitchen,Mobile App,1,62.04,65.14,41.32
6952,2025-01-21,West,Sports,Online,4,51.74,206.98,126.26
6953,2025-01-21,South,Home & Kitchen,Online,1,62.65,46.99,30.98
6954,2025-01-21,North,Beauty,Online,2,29.81,68.56,45.71
6955,2025-01-21,West,Apparel,Mobile App,4,53.85,215.39,123.99
6956,2025-01-21,North,Home & Kitchen,In-Store,1,62.04,71.35,40.4
6957,2025-01-21,North,Electronics,Online,2,236.84,544.73,369.27
6958,2025-01-21,South,Electronics,Online,4,174.77,524.31,307.0
6959,2025-01-21,South,Apparel,Online,1,40.49,30.37,16.97
6960,2025-01-21,North,Beauty,Online,4,27.73,127.56,75.43
6961,2025-01-22,North,Electronics,Online,3,181.92,627.61,376.27
6962,2025-01-22,East,Electronics,Online,4,181.85,763.79,494.9
6963,2025-01-22,East,Home & Kitchen,In-Store,3,60.5,190.58,109.0
6964,2025-01-22,West,Beauty,Mobile App,1,31.06,31.06,20.64
6965,2025-01-22,South,Electronics,Online,2,197.13,295.7,197.58
6966,2025-01-22,North,Apparel,Mobile App,4,40.24,185.1,121.38
6967,2025-01-22,East,Home & Kitchen,Online,1,64.05,67.25,39.68
6968,2025-01-22,South,Home & Kitchen,Online,3,73.19,164.69,104.25
6969,2025-01-22,West,Beauty,Mobile App,1,24.99,24.99,15.08
6970,2025-01-22,South,Home & Kitchen,In-Store,1,71.18,53.39,30.7
6971,2025-01-22,North,Home & Kitchen,Online,4,83.5,384.09,244.55
6972,2025-01-23,South,Beauty,In-Store,2,26.24,39.35,21.75
6973,2025-01-23,North,Apparel,In-Store,3,39.51,136.31,77.5
6974,2025-01-23,North,Beauty,In-Store,2,26.9,61.87,39.09
6975,2025-01-23,North,Home & Kitchen,Mobile App,1,59.83,68.81,44.39
6976,2025-01-23,South,Home & Kitchen,Online,3,66.07,148.65,99.19
6977,2025-01-23,West,Home & Kitchen,Online,2,61.93,123.87,82.12
6978,2025-01-23,North,Beauty,Online,3,27.85,96.07,58.5
6979,2025-01-23,East,Beauty,Mobile App,3,33.49,105.51,68.81
6980,2025-01-23,North,Home & Kitchen,Online,1,72.32,83.16,56.4
6981,2025-01-23,North,Electronics,Online,2,197.37,453.94,282.7
6982,2025-01-23,South,Sports,Online,3,55.69,125.3,83.95
6983,2025-01-23,East,Apparel,In-Store,3,40.68,128.13,80.25
6984,2025-01-23,North,Electronics,In-Store,1,173.69,199.74,128.34
6985,2025-01-23,West,Apparel,Online,1,40.77,40.77,25.09
6986,2025-01-23,North,Beauty,In-Store,3,22.26,76.79,48.93
6987,2025-01-23,West,Home & Kitchen,In-Store,4,49.16,196.65,126.74
6988,2025-01-24,West,Home & Kitchen,Mobile App,2,67.31,134.61,76.48
6989,2025-01-24,North,Sports,Mobile App,1,60.71,69.81,45.38
6990,2025-01-24,West,Beauty,In-Store,2,21.72,43.43,24.41
6991,2025-01-24,South,Home & Kitchen,Online,2,61.03,91.55,53.06
6992,2025-01-24,East,Home & Kitchen,Mobile App,2,63.99,134.39,74.43
6993,2025-01-24,West,Beauty,Mobile App,4,20.5,82.02,55.29
6994,2025-01-24,South,Electronics,Mobile App,3,240.74,541.66,298.44
6995,2025-01-24,East,Beauty,Mobile App,3,27.92,87.94,58.09
6996,2025-01-24,East,Electronics,Online,2,159.62,335.21,204.2
6997,2025-01-24,North,Home & Kitchen,In-Store,1,69.22,79.61,49.79
6998,2025-01-24,West,Home & Kitchen,Online,3,62.7,188.11,104.44
6999,2025-01-25,North,Electronics,Online,4,185.37,852.72,513.2
7000,2025-01-25,South,Sports,Online,2,60.8,91.2,58.63
7001,2025-01-25,West,Beauty,Online,1,23.32,23.32,15.21
7002,2025-01-25,East,Sports,Mobile App,4,60.47,253.96,141.84
7003,2025-01-25,East,Apparel,In-Store,1,50.58,53.1,29.82
7004,2025-01-25,South,Electronics,Online,4,151.82,455.46,295.59
7005,2025-01-26,West,Electronics,Mobile App,2,172.42,344.83,205.24
7006,2025-01-26,West,Apparel,In-Store,4,48.3,193.18,124.56
7007,2025-01-26,West,Electronics,In-Store,1,163.03,163.03,102.21
7008,2025-01-26,East,Apparel,Online,1,40.0,42.0,26.76
7009,2025-01-26,West,Electronics,Online,1,184.62,184.62,122.74
7010,2025-01-26,North,Apparel,Online,3,43.08,148.62,88.22
7011,2025-01-26,West,Electronics,Online,4,153.63,614.51,399.45
7012,2025-01-26,North,Electronics,In-Store,2,221.51,509.48,295.14
7013,2025-01-26,East,Apparel,In-Store,4,41.37,173.74,114.29
7014,2025-01-27,West,Electronics,Online,3,192.43,577.29,392.09
7015,2025-01-27,West,Beauty,In-Store,2,28.46,56.92,36.04
7016,2025-01-27,South,Sports,In-Store,2,58.4,87.6,55.87
7017,2025-01-27,East,Apparel,Online,4,47.41,199.14,124.81
7018,2025-01-27,West,Sports,Mobile App,4,60.38,241.52,149.89
7019,2025-01-27,North,Home & Kitchen,Online,4,57.97,266.64,147.32
7020,2025-01-27,West,Apparel,Online,3,44.78,134.33,77.28
7021,2025-01-27,West,Apparel,Online,2,43.46,86.93,53.28
7022,2025-01-27,West,Electronics,In-Store,3,208.77,626.3,396.77
7023,2025-01-28,South,Home & Kitchen,Online,1,64.97,48.73,29.62
7024,2025-01-28,East,Beauty,Online,2,22.95,48.2,27.64
7025,2025-01-28,North,Sports,Online,2,63.1,145.12,87.11
7026,2025-01-28,East,Sports,In-Store,2,54.42,114.28,67.15
7027,2025-01-28,East,Beauty,In-Store,4,24.36,102.32,57.63
7028,2025-01-28,East,Electronics,In-Store,4,197.61,829.97,537.19
7029,2025-01-28,South,Sports,Online,4,56.37,169.12,114.2
7030,2025-01-28,East,Electronics,Online,3,215.85,679.92,458.44
7031,2025-01-28,West,Beauty,Online,1,30.91,30.91,17.46
7032,2025-01-28,South,Apparel,Online,2,43.96,65.94,40.92
7033,2025-01-28,East,Sports,Online,3,57.12,179.94,102.18
7034,2025-01-28,North,Electronics,In-Store,4,191.05,878.83,597.6
7035,2025-01-29,East,Home & Kitchen,Online,3,62.81,197.84,131.0
7036,2025-01-29,South,Electronics,In-Store,2,144.97,217.46,134.82
7037,2025-01-29,South,Apparel,Mobile App,4,39.76,119.27,73.15
7038,2025-01-29,West,Home & Kitchen,Online,4,42.22,168.88,109.52
7039,2025-01-29,North,Home & Kitchen,Online,3,74.18,255.92,162.05
7040,2025-01-29,East,Electronics,Online,2,181.68,381.54,253.83
7041,2025-01-29,West,Home & Kitchen,In-Store,3,50.78,152.33,97.4
7042,2025-01-29,West,Beauty,Mobile App,2,30.33,60.67,38.97
7043,2025-01-29,North,Home & Kitchen,Online,2,68.79,158.21,97.87
7044,2025-01-29,East,Beauty,Mobile App,3,27.78,87.51,56.14
7045,2025-01-29,South,Electronics,In-Store,4,160.12,480.37,276.34
7046,2025-01-29,North,Beauty,Mobile App,3,20.13,69.44,44.53
7047,2025-01-30,West,Beauty,In-Store,1,31.01,31.01,20.22
7048,2025-01-30,East,Electronics,Online,2,149.89,314.77,201.66
7049,2025-01-30,East,Beauty,In-Store,3,25.9,81.59,45.31
7050,2025-01-30,South,Beauty,Online,4,29.27,87.81,48.39
7051,2025-01-30,South,Home & Kitchen,In-Store,3,74.43,167.47,113.35
7052,2025-01-30,East,Beauty,Online,2,33.47,70.28,41.87
7053,2025-01-30,North,Apparel,In-Store,1,46.47,53.44,31.16
7054,2025-01-30,East,Home & Kitchen,Online,1,58.97,61.92,37.48
7055,2025-01-30,West,Electronics,In-Store,4,202.19,808.76,506.88
7056,2025-01-30,South,Apparel,Online,4,48.68,146.05,82.01
7057,2025-01-30,South,Electronics,Online,3,165.27,371.86,238.9
7058,2025-01-30,North,Apparel,Online,3,37.56,129.57,76.98
7059,2025-01-31,East,Sports,Online,1,58.21,61.12,39.38
7060,2025-01-31,East,Electronics,Mobile App,3,180.51,568.61,379.56
7061,2025-01-31,West,Electronics,Mobile App,1,173.47,173.47,106.58
7062,2025-01-31,North,Beauty,In-Store,1,24.58,28.26,18.01
7063,2025-01-31,East,Beauty,In-Store,2,35.39,74.33,49.12
7064,2025-01-31,West,Beauty,Online,4,28.3,113.18,70.11
7065,2025-01-31,South,Electronics,Online,2,173.47,260.21,162.21
7066,2025-01-31,East,Electronics,In-Store,4,170.78,717.27,418.29
7067,2025-01-31,North,Beauty,Online,3,30.46,105.08,67.8
7068,2025-01-31,East,Apparel,Online,4,45.83,192.48,122.12
7069,2025-01-31,West,Apparel,Online,4,52.95,211.81,125.44
7070,2025-01-31,West,Home & Kitchen,Mobile App,3,67.74,203.21,123.77
7071,2025-02-01,North,Home & Kitchen,Online,2,60.09,138.2,84.26
7072,2025-02-01,West,Sports,In-Store,2,51.93,103.85,60.02
7073,2025-02-01,North,Home & Kitchen,Mobile App,2,64.49,148.34,83.4
7074,2025-02-01,West,Electronics,Mobile App,3,172.64,517.91,345.45
7075,2025-02-01,East,Electronics,Online,2,152.63,320.53,204.46
7076,2025-02-01,North,Sports,In-Store,2,56.42,129.76,83.78
7077,2025-02-01,North,Electronics,In-Store,1,165.87,190.75,122.63
7078,2025-02-01,North,Electronics,Online,2,159.25,366.28,216.72
7079,2025-02-01,West,Beauty,Online,2,30.7,61.41,35.59
7080,2025-02-01,East,Home & Kitchen,Online,3,70.57,222.31,126.55
7081,2025-02-01,West,Apparel,In-Store,4,41.45,165.82,101.84
7082,2025-02-01,East,Home & Kitchen,Online,3,83.6,263.33,154.73
7083,2025-02-02,North,Beauty,Mobile App,1,32.51,37.39,21.84
7084,2025-02-02,West,Beauty,Online,1,28.49,28.49,16.97
7085,2025-02-02,West,Beauty,In-Store,1,27.57,27.57,16.26
7086,2025-02-02,East,Electronics,Online,3,204.0,642.59,357.6
7087,2025-02-02,North,Home & Kitchen,In-Store,4,53.64,246.74,140.92
7088,2025-02-02,North,Home & Kitchen,In-Store,2,70.95,163.19,103.62
7089,2025-02-02,South,Electronics,In-Store,2,184.62,276.93,159.17
7090,2025-02-02,North,Apparel,Online,4,48.85,224.71,149.8
7091,2025-02-02,East,Electronics,Online,2,186.05,390.71,230.57
7092,2025-02-02,North,Home & Kitchen,Online,4,52.46,241.3,146.28
7093,2025-02-02,West,Home & Kitchen,Online,1,56.3,56.3,36.75
7094,2025-02-03,North,Beauty,In-Store,1,29.25,33.64,20.05
7095,2025-02-03,West,Sports,Online,4,55.2,220.79,142.07
7096,2025-02-03,North,Beauty,In-Store,1,31.54,36.27,23.21
7097,2025-02-03,East,Electronics,Mobile App,4,217.31,912.72,505.29
7098,2025-02-03,West,Beauty,Online,1,29.84,29.84,18.8
7099,2025-02-03,North,Electronics,In-Store,4,204.01,938.45,517.73
7100,2025-02-03,East,Apparel,Online,3,49.04,154.48,91.59
7101,2025-02-03,West,Electronics,Online,1,169.62,169.62,97.91
7102,2025-02-03,South,Beauty,In-Store,4,22.38,67.15,39.67
7103,2025-02-04,South,Home & Kitchen,Mobile App,1,66.2,49.65,27.88
7104,2025-02-04,North,Electronics,Online,3,176.89,610.27,359.22
7105,2025-02-04,North,Sports,In-Store,2,50.56,116.29,78.87
7106,2025-02-04,South,Beauty,Mobile App,2,22.16,33.24,20.51
7107,2025-02-04,South,Electronics,Mobile App,4,153.58,460.75,298.64
7108,2025-02-04,West,Apparel,Online,2,39.07,78.14,52.8
7109,2025-02-04,West,Beauty,Online,4,34.36,137.44,77.07
7110,2025-02-04,North,Electronics,Online,2,233.74,537.59,350.86
7111,2025-02-05,East,Electronics,Online,1,161.33,169.4,96.91
7112,2025-02-05,West,Beauty,Online,1,22.86,22.86,13.2
7113,2025-02-05,North,Home & Kitchen,Online,1,69.68,80.14,51.22
7114,2025-02-05,West,Electronics,In-Store,4,167.74,670.98,433.92
7115,2025-02-05,North,Home & Kitchen,Online,1,54.22,62.36,36.81
7116,2025-02-05,South,Sports,Mobile App,1,38.86,29.14,16.32
7117,2025-02-06,East,Sports,Online,1,66.85,70.19,46.97
7118,2025-02-06,East,Home & Kitchen,Mobile App,3,57.73,181.85,103.99
7119,2025-02-06,South,Apparel,Online,3,45.71,102.85,65.92
7120,2025-02-06,South,Electronics,In-Store,4,170.01,510.03,312.21
7121,2025-02-06,East,Home & Kitchen,Mobile App,4,71.14,298.8,186.36
7122,2025-02-06,West,Apparel,Online,3,48.07,144.22,86.31
7123,2025-02-06,North,Home & Kitchen,Online,2,66.4,152.73,84.02
7124,2025-02-06,North,Electronics,Mobile App,3,208.23,718.39,450.96
7125,2025-02-06,South,Home & Kitchen,Online,4,64.58,193.74,124.67
7126,2025-02-06,South,Apparel,Online,4,42.32,126.95,79.17
7127,2025-02-06,North,Electronics,Online,1,172.7,198.61,126.46
7128,2025-02-06,West,Apparel,Mobile App,1,45.94,45.94,26.95
7129,2025-02-06,South,Apparel,In-Store,2,47.51,71.27,40.79
7130,2025-02-07,West,Electronics,Mobile App,4,182.31,729.25,474.07
7131,2025-02-07,East,Apparel,Mobile App,2,50.69,106.45,61.39
7132,2025-02-07,South,Sports,In-Store,1,51.21,38.41,24.39
7133,2025-02-07,West,Electronics,Online,2,193.52,387.03,239.85
7134,2025-02-07,North,Beauty,In-Store,2,28.54,65.64,39.86
7135,2025-02-07,East,Beauty,Online,1,33.05,34.71,20.09
7136,2025-02-07,North,Electronics,Mobile App,4,221.73,1019.95,633.98
7137,2025-02-07,East,Home & Kitchen,Mobile App,3,75.95,239.24,132.14
7138,2025-02-07,North,Sports,Online,4,52.65,242.19,150.0
7139,2025-02-07,West,Home & Kitchen,Online,2,57.67,115.35,64.86
7140,2025-02-07,East,Home & Kitchen,Mobile App,4,61.1,256.61,172.01
7141,2025-02-08,East,Apparel,Online,4,37.83,158.88,106.67
7142,2025-02-08,West,Sports,In-Store,4,60.37,241.48,152.54
7143,2025-02-08,East,Home & Kitchen,Mobile App,4,58.11,244.07,135.79
7144,2025-02-08,West,Home & Kitchen,Online,1,62.62,62.62,41.04
7145,2025-02-08,North,Apparel,Online,2,54.57,125.51,69.78
7146,2025-02-08,East,Electronics,Online,1,207.93,218.33,138.04
7147,2025-02-08,East,Beauty,Online,4,27.14,114.0,71.7
7148,2025-02-08,South,Electronics,Mobile App,2,168.93,253.39,143.11
7149,2025-02-08,West,Apparel,Online,2,48.03,96.06,54.29
7150,2025-02-09,North,Apparel,Online,1,43.5,50.02,32.56
7151,2025-02-09,East,Electronics,Online,3,153.31,482.93,272.22
7152,2025-02-09,West,Beauty,In-Store,4,26.09,104.34,70.52
7153,2025-02-09,West,Home & Kitchen,Online,2,66.96,133.93,74.09
7154,2025-02-09,South,Electronics,Online,3,160.6,361.35,238.37
7155,2025-02-09,North,Electronics,Mobile App,3,223.82,772.17,470.41
7156,2025-02-09,East,Electronics,Online,4,193.63,813.25,521.75
7157,2025-02-09,East,Beauty,In-Store,4,30.5,128.09,84.84
7158,2025-02-09,North,Beauty,In-Store,4,27.74,127.62,72.44
7159,2025-02-09,North,Electronics,Mobile App,1,193.04,222.0,133.64
7160,2025-02-09,South,Electronics,Online,4,162.94,488.81,287.66
7161,2025-02-09,West,Beauty,In-Store,1,28.3,28.3,15.98
7162,2025-02-09,South,Electronics,Mobile App,3,178.11,400.76,230.06
7163,2025-02-09,South,Beauty,In-Store,3,33.59,75.57,43.11
7164,2025-02-09,East,Sports,Mobile App,4,46.72,196.24,127.11
7165,2025-02-10,East,Apparel,Online,2,46.82,98.31,65.99
7166,2025-02-10,East,Apparel,Online,2,40.91,85.9,52.32
7167,2025-02-10,South,Sports,Mobile App,1,63.98,47.98,28.71
7168,2025-02-10,North,Electronics,In-Store,1,188.05,216.26,145.21
7169,2025-02-10,West,Electronics,Online,4,175.05,700.18,396.56
7170,2025-02-10,East,Apparel,Mobile App,2,36.2,76.02,41.99
7171,2025-02-10,North,Sports,Online,2,58.75,135.13,87.4
7172,2025-02-10,South,Beauty,In-Store,2,28.36,42.55,28.42
7173,2025-02-10,North,Home & Kitchen,Online,4,61.52,282.97,171.34
7174,2025-02-10,North,Home & Kitchen,Mobile App,3,67.11,231.53,147.45
7175,2025-02-10,North,Electronics,Online,2,186.38,428.67,266.09
7176,2025-02-10,South,Home & Kitchen,Online,3,68.82,154.85,85.29
7177,2025-02-11,West,Home & Kitchen,Online,1,73.07,73.07,47.06
7178,2025-02-11,North,Home & Kitchen,Online,3,66.03,227.82,133.16
7179,2025-02-11,South,Sports,Online,1,48.73,36.55,20.81
7180,2025-02-11,North,Beauty,In-Store,2,28.93,66.53,43.16
7181,2025-02-11,East,Apparel,In-Store,1,37.99,39.89,24.71
7182,2025-02-11,East,Beauty,Online,4,29.38,123.39,67.98
7183,2025-02-11,North,Home & Kitchen,Mobile App,1,50.97,58.61,39.77
7184,2025-02-11,South,Electronics,Online,4,177.22,531.65,338.86
7185,2025-02-11,North,Beauty,In-Store,2,38.24,87.95,57.82
7186,2025-02-11,East,Sports,Online,2,55.15,115.82,77.07
7187,2025-02-11,South,Home & Kitchen,Online,1,60.28,45.21,28.4
7188,2025-02-11,East,Electronics,Online,2,173.01,363.31,240.86
7189,2025-02-11,East,Electronics,Mobile App,4,198.59,834.07,550.94
7190,2025-02-11,North,Sports,Online,1,52.32,60.17,35.63
7191,2025-02-12,North,Electronics,In-Store,3,163.31,563.43,334.28
7192,2025-02-12,North,Beauty,Online,3,27.49,94.84,58.29
7193,2025-02-12,West,Apparel,Online,2,42.81,85.62,56.28
7194,2025-02-12,South,Apparel,In-Store,2,44.16,66.23,44.98
7195,2025-02-12,West,Apparel,Online,3,40.16,120.47,79.88
7196,2025-02-12,South,Apparel,In-Store,1,52.85,39.64,22.6
7197,2025-02-12,West,Electronics,Mobile App,2,162.08,324.17,199.33
7198,2025-02-12,South,Apparel,Online,3,33.55,75.5,44.54
7199,2025-02-12,South,Sports,In-Store,1,58.36,43.77,24.47
7200,2025-02-12,East,Electronics,Online,3,152.89,481.62,300.81
7201,2025-02-12,North,Home & Kitchen,In-Store,1,72.86,83.78,47.4
7202,2025-02-12,West,Sports,Mobile App,3,59.78,179.34,112.72
7203,2025-02-13,West,Sports,Online,2,56.21,112.43,71.15
7204,2025-02-13,North,Electronics,In-Store,3,137.51,474.4,316.01
7205,2025-02-13,North,Beauty,In-Store,2,26.93,61.95,39.75
7206,2025-02-13,West,Sports,Online,4,57.35,229.4,139.28
7207,2025-02-13,South,Electronics,Online,4,179.09,537.26,338.66
7208,2025-02-13,West,Electronics,Online,4,183.2,732.81,468.55
7209,2025-02-13,West,Electronics,Online,2,158.6,317.19,190.17
7210,2025-02-13,North,Electronics,Online,4,199.66,918.45,553.68
7211,2025-02-13,North,Apparel,Online,4,45.58,209.66,120.91
7212,2025-02-13,West,Home & Kitchen,Mobile App,1,78.11,78.11,49.94
7213,2025-02-14,West,Apparel,Mobile App,2,43.88,87.76,48.37
7214,2025-02-14,North,Electronics,Online,3,177.95,613.92,361.52
7215,2025-02-14,East,Electronics,Online,2,203.81,427.99,274.31
7216,2025-02-14,West,Beauty,Mobile App,1,29.11,29.11,17.43
7217,2025-02-14,North,Electronics,In-Store,1,153.45,176.47,114.0
7218,2025-02-14,North,Apparel,Online,4,38.6,177.57,105.86
7219,2025-02-14,South,Sports,Online,3,56.93,128.1,85.95
7220,2025-02-14,North,Apparel,Online,4,45.15,207.69,122.92
7221,2025-02-14,South,Apparel,In-Store,4,32.12,96.36,63.91
7222,2025-02-14,South,Beauty,Online,2,31.33,46.99,26.63
7223,2025-02-14,North,Sports,In-Store,2,61.27,140.93,95.78
7224,2025-02-14,East,Home & Kitchen,Online,4,64.21,269.69,152.99
7225,2025-02-14,East,Home & Kitchen,Online,1,60.83,63.87,42.52
7226,2025-02-14,West,Home & Kitchen,Online,2,70.08,140.15,92.77
7227,2025-02-14,South,Sports,Mobile App,4,50.13,150.4,82.82
7228,2025-02-14,East,Sports,Online,1,54.33,57.04,37.75
7229,2025-02-15,North,Apparel,Online,3,43.93,151.57,100.76
7230,2025-02-15,East,Beauty,Online,4,34.81,146.22,88.48
7231,2025-02-15,North,Home & Kitchen,Mobile App,1,54.33,62.48,34.92
7232,2025-02-15,South,Beauty,Online,4,24.83,74.49,45.65
7233,2025-02-15,South,Home & Kitchen,Online,1,68.9,51.68,33.01
7234,2025-02-15,North,Apparel,Online,2,39.82,91.58,52.87
7235,2025-02-15,East,Beauty,Online,4,23.58,99.05,56.39
7236,2025-02-15,North,Apparel,In-Store,2,40.23,92.53,52.39
7237,2025-02-15,East,Beauty,Online,3,24.31,76.58,47.15
7238,2025-02-15,South,Home & Kitchen,Online,3,73.66,165.74,99.87
7239,2025-02-15,East,Electronics,Online,3,177.46,559.01,311.74
7240,2025-02-15,West,Sports,Online,2,60.48,120.96,71.75
7241,2025-02-15,East,Beauty,Online,1,28.5,29.93,16.57
7242,2025-02-15,North,Apparel,In-Store,4,38.83,178.6,103.25
7243,2025-02-16,East,Home & Kitchen,In-Store,1,61.75,64.84,37.16
7244,2025-02-16,West,Beauty,Online,4,28.56,114.24,73.04
7245,2025-02-16,North,Beauty,In-Store,4,29.94,137.72,76.37
7246,2025-02-16,North,Electronics,Mobile App,3,183.43,632.82,349.91
7247,2025-02-16,West,Apparel,Mobile App,4,42.97,171.87,95.91
7248,2025-02-16,South,Sports,Mobile App,2,64.3,96.45,62.02
7249,2025-02-16,North,Electronics,In-Store,2,166.41,382.75,254.51
7250,2025-02-16,North,Home & Kitchen,Online,3,64.21,221.51,141.14
7251,2025-02-16,East,Sports,Online,4,42.67,179.23,117.31
7252,2025-02-16,North,Apparel,Online,1,34.26,39.4,21.96
7253,2025-02-16,North,Sports,In-Store,1,55.13,63.4,41.6
7254,2025-02-16,South,Electronics,In-Store,3,169.35,381.03,257.27
7255,2025-02-16,South,Beauty,Online,3,23.95,53.89,32.89
7256,2025-02-16,South,Electronics,Online,4,173.92,521.76,317.96
7257,2025-02-17,South,Electronics,Online,2,195.75,293.63,192.92
7258,2025-02-17,West,Apparel,In-Store,1,50.31,50.31,27.86
7259,2025-02-17,South,Electronics,Online,4,161.6,484.8,302.94
7260,2025-02-17,South,Electronics,Online,1,148.9,111.67,73.71
7261,2025-02-17,West,Apparel,Online,1,46.18,46.18,26.33
7262,2025-02-17,West,Home & Kitchen,In-Store,3,64.37,193.1,130.34
7263,2025-02-17,East,Home & Kitchen,Online,3,64.62,203.57,118.1
7264,2025-02-17,South,Apparel,In-Store,1,49.93,37.44,21.13
7265,2025-02-17,South,Electronics,Online,1,163.23,122.42,72.84
7266,2025-02-17,North,Home & Kitchen,In-Store,2,73.93,170.04,98.44
7267,2025-02-17,South,Electronics,In-Store,4,211.19,633.56,419.5
7268,2025-02-18,East,Beauty,In-Store,3,31.44,99.03,57.19
7269,2025-02-18,West,Electronics,Online,2,195.35,390.69,256.62
7270,2025-02-18,South,Apparel,Online,3,47.59,107.08,66.67
7271,2025-02-18,North,Beauty,Online,2,23.47,53.98,33.69
7272,2025-02-18,West,Electronics,Online,4,178.49,713.94,441.94
7273,2025-02-18,North,Electronics,In-Store,2,180.26,414.6,281.14
7274,2025-02-18,West,Home & Kitchen,In-Store,4,71.41,285.65,192.16
7275,2025-02-18,North,Home & Kitchen,In-Store,4,72.28,332.47,195.74
7276,2025-02-18,North,Electronics,In-Store,2,175.8,404.34,222.5
7277,2025-02-18,West,Electronics,Mobile App,3,167.67,503.01,320.88
7278,2025-02-18,West,Beauty,In-Store,1,30.73,30.73,19.38
7279,2025-02-18,South,Electronics,In-Store,3,164.15,369.34,241.54
7280,2025-02-18,North,Apparel,Online,4,47.2,217.13,133.39
7281,2025-02-18,North,Beauty,Mobile App,4,29.48,135.61,79.4
7282,2025-02-19,South,Home & Kitchen,In-Store,2,69.11,103.66,62.34
7283,2025-02-19,South,Sports,In-Store,1,54.71,41.03,22.73
7284,2025-02-19,South,Beauty,In-Store,3,29.05,65.36,36.46
7285,2025-02-19,East,Sports,Online,2,51.01,107.12,70.38
7286,2025-02-19,South,Home & Kitchen,Online,4,62.51,187.52,105.18
7287,2025-02-19,West,Electronics,Online,3,194.23,582.7,394.06
7288,2025-02-19,West,Beauty,In-Store,2,27.49,54.98,36.27
7289,2025-02-19,West,Apparel,Online,3,39.61,118.83,70.07
7290,2025-02-20,East,Apparel,Mobile App,4,35.47,148.98,97.42
7291,2025-02-20,South,Beauty,In-Store,4,25.22,75.67,50.27
7292,2025-02-20,North,Apparel,Online,4,56.23,258.68,170.33
7293,2025-02-20,North,Beauty,Online,3,25.71,88.7,48.94
7294,2025-02-20,South,Sports,Mobile App,3,52.35,117.79,67.01
7295,2025-02-20,North,Electronics,Mobile App,1,193.78,222.85,142.04
7296,2025-02-20,North,Electronics,In-Store,3,217.8,751.42,460.12
7297,2025-02-20,East,Electronics,In-Store,1,191.5,201.08,122.45
7298,2025-02-20,South,Electronics,Online,4,171.82,515.45,292.8
7299,2025-02-20,West,Home & Kitchen,In-Store,2,65.15,130.31,73.47
7300,2025-02-20,North,Beauty,In-Store,3,28.02,96.66,57.6
7301,2025-02-20,South,Sports,Online,1,56.04,42.03,27.05
7302,2025-02-21,East,Apparel,In-Store,4,43.56,182.95,122.12
7303,2025-02-21,South,Electronics,Online,4,169.87,509.62,332.75
7304,2025-02-21,North,Electronics,Online,2,187.16,430.47,253.7
7305,2025-02-21,West,Apparel,In-Store,4,50.58,202.32,134.15
7306,2025-02-21,North,Beauty,Online,2,21.92,50.43,32.59
7307,2025-02-21,West,Sports,Online,1,47.57,47.57,29.73
7308,2025-02-21,South,Apparel,Online,1,49.96,37.47,20.7
7309,2025-02-21,West,Electronics,Online,4,209.33,837.34,495.58
7310,2025-02-22,East,Beauty,Online,2,25.48,53.5,30.58
7311,2025-02-22,West,Electronics,Online,3,178.6,535.79,322.81
7312,2025-02-22,South,Beauty,Mobile App,4,28.1,84.29,46.39
7313,2025-02-22,South,Sports,Online,3,43.71,98.35,60.53
7314,2025-02-22,East,Electronics,Online,4,222.97,936.48,634.76
7315,2025-02-22,East,Sports,Online,3,63.62,200.41,132.52
7316,2025-02-22,South,Sports,In-Store,1,45.2,33.9,20.71
7317,2025-02-22,North,Sports,Online,4,45.54,209.48,134.91
7318,2025-02-22,North,Electronics,Online,1,158.68,182.49,104.1
7319,2025-02-22,East,Home & Kitchen,Online,4,63.36,266.13,146.73
7320,2025-02-23,South,Apparel,Online,1,57.2,42.9,23.88
7321,2025-02-23,West,Electronics,Online,2,193.2,386.4,255.15
7322,2025-02-23,South,Sports,In-Store,1,45.34,34.0,19.34
7323,2025-02-23,West,Sports,In-Store,4,57.58,230.32,136.84
7324,2025-02-23,West,Sports,In-Store,4,62.78,251.14,145.71
7325,2025-02-23,East,Home & Kitchen,Mobile App,2,57.68,121.14,79.59
7326,2025-02-23,North,Home & Kitchen,Online,4,51.05,234.85,156.06
7327,2025-02-23,East,Sports,Online,4,59.12,248.31,159.98
7328,2025-02-23,East,Electronics,In-Store,2,154.54,324.54,186.49
7329,2025-02-23,North,Sports,Online,3,53.53,184.68,112.76
7330,2025-02-23,South,Sports,Online,3,50.93,114.58,68.27
7331,2025-02-23,North,Apparel,Online,2,37.97,87.33,52.3
7332,2025-02-23,South,Sports,Online,4,51.25,153.76,104.5
7333,2025-02-23,East,Electronics,Online,4,179.34,753.23,505.82
7334,2025-02-23,North,Home & Kitchen,Mobile App,2,54.81,126.06,77.23
7335,2025-02-23,North,Electronics,In-Store,4,193.37,889.48,552.09
7336,2025-02-24,North,Electronics,In-Store,3,157.97,545.0,359.08
7337,2025-02-24,West,Home & Kitchen,Online,2,57.49,114.98,64.2
7338,2025-02-24,West,Electronics,Online,3,199.37,598.12,370.66
7339,2025-02-24,West,Apparel,In-Store,4,46.8,187.2,126.51
7340,2025-02-24,North,Sports,Online,3,46.8,161.46,107.67
7341,2025-02-24,East,Apparel,In-Store,4,39.6,166.31,101.56
7342,2025-02-24,South,Electronics,Mobile App,4,151.18,453.55,266.57
7343,2025-02-24,East,Apparel,Online,3,43.77,137.88,82.15
7344,2025-02-24,West,Home & Kitchen,In-Store,1,50.78,50.78,34.38
7345,2025-02-24,East,Electronics,Mobile App,2,176.57,370.8,237.82
7346,2025-02-24,East,Beauty,Mobile App,1,33.25,34.92,20.78
7347,2025-02-24,South,Beauty,Online,3,24.93,56.1,32.36
7348,2025-02-24,West,Electronics,In-Store,1,215.62,215.62,133.0
7349,2025-02-24,North,Electronics,Online,3,148.41,512.01,282.67
7350,2025-02-25,North,Electronics,In-Store,3,180.72,623.48,397.32
7351,2025-02-25,West,Home & Kitchen,Online,4,71.48,285.9,190.34
7352,2025-02-25,East,Beauty,Online,4,29.89,125.55,73.57
7353,2025-02-25,South,Home & Kitchen,Online,4,78.18,234.54,145.73
7354,2025-02-25,West,Electronics,Online,2,162.46,324.92,201.81
7355,2025-02-25,South,Electronics,Online,4,196.74,590.23,351.08
7356,2025-02-25,West,Beauty,Online,1,31.98,31.98,21.23
7357,2025-02-25,South,Sports,Online,4,41.52,124.57,79.49
7358,2025-02-25,West,Electronics,In-Store,2,169.49,338.98,230.25
7359,2025-02-25,South,Apparel,Online,4,52.77,158.3,105.22
7360,2025-02-25,South,Sports,Online,1,60.99,45.74,25.32
7361,2025-02-25,North,Home & Kitchen,Online,3,69.69,240.44,156.67
7362,2025-02-26,East,Electronics,In-Store,3,147.16,463.55,314.32
7363,2025-02-26,North,Sports,In-Store,2,48.19,110.84,69.7
7364,2025-02-26,West,Apparel,Mobile App,4,54.51,218.03,131.03
7365,2025-02-26,West,Sports,Online,4,41.29,165.18,106.11
7366,2025-02-26,North,Electronics,Online,4,163.63,752.69,442.4
7367,2025-02-26,North,Home & Kitchen,In-Store,4,67.03,308.34,200.38
7368,2025-02-26,South,Beauty,Mobile App,4,26.5,79.51,51.05
7369,2025-02-26,South,Electronics,Online,4,206.63,619.88,391.55
7370,2025-02-26,South,Home & Kitchen,In-Store,1,76.61,57.46,35.04
7371,2025-02-26,North,Beauty,Online,4,26.24,120.71,75.7
7372,2025-02-26,North,Electronics,In-Store,3,194.77,671.96,370.23
7373,2025-02-26,South,Electronics,Mobile App,4,151.17,453.5,254.23
7374,2025-02-26,West,Beauty,In-Store,3,30.51,91.52,52.31
7375,2025-02-27,West,Home & Kitchen,Online,2,51.67,103.34,59.6
7376,2025-02-27,West,Electronics,Online,2,198.64,397.28,252.9
7377,2025-02-27,East,Apparel,Online,2,50.43,105.91,65.29
7378,2025-02-27,West,Home & Kitchen,In-Store,4,60.08,240.32,132.92
7379,2025-02-27,East,Electronics,Mobile App,1,189.35,198.82,130.49
7380,2025-02-27,North,Beauty,Online,3,29.86,103.01,65.06
7381,2025-02-27,West,Home & Kitchen,Online,4,61.39,245.58,154.33
7382,2025-02-27,South,Apparel,Online,4,48.1,144.31,86.92
7383,2025-02-27,North,Electronics,Mobile App,2,164.61,378.6,242.17
7384,2025-02-27,East,Apparel,Online,4,45.36,190.5,110.68
7385,2025-02-27,West,Electronics,Online,2,158.04,316.09,186.24
7386,2025-02-28,East,Apparel,In-Store,1,43.48,45.65,30.99
7387,2025-02-28,South,Electronics,Mobile App,3,184.21,414.46,258.35
7388,2025-02-28,West,Home & Kitchen,Mobile App,3,60.03,180.09,112.51
7389,2025-02-28,West,Apparel,Online,3,48.67,146.01,97.58
7390,2025-02-28,South,Beauty,Online,4,21.41,64.22,36.94
7391,2025-02-28,South,Beauty,In-Store,2,22.56,33.85,20.09
7392,2025-02-28,West,Beauty,Online,3,29.46,88.37,54.08
7393,2025-02-28,North,Apparel,Mobile App,1,49.15,56.52,34.21
7394,2025-02-28,East,Home & Kitchen,In-Store,4,63.92,268.46,161.04
7395,2025-02-28,East,Home & Kitchen,In-Store,1,58.85,61.8,36.4
7396,2025-03-01,East,Apparel,In-Store,4,48.17,202.32,111.45
7397,2025-03-01,South,Apparel,In-Store,3,40.3,90.68,56.15
7398,2025-03-01,East,Electronics,In-Store,4,219.82,923.26,622.66
7399,2025-03-01,South,Apparel,Mobile App,1,37.86,28.39,17.85
7400,2025-03-01,North,Apparel,Online,1,43.76,50.32,32.78
7401,2025-03-01,North,Sports,Online,2,55.69,128.08,86.37
7402,2025-03-01,East,Sports,Mobile App,2,54.62,114.69,66.97
7403,2025-03-01,North,Sports,Mobile App,1,58.6,67.38,39.69
7404,2025-03-01,East,Home & Kitchen,In-Store,3,64.59,203.47,115.67
7405,2025-03-01,North,Home & Kitchen,Mobile App,3,63.0,217.36,144.86
7406,2025-03-01,East,Sports,In-Store,4,63.05,264.81,174.37
7407,2025-03-01,South,Sports,Online,2,53.06,79.59,46.72
7408,2025-03-01,East,Home & Kitchen,Online,2,61.88,129.94,74.63
7409,2025-03-01,South,Electronics,In-Store,3,168.9,380.03,224.5
7410,2025-03-01,South,Electronics,Mobile App,3,165.96,373.42,250.45
7411,2025-03-01,North,Apparel,Mobile App,3,52.71,181.86,102.73
7412,2025-03-01,South,Beauty,Mobile App,1,29.5,22.13,14.99
7413,2025-03-02,South,Home & Kitchen,Online,3,74.62,167.89,93.54
7414,2025-03-02,East,Electronics,Mobile App,2,168.96,354.82,206.81
7415,2025-03-02,West,Electronics,In-Store,4,185.86,743.45,450.31
7416,2025-03-02,North,Home & Kitchen,Mobile App,4,54.92,252.64,162.56
7417,2025-03-02,East,Electronics,In-Store,1,163.63,171.81,111.39
7418,2025-03-02,East,Electronics,Online,3,139.81,440.4,274.91
7419,2025-03-02,West,Electronics,Online,4,171.74,686.96,409.29
7420,2025-03-02,East,Sports,Online,2,56.61,118.87,75.48
7421,2025-03-02,East,Apparel,In-Store,1,50.04,52.55,29.16
7422,2025-03-02,West,Electronics,In-Store,4,154.73,618.92,386.24
7423,2025-03-02,West,Electronics,Online,3,189.18,567.55,379.13
7424,2025-03-02,South,Electronics,In-Store,1,175.24,131.43,72.91
7425,2025-03-02,South,Beauty,Mobile App,3,28.35,63.79,38.7
7426,2025-03-02,North,Electronics,Online,1,175.06,201.32,132.47
7427,2025-03-03,North,Apparel,In-Store,1,55.39,63.7,39.31
7428,2025-03-03,North,Beauty,In-Store,3,31.16,107.51,65.68
7429,2025-03-03,East,Apparel,In-Store,4,41.51,174.33,108.74
7430,2025-03-03,East,Electronics,Online,1,209.88,220.38,126.24
7431,2025-03-03,West,Electronics,Mobile App,1,180.06,180.06,100.53
7432,2025-03-03,North,Home & Kitchen,Mobile App,3,62.25,214.78,127.8
7433,2025-03-03,East,Beauty,In-Store,3,27.39,86.29,50.44
7434,2025-03-03,South,Sports,Online,4,60.61,181.84,113.99
7435,2025-03-03,North,Electronics,In-Store,4,171.36,788.24,460.03
7436,2025-03-03,West,Electronics,Mobile App,1,150.97,150.97,99.22
7437,2025-03-03,West,Beauty,Online,4,26.6,106.39,69.78
7438,2025-03-04,North,Electronics,In-Store,3,179.69,619.94,352.36
7439,2025-03-04,North,Electronics,In-Store,1,168.44,193.7,122.07
7440,2025-03-04,East,Beauty,Mobile App,2,22.85,47.99,30.96
7441,2025-03-04,East,Beauty,In-Store,3,24.37,76.77,46.98
7442,2025-03-04,East,Electronics,Online,1,186.58,195.91,109.19
7443,2025-03-04,South,Apparel,In-Store,4,47.96,143.89,95.01
7444,2025-03-04,West,Apparel,Online,2,44.06,88.12,56.11
7445,2025-03-04,South,Apparel,Online,2,45.8,68.7,39.66
7446,2025-03-04,North,Electronics,Online,4,213.24,980.88,611.18
7447,2025-03-04,North,Electronics,Online,2,205.19,471.93,272.76
7448,2025-03-04,West,Home & Kitchen,In-Store,3,62.51,187.52,121.69
7449,2025-03-04,North,Home & Kitchen,Online,4,59.76,274.9,165.92
7450,2025-03-05,West,Apparel,In-Store,2,53.31,106.62,65.51
7451,2025-03-05,West,Electronics,Mobile App,3,186.47,559.41,370.82
7452,2025-03-05,West,Home & Kitchen,In-Store,3,75.97,227.9,146.98
7453,2025-03-05,East,Sports,Online,2,54.25,113.93,70.75
7454,2025-03-05,South,Sports,In-Store,1,48.83,36.62,24.35
7455,2025-03-05,North,Apparel,In-Store,2,46.34,106.58,72.32
7456,2025-03-05,North,Beauty,Online,3,26.82,92.53,53.56
7457,2025-03-05,East,Apparel,In-Store,1,40.71,42.75,27.29
7458,2025-03-05,West,Apparel,Online,4,44.54,178.14,99.31
7459,2025-03-05,East,Beauty,Mobile App,4,33.72,141.62,92.86
7460,2025-03-05,East,Electronics,Online,1,174.12,182.83,118.24
7461,2025-03-05,South,Apparel,In-Store,3,43.42,97.69,61.42
7462,2025-03-05,East,Apparel,Online,2,43.64,91.65,58.0
7463,2025-03-05,North,Home & Kitchen,Mobile App,1,72.16,82.98,54.87
7464,2025-03-05,North,Home & Kitchen,Online,3,64.13,221.26,130.07
7465,2025-03-05,North,Beauty,Online,3,31.71,109.4,72.74
7466,2025-03-05,West,Apparel,In-Store,4,51.53,206.12,139.19
7467,2025-03-05,North,Beauty,Online,2,26.23,60.33,35.04
7468,2025-03-05,West,Apparel,In-Store,3,45.41,136.24,79.86
7469,2025-03-05,North,Home & Kitchen,Online,3,71.08,245.23,141.11
7470,2025-03-06,West,Electronics,Mobile App,1,206.65,206.65,132.72
7471,2025-03-06,East,Electronics,Mobile App,3,188.54,593.91,346.85
7472,2025-03-06,South,Electronics,Online,3,180.62,406.4,240.63
7473,2025-03-06,North,Sports,Online,4,59.68,274.51,152.81
7474,2025-03-06,East,Beauty,Online,1,37.03,38.88,25.34
7475,2025-03-06,West,Electronics,Mobile App,1,147.91,147.91,93.71
7476,2025-03-06,North,Sports,In-Store,4,63.81,293.52,192.81
7477,2025-03-06,West,Beauty,Mobile App,2,26.13,52.26,34.73
7478,2025-03-06,South,Electronics,Online,4,205.59,616.76,385.53
7479,2025-03-06,West,Sports,Online,3,52.2,156.6,86.55
7480,2025-03-06,West,Electronics,Online,1,178.39,178.39,112.39
7481,2025-03-06,East,Beauty,In-Store,2,24.74,51.95,31.49
7482,2025-03-07,North,Sports,In-Store,3,55.94,193.0,126.32
7483,2025-03-07,West,Sports,Online,1,60.61,60.61,37.04
7484,2025-03-07,East,Home & Kitchen,Online,1,64.83,68.07,39.03
7485,2025-03-07,East,Apparel,Online,4,47.02,197.5,124.68
7486,2025-03-07,West,Sports,In-Store,1,63.39,63.39,41.38
7487,2025-03-07,East,Sports,In-Store,3,52.32,164.82,104.84
7488,2025-03-07,East,Beauty,Mobile App,4,33.05,138.81,92.46
7489,2025-03-07,East,Beauty,Online,3,24.84,78.25,50.57
7490,2025-03-07,West,Electronics,In-Store,4,172.99,691.97,393.19
7491,2025-03-07,South,Sports,Online,4,52.68,158.04,92.35
7492,2025-03-07,North,Apparel,Online,4,54.78,252.0,146.38
7493,2025-03-07,North,Beauty,In-Store,4,22.74,104.62,58.33
7494,2025-03-07,South,Sports,Online,4,46.41,139.22,89.58
7495,2025-03-07,North,Beauty,Online,1,25.9,29.78,19.9
7496,2025-03-07,East,Home & Kitchen,In-Store,3,60.07,189.23,123.49
7497,2025-03-07,North,Apparel,Mobile App,4,54.85,252.29,151.24
7498,2025-03-07,North,Sports,In-Store,1,55.36,63.67,42.76
7499,2025-03-08,South,Apparel,Online,3,44.24,99.55,66.23
7500,2025-03-08,South,Apparel,Mobile App,4,50.55,151.66,98.3
7501,2025-03-08,South,Electronics,Mobile App,4,212.81,638.44,385.31
7502,2025-03-08,North,Sports,Mobile App,4,63.63,292.68,188.73
7503,2025-03-08,South,Home & Kitchen,Online,1,66.81,50.11,32.42
7504,2025-03-08,North,Electronics,Online,2,189.41,435.65,277.03
7505,2025-03-08,South,Home & Kitchen,Online,4,69.95,209.84,119.65
7506,2025-03-08,West,Electronics,Online,2,177.44,354.88,236.33
7507,2025-03-08,South,Home & Kitchen,Online,4,79.55,238.64,132.38
7508,2025-03-08,East,Apparel,Online,1,39.28,41.24,26.73
7509,2025-03-08,South,Apparel,Mobile App,4,40.79,122.37,75.27
7510,2025-03-08,West,Home & Kitchen,Online,1,66.09,66.09,38.91
7511,2025-03-08,North,Electronics,Online,3,179.34,618.72,353.62
7512,2025-03-09,West,Sports,Online,3,66.37,199.12,132.93
7513,2025-03-09,West,Sports,In-Store,4,55.91,223.65,124.64
7514,2025-03-09,East,Home & Kitchen,Online,4,60.03,252.11,157.3
7515,2025-03-09,West,Sports,In-Store,4,58.05,232.22,150.88
7516,2025-03-09,East,Sports,Online,1,61.07,64.13,38.02
7517,2025-03-09,South,Home & Kitchen,Online,1,64.15,48.11,28.97
7518,2025-03-09,East,Home & Kitchen,Online,3,69.77,219.78,137.44
7519,2025-03-09,West,Beauty,Online,2,30.71,61.43,35.97
7520,2025-03-09,East,Home & Kitchen,Online,3,66.79,210.38,141.97
7521,2025-03-09,West,Beauty,In-Store,2,32.82,65.64,38.45
7522,2025-03-09,North,Apparel,Online,2,39.37,90.54,57.81
7523,2025-03-09,East,Sports,Online,4,68.24,286.59,167.59
7524,2025-03-09,West,Apparel,Online,3,46.43,139.29,87.05
7525,2025-03-10,West,Beauty,Mobile App,3,24.23,72.68,44.5
7526,2025-03-10,North,Home & Kitchen,In-Store,1,64.56,74.24,48.68
7527,2025-03-10,East,Home & Kitchen,Online,3,69.58,219.18,130.74
7528,2025-03-10,East,Sports,In-Store,3,59.48,187.36,120.34
7529,2025-03-10,West,Sports,Online,1,45.18,45.18,27.22
7530,2025-03-10,South,Electronics,Online,3,197.26,443.84,277.95
7531,2025-03-10,North,Home & Kitchen,Online,3,53.85,185.8,102.21
7532,2025-03-10,North,Sports,Online,1,59.49,68.41,40.65
7533,2025-03-10,East,Apparel,Online,1,46.7,49.04,29.53
7534,2025-03-11,East,Beauty,Online,3,29.84,93.99,55.44
7535,2025-03-11,North,Home & Kitchen,Mobile App,1,74.54,85.72,53.7
7536,2025-03-11,East,Beauty,Mobile App,3,23.39,73.69,43.1
7537,2025-03-11,South,Home & Kitchen,Mobile App,4,76.59,229.76,127.01
7538,2025-03-11,East,Electronics,Online,1,175.26,184.02,124.07
7539,2025-03-11,West,Home & Kitchen,In-Store,4,71.77,287.07,189.83
7540,2025-03-11,North,Home & Kitchen,Mobile App,2,67.07,154.26,88.1
7541,2025-03-11,South,Beauty,Mobile App,4,30.99,92.96,54.54
7542,2025-03-11,East,Electronics,Mobile App,1,193.08,202.73,137.32
7543,2025-03-11,West,Apparel,Online,4,41.85,167.4,108.86
7544,2025-03-11,North,Sports,In-Store,2,58.09,133.61,78.04
7545,2025-03-11,North,Beauty,In-Store,3,32.66,112.67,69.09
7546,2025-03-11,East,Sports,Online,1,59.63,62.61,39.32
7547,2025-03-11,East,Beauty,Online,2,27.68,58.12,36.26
7548,2025-03-12,West,Sports,Online,4,52.94,211.76,124.63
7549,2025-03-12,South,Electronics,Online,1,164.52,123.39,70.54
7550,2025-03-12,West,Electronics,In-Store,2,155.81,311.61,181.78
7551,2025-03-12,South,Beauty,Online,4,25.96,77.88,43.22
7552,2025-03-12,West,Electronics,Online,3,159.59,478.77,265.83
7553,2025-03-12,East,Apparel,In-Store,4,42.92,180.28,100.64
7554,2025-03-12,West,Apparel,In-Store,4,38.71,154.82,102.85
7555,2025-03-12,East,Beauty,Mobile App,4,19.84,83.32,45.99
7556,2025-03-12,North,Beauty,In-Store,3,25.3,87.28,52.72
7557,2025-03-12,North,Apparel,In-Store,2,41.3,94.98,57.36
7558,2025-03-12,East,Apparel,Online,4,46.26,194.27,123.6
7559,2025-03-12,West,Home & Kitchen,Online,1,52.16,52.16,30.02
7560,2025-03-12,South,Beauty,Online,3,26.98,60.7,34.0
7561,2025-03-12,North,Beauty,In-Store,1,30.07,34.58,22.88
7562,2025-03-12,South,Electronics,Online,1,207.46,155.59,93.5
7563,2025-03-13,North,Electronics,Online,4,163.68,752.91,470.29
7564,2025-03-13,East,Sports,Online,3,63.33,199.49,114.9
7565,2025-03-13,North,Home & Kitchen,Online,1,68.81,79.13,44.52
7566,2025-03-13,South,Apparel,Mobile App,4,37.26,111.79,67.57
7567,2025-03-13,West,Home & Kitchen,In-Store,2,61.49,122.97,68.6
7568,2025-03-13,South,Apparel,Online,2,49.58,74.37,44.4
7569,2025-03-13,South,Apparel,Online,3,47.94,107.87,62.44
7570,2025-03-13,North,Sports,In-Store,1,48.56,55.85,33.28
7571,2025-03-13,East,Apparel,Online,3,41.81,131.69,89.22
7572,2025-03-13,East,Apparel,Online,2,48.99,102.89,68.74
7573,2025-03-13,North,Electronics,In-Store,1,180.77,207.89,139.86
7574,2025-03-13,North,Electronics,Online,4,179.02,823.49,558.81
7575,2025-03-13,South,Electronics,Online,4,194.31,582.93,337.51
7576,2025-03-13,West,Apparel,In-Store,3,38.99,116.96,71.51
7577,2025-03-13,West,Apparel,Online,4,56.82,227.29,128.41
7578,2025-03-13,East,Electronics,In-Store,4,189.92,797.64,526.55
7579,2025-03-13,South,Home & Kitchen,In-Store,4,59.05,177.14,113.0
7580,2025-03-14,West,Home & Kitchen,Mobile App,2,72.82,145.63,85.43
7581,2025-03-14,West,Electronics,In-Store,4,188.26,753.05,450.65
7582,2025-03-14,West,Apparel,Online,4,47.74,190.96,112.49
7583,2025-03-14,East,Apparel,Online,2,51.46,108.06,68.1
7584,2025-03-14,South,Apparel,Mobile App,1,45.43,34.07,21.8
7585,2025-03-14,West,Beauty,In-Store,2,28.68,57.37,31.79
7586,2025-03-14,West,Apparel,Online,2,44.52,89.05,59.93
7587,2025-03-14,East,Apparel,Online,1,53.23,55.89,34.03
7588,2025-03-14,East,Electronics,Mobile App,2,170.91,358.91,224.79
7589,2025-03-14,South,Apparel,In-Store,1,54.61,40.96,26.7
7590,2025-03-14,North,Sports,Online,3,55.05,189.93,116.13
7591,2025-03-14,East,Sports,Online,3,63.13,198.85,121.63
7592,2025-03-14,North,Home & Kitchen,Online,1,75.97,87.36,52.84
7593,2025-03-15,North,Home & Kitchen,Online,2,66.58,153.13,96.29
7594,2025-03-15,North,Sports,In-Store,4,57.49,264.46,148.99
7595,2025-03-15,South,Home & Kitchen,Online,3,60.76,136.72,89.58
7596,2025-03-15,North,Apparel,In-Store,2,56.12,129.08,85.63
7597,2025-03-15,West,Apparel,In-Store,4,49.85,199.39,127.35
7598,2025-03-15,West,Electronics,Online,1,149.17,149.17,97.92
7599,2025-03-15,North,Apparel,In-Store,3,52.31,180.46,101.04
7600,2025-03-15,North,Beauty,In-Store,1,26.67,30.67,19.22
7601,2025-03-16,South,Beauty,Mobile App,3,23.57,53.04,30.97
7602,2025-03-16,South,Apparel,In-Store,4,41.83,125.5,75.79
7603,2025-03-16,East,Apparel,In-Store,1,49.44,51.91,30.83
7604,2025-03-16,West,Beauty,Online,3,29.37,88.11,52.6
7605,2025-03-16,East,Apparel,Online,4,43.23,181.58,111.97
7606,2025-03-16,East,Beauty,Online,3,27.36,86.19,54.58
7607,2025-03-16,North,Home & Kitchen,In-Store,4,54.15,249.11,159.23
7608,2025-03-16,North,Beauty,Online,1,28.29,32.53,20.2
7609,2025-03-16,South,Beauty,Online,1,25.79,19.34,11.18
7610,2025-03-16,West,Beauty,In-Store,2,29.8,59.6,37.41
7611,2025-03-17,West,Electronics,Online,2,178.32,356.63,211.95
7612,2025-03-17,North,Sports,Online,1,52.19,60.02,34.05
7613,2025-03-17,South,Apparel,Online,1,48.05,36.04,23.27
7614,2025-03-17,East,Home & Kitchen,In-Store,2,66.43,139.5,86.44
7615,2025-03-18,West,Home & Kitchen,Online,1,55.95,55.95,31.22
7616,2025-03-18,North,Beauty,In-Store,4,28.19,129.67,78.32
7617,2025-03-18,East,Electronics,Online,2,233.89,491.17,301.17
7618,2025-03-18,North,Sports,Mobile App,2,48.28,111.05,66.65
7619,2025-03-18,West,Home & Kitchen,In-Store,1,62.41,62.41,39.95
7620,2025-03-18,North,Electronics,In-Store,2,160.93,370.14,243.03
7621,2025-03-18,East,Electronics,Online,1,170.92,179.46,104.05
7622,2025-03-18,South,Home & Kitchen,Online,4,65.53,196.58,114.02
7623,2025-03-18,East,Electronics,In-Store,4,171.4,719.88,464.33
7624,2025-03-18,West,Home & Kitchen,In-Store,1,60.69,60.69,39.88
7625,2025-03-18,North,Sports,In-Store,3,62.25,214.77,119.21
7626,2025-03-18,East,Apparel,Online,3,37.85,119.24,72.13
7627,2025-03-18,North,Home & Kitchen,In-Store,2,52.06,119.73,68.57
7628,2025-03-18,East,Apparel,Online,1,42.63,44.76,26.73
7629,2025-03-18,North,Home & Kitchen,Mobile App,2,62.28,143.24,86.58
7630,2025-03-18,North,Beauty,Online,2,31.96,73.5,45.17
7631,2025-03-18,South,Apparel,In-Store,1,44.87,33.65,18.67
7632,2025-03-18,North,Electronics,Mobile App,2,188.01,432.41,243.7
7633,2025-03-18,West,Beauty,In-Store,3,30.69,92.06,61.21
7634,2025-03-18,North,Beauty,Online,4,27.54,126.68,73.1
7635,2025-03-19,West,Electronics,Online,4,199.69,798.77,464.76
7636,2025-03-19,East,Sports,Mobile App,1,65.58,68.86,45.24
7637,2025-03-19,East,Beauty,Online,2,29.25,61.43,41.56
7638,2025-03-19,North,Home & Kitchen,In-Store,4,73.34,337.37,191.35
7639,2025-03-19,West,Home & Kitchen,Online,3,60.34,181.02,100.68
7640,2025-03-19,South,Apparel,In-Store,3,39.36,88.57,48.95
7641,2025-03-19,South,Home & Kitchen,Online,1,75.5,56.62,37.62
7642,2025-03-19,North,Electronics,Online,4,123.08,566.18,352.76
7643,2025-03-19,East,Electronics,In-Store,3,127.25,400.85,239.06
7644,2025-03-19,East,Electronics,In-Store,1,202.54,212.67,130.84
7645,2025-03-20,North,Electronics,Mobile App,1,204.27,234.91,133.49
7646,2025-03-20,East,Beauty,Online,2,30.0,63.0,36.44
7647,2025-03-20,North,Apparel,In-Store,3,42.91,148.05,87.58
7648,2025-03-20,East,Beauty,In-Store,4,25.88,108.69,70.4
7649,2025-03-20,South,Home & Kitchen,In-Store,2,77.68,116.52,68.55
7650,2025-03-20,North,Sports,In-Store,1,54.31,62.46,36.36
7651,2025-03-20,North,Apparel,Online,1,46.11,53.02,32.59
7652,2025-03-20,South,Apparel,Mobile App,3,55.53,124.95,82.56
7653,2025-03-20,West,Electronics,In-Store,4,182.89,731.55,450.64
7654,2025-03-20,West,Electronics,Online,2,189.73,379.46,250.17
7655,2025-03-20,East,Apparel,Mobile App,4,41.8,175.54,113.65
7656,2025-03-20,North,Home & Kitchen,In-Store,3,60.91,210.14,128.01
7657,2025-03-20,West,Apparel,Online,3,42.8,128.4,73.43
7658,2025-03-21,North,Apparel,In-Store,1,45.66,52.51,30.09
7659,2025-03-21,South,Beauty,Mobile App,2,30.04,45.06,29.19
7660,2025-03-21,East,Electronics,Online,1,123.67,129.85,77.24
7661,2025-03-21,South,Beauty,Online,4,26.16,78.48,51.62
7662,2025-03-21,North,Beauty,In-Store,2,32.78,75.39,46.66
7663,2025-03-21,East,Sports,Online,1,54.23,56.94,36.73
7664,2025-03-21,South,Beauty,Online,2,26.08,39.13,26.46
7665,2025-03-21,West,Electronics,In-Store,1,179.39,179.39,106.75
7666,2025-03-21,South,Sports,Online,2,50.82,76.23,43.86
7667,2025-03-21,North,Apparel,In-Store,4,46.67,214.68,134.2
7668,2025-03-21,East,Beauty,In-Store,2,26.9,56.5,32.48
7669,2025-03-22,North,Home & Kitchen,In-Store,3,63.28,218.32,126.12
7670,2025-03-22,East,Beauty,Online,2,23.33,48.99,28.5
7671,2025-03-22,West,Apparel,Online,4,34.6,138.4,77.76
7672,2025-03-22,North,Beauty,Online,4,29.23,134.45,75.02
7673,2025-03-22,North,Beauty,Mobile App,4,26.43,121.59,82.64
7674,2025-03-22,West,Electronics,Online,2,175.41,350.81,210.29
7675,2025-03-22,North,Electronics,Online,1,196.25,225.68,150.15
7676,2025-03-22,South,Electronics,In-Store,1,182.38,136.79,79.46
7677,2025-03-22,West,Sports,Online,3,71.21,213.64,144.88
7678,2025-03-22,South,Apparel,In-Store,1,42.39,31.79,18.51
7679,2025-03-22,West,Apparel,In-Store,3,38.43,115.29,65.24
7680,2025-03-22,North,Electronics,In-Store,1,173.11,199.08,134.29
7681,2025-03-22,South,Home & Kitchen,Online,1,80.71,60.54,36.8
7682,2025-03-22,East,Beauty,Online,3,24.61,77.52,43.84
7683,2025-03-22,West,Beauty,Online,4,27.14,108.55,66.29
7684,2025-03-22,South,Home & Kitchen,Online,4,76.18,228.54,126.0
7685,2025-03-22,West,Electronics,Mobile App,1,195.91,195.91,125.82
7686,2025-03-22,East,Electronics,Online,4,166.18,697.95,393.96
7687,2025-03-23,North,Apparel,Mobile App,1,55.44,63.76,41.82
7688,2025-03-23,East,Apparel,Mobile App,2,44.46,93.37,58.05
7689,2025-03-23,North,Beauty,Online,4,24.68,113.51,63.07
7690,2025-03-23,South,Apparel,In-Store,1,42.14,31.6,20.59
7691,2025-03-23,West,Home & Kitchen,Online,2,66.44,132.89,86.39
7692,2025-03-23,East,Apparel,Mobile App,1,49.32,51.79,29.12
7693,2025-03-23,East,Electronics,Mobile App,1,164.26,172.47,104.88
7694,2025-03-23,West,Sports,Online,1,47.46,47.46,26.44
7695,2025-03-23,West,Home & Kitchen,Online,3,56.02,168.05,102.58
7696,2025-03-23,East,Electronics,Online,2,211.4,443.94,299.45
7697,2025-03-23,West,Home & Kitchen,In-Store,1,76.07,76.07,45.69
7698,2025-03-23,East,Home & Kitchen,Online,2,60.57,127.21,83.58
7699,2025-03-24,West,Sports,In-Store,2,59.02,118.04,76.44
7700,2025-03-24,North,Apparel,Mobile App,4,43.55,200.35,110.21
7701,2025-03-24,South,Electronics,Online,3,170.19,382.93,243.64
7702,2025-03-24,North,Sports,Online,2,42.96,98.81,65.09
7703,2025-03-24,West,Electronics,Online,4,226.72,906.88,511.47
7704,2025-03-24,West,Electronics,Online,4,147.33,589.31,331.08
7705,2025-03-24,East,Home & Kitchen,Mobile App,4,65.54,275.29,154.7
7706,2025-03-24,South,Sports,Online,4,44.52,133.57,77.94
7707,2025-03-24,West,Apparel,Online,2,39.88,79.76,52.44
7708,2025-03-24,South,Electronics,Online,1,171.37,128.53,81.07
7709,2025-03-24,West,Sports,Online,3,50.47,151.42,90.37
7710,2025-03-24,North,Sports,In-Store,3,49.7,171.45,99.57
7711,2025-03-24,South,Electronics,In-Store,3,190.6,428.86,236.13
7712,2025-03-25,West,Home & Kitchen,In-Store,3,68.43,205.3,113.26
7713,2025-03-25,West,Home & Kitchen,In-Store,3,69.76,209.27,124.36
7714,2025-03-25,East,Beauty,In-Store,1,29.3,30.76,20.54
7715,2025-03-25,North,Home & Kitchen,In-Store,2,68.87,158.39,105.16
7716,2025-03-25,East,Apparel,In-Store,1,49.35,51.82,33.28
7717,2025-03-25,North,Sports,Online,3,57.01,196.69,114.49
7718,2025-03-25,North,Beauty,In-Store,4,24.92,114.65,65.23
7719,2025-03-25,North,Beauty,Online,1,25.53,29.36,16.97
7720,2025-03-25,West,Apparel,Mobile App,4,44.65,178.58,118.61
7721,2025-03-25,North,Electronics,In-Store,4,200.08,920.37,575.41
7722,2025-03-25,East,Apparel,In-Store,4,46.39,194.83,107.9
7723,2025-03-25,North,Apparel,Mobile App,2,49.0,112.71,65.22
7724,2025-03-25,East,Electronics,Online,1,165.65,173.93,118.15
7725,2025-03-25,East,Electronics,Mobile App,1,183.93,193.13,113.44
7726,2025-03-25,North,Home & Kitchen,In-Store,1,50.81,58.43,34.32
7727,2025-03-26,West,Sports,In-Store,1,57.49,57.49,33.35
7728,2025-03-26,North,Beauty,Mobile App,2,22.23,51.13,32.08
7729,2025-03-26,East,Beauty,Online,4,29.39,123.46,72.86
7730,2025-03-26,West,Electronics,In-Store,3,173.96,521.88,354.12
7731,2025-03-26,East,Home & Kitchen,In-Store,4,70.69,296.91,198.04
7732,2025-03-26,West,Beauty,In-Store,4,25.08,100.32,64.92
7733,2025-03-26,East,Electronics,In-Store,2,152.44,320.12,178.88
7734,2025-03-26,South,Electronics,In-Store,3,172.04,387.09,246.42
7735,2025-03-26,North,Beauty,In-Store,4,22.85,105.13,67.73
7736,2025-03-26,South,Apparel,Online,4,46.66,139.98,80.63
7737,2025-03-26,East,Apparel,In-Store,2,34.61,72.68,43.0
7738,2025-03-26,North,Home & Kitchen,Mobile App,1,66.28,76.22,49.66
7739,2025-03-26,South,Apparel,In-Store,4,41.13,123.38,82.84
7740,2025-03-26,East,Apparel,Mobile App,1,37.45,39.33,22.23
7741,2025-03-27,West,Electronics,Online,3,174.94,524.81,328.37
7742,2025-03-27,North,Home & Kitchen,In-Store,1,72.05,82.86,52.05
7743,2025-03-27,East,Sports,Mobile App,3,65.35,205.85,114.57
7744,2025-03-27,South,Apparel,Online,2,48.19,72.28,42.63
7745,2025-03-27,East,Sports,Online,3,65.22,205.44,138.37
7746,2025-03-27,South,Electronics,Mobile App,2,160.8,241.2,156.84
7747,2025-03-27,West,Beauty,Online,4,26.86,107.43,72.35
7748,2025-03-27,North,Apparel,In-Store,4,41.72,191.93,120.78
7749,2025-03-27,East,Electronics,Mobile App,2,176.78,371.25,236.57
7750,2025-03-27,West,Sports,Online,1,58.42,58.42,33.61
7751,2025-03-27,West,Sports,Online,4,52.37,209.47,119.24
7752,2025-03-27,West,Electronics,Mobile App,4,159.57,638.27,411.22
7753,2025-03-27,East,Beauty,Mobile App,3,32.91,103.66,64.99
7754,2025-03-27,East,Beauty,Online,4,28.08,117.95,69.46
7755,2025-03-28,West,Beauty,Online,4,29.23,116.9,75.03
7756,2025-03-28,South,Electronics,Online,1,198.87,149.15,99.3
7757,2025-03-28,West,Apparel,Online,3,52.53,157.59,98.36
7758,2025-03-28,East,Electronics,Online,3,195.86,616.96,395.51
7759,2025-03-29,West,Beauty,Online,2,28.49,56.99,34.75
7760,2025-03-29,South,Beauty,In-Store,4,28.31,84.94,47.38
7761,2025-03-29,East,Beauty,Online,2,31.46,66.07,37.45
7762,2025-03-29,North,Electronics,Online,2,183.1,421.12,281.21
7763,2025-03-29,East,Home & Kitchen,Online,1,77.61,81.49,47.85
7764,2025-03-29,East,Electronics,Mobile App,2,179.83,377.64,233.23
7765,2025-03-29,North,Electronics,In-Store,4,177.15,814.91,500.19
7766,2025-03-29,South,Beauty,Online,2,28.26,42.4,25.05
7767,2025-03-29,South,Sports,Online,2,49.96,74.93,46.67
7768,2025-03-29,East,Home & Kitchen,In-Store,1,67.42,70.79,39.77
7769,2025-03-29,East,Electronics,Online,3,171.75,541.02,350.02
7770,2025-03-29,South,Sports,Online,1,55.55,41.66,26.62
7771,2025-03-29,South,Sports,In-Store,1,54.22,40.67,23.14
7772,2025-03-30,West,Electronics,In-Store,3,177.57,532.7,322.93
7773,2025-03-30,East,Electronics,Mobile App,3,197.56,622.3,373.97
7774,2025-03-30,West,Electronics,In-Store,3,156.55,469.65,289.83
7775,2025-03-30,West,Sports,In-Store,2,50.73,101.46,57.9
7776,2025-03-30,East,Electronics,In-Store,4,134.48,564.8,335.65
7777,2025-03-30,West,Sports,Mobile App,2,55.52,111.03,65.16
7778,2025-03-30,East,Apparel,In-Store,2,38.95,81.8,51.95
7779,2025-03-30,West,Sports,Online,4,56.95,227.81,131.25
7780,2025-03-30,North,Electronics,Online,1,178.17,204.9,134.6
7781,2025-03-30,West,Sports,Online,2,55.06,110.12,67.6
7782,2025-03-30,East,Electronics,In-Store,2,170.72,358.5,233.08
7783,2025-03-31,East,Apparel,Mobile App,2,46.12,96.86,64.18
7784,2025-03-31,West,Home & Kitchen,Mobile App,2,65.47,130.94,83.61
7785,2025-03-31,North,Electronics,Mobile App,3,181.69,626.83,366.67
7786,2025-03-31,North,Electronics,Online,2,184.47,424.28,262.55
7787,2025-03-31,North,Electronics,Online,3,184.92,637.98,425.35
7788,2025-03-31,West,Beauty,In-Store,3,26.38,79.14,43.86
7789,2025-03-31,East,Apparel,In-Store,4,50.13,210.57,141.26
7790,2025-03-31,South,Electronics,In-Store,1,161.24,120.93,71.52
7791,2025-03-31,South,Electronics,In-Store,3,218.25,491.06,315.22
7792,2025-03-31,East,Apparel,Online,3,42.69,134.46,78.99
7793,2025-03-31,South,Beauty,In-Store,4,25.84,77.52,51.72
7794,2025-03-31,South,Apparel,In-Store,2,48.49,72.73,43.06
7795,2025-03-31,South,Apparel,Mobile App,1,32.19,24.14,15.18
7796,2025-03-31,South,Electronics,Online,2,193.2,289.8,182.9
7797,2025-04-01,South,Apparel,In-Store,4,45.35,136.06,76.53
7798,2025-04-01,North,Beauty,Mobile App,3,23.22,80.1,45.69
7799,2025-04-01,North,Beauty,Online,3,25.73,88.77,59.17
7800,2025-04-01,East,Apparel,Mobile App,4,40.18,168.77,92.93
7801,2025-04-01,East,Sports,Online,4,59.44,249.64,140.38
7802,2025-04-01,South,Electronics,Online,3,178.63,401.91,255.1
7803,2025-04-01,West,Home & Kitchen,Online,2,62.52,125.04,75.82
7804,2025-04-01,West,Beauty,Online,2,23.17,46.35,31.35
7805,2025-04-01,North,Home & Kitchen,In-Store,3,58.56,202.04,134.09
7806,2025-04-01,South,Electronics,Online,1,162.3,121.73,71.64
7807,2025-04-01,West,Apparel,Online,2,46.4,92.81,59.17
7808,2025-04-01,West,Apparel,Online,4,36.76,147.06,84.01
7809,2025-04-01,South,Apparel,In-Store,3,44.58,100.31,67.39
7810,2025-04-01,South,Electronics,In-Store,3,181.25,407.82,251.56
7811,2025-04-01,West,Apparel,Mobile App,3,48.05,144.15,85.23
7812,2025-04-01,West,Apparel,In-Store,1,50.49,50.49,32.37
7813,2025-04-01,East,Beauty,In-Store,1,28.95,30.4,20.48
7814,2025-04-02,South,Home & Kitchen,Online,3,64.98,146.21,92.25
7815,2025-04-02,East,Electronics,In-Store,3,207.42,653.38,413.43
7816,2025-04-02,West,Electronics,In-Store,1,175.01,175.01,108.95
7817,2025-04-02,West,Beauty,Online,1,25.18,25.18,14.01
7818,2025-04-02,West,Electronics,Online,2,216.13,432.25,250.31
7819,2025-04-02,East,Sports,In-Store,1,55.5,58.27,32.38
7820,2025-04-02,North,Home & Kitchen,Mobile App,2,70.66,162.52,108.47
7821,2025-04-02,North,Home & Kitchen,Online,3,68.22,235.37,155.79
7822,2025-04-02,East,Beauty,Online,4,24.85,104.36,58.99
7823,2025-04-02,North,Home & Kitchen,Mobile App,4,66.63,306.48,185.13
7824,2025-04-02,North,Home & Kitchen,Online,2,59.12,135.97,84.68
7825,2025-04-02,South,Beauty,Online,4,25.65,76.95,48.21
7826,2025-04-03,West,Apparel,Online,2,44.17,88.34,57.59
7827,2025-04-03,West,Home & Kitchen,Online,2,54.44,108.89,73.25
7828,2025-04-03,North,Apparel,Mobile App,1,46.41,53.37,35.66
7829,2025-04-03,East,Beauty,Online,4,28.79,120.91,80.13
7830,2025-04-03,North,Beauty,In-Store,3,26.17,90.29,50.51
7831,2025-04-03,East,Home & Kitchen,Online,3,65.98,207.84,133.77
7832,2025-04-03,West,Home & Kitchen,Online,2,77.5,154.99,101.58
7833,2025-04-03,West,Electronics,In-Store,1,176.5,176.5,105.63
7834,2025-04-03,West,Electronics,In-Store,3,171.42,514.26,292.18
7835,2025-04-03,East,Apparel,Online,3,52.08,164.07,96.59
7836,2025-04-03,South,Home & Kitchen,In-Store,2,71.69,107.54,72.11
7837,2025-04-03,South,Beauty,Mobile App,2,32.28,48.41,32.86
7838,2025-04-03,West,Beauty,Online,4,26.12,104.5,63.26
7839,2025-04-04,North,Sports,Mobile App,3,52.07,179.65,111.02
7840,2025-04-04,North,Home & Kitchen,Mobile App,3,59.13,204.01,138.09
7841,2025-04-04,East,Home & Kitchen,In-Store,2,73.89,155.16,92.15
7842,2025-04-04,West,Sports,In-Store,4,57.49,229.96,139.27
7843,2025-04-04,East,Apparel,Online,2,39.26,82.45,52.39
7844,2025-04-04,West,Electronics,In-Store,3,154.27,462.82,308.49
7845,2025-04-04,West,Home & Kitchen,Online,1,54.56,54.56,31.25
7846,2025-04-04,North,Electronics,In-Store,4,142.7,656.42,415.66
7847,2025-04-04,East,Apparel,In-Store,4,43.34,182.04,114.57
7848,2025-04-04,North,Electronics,Online,2,165.63,380.96,258.88
7849,2025-04-04,East,Apparel,Mobile App,4,48.01,201.64,135.39
7850,2025-04-04,North,Apparel,Online,1,50.95,58.59,39.71
7851,2025-04-04,South,Beauty,Online,4,27.84,83.52,51.96
7852,2025-04-04,East,Apparel,Mobile App,2,55.16,115.84,76.22
7853,2025-04-04,West,Sports,In-Store,2,42.5,85.0,49.63
7854,2025-04-05,South,Beauty,Online,1,32.16,24.12,16.0
7855,2025-04-05,North,Home & Kitchen,Mobile App,1,65.88,75.76,44.98
7856,2025-04-05,East,Home & Kitchen,Mobile App,3,57.6,181.44,106.56
7857,2025-04-05,East,Beauty,In-Store,4,25.88,108.71,62.1
7858,2025-04-05,North,Electronics,Online,3,151.73,523.46,316.46
7859,2025-04-05,North,Home & Kitchen,In-Store,1,55.34,63.64,40.52
7860,2025-04-05,North,Sports,Online,2,59.35,136.52,77.13
7861,2025-04-05,North,Home & Kitchen,Online,2,58.63,134.85,82.1
7862,2025-04-05,South,Electronics,In-Store,4,188.47,565.4,383.29
7863,2025-04-05,West,Beauty,Online,1,25.43,25.43,15.51
7864,2025-04-05,South,Beauty,Online,1,26.19,19.65,11.08
7865,2025-04-05,North,Beauty,Online,2,25.23,58.03,39.08
7866,2025-04-05,North,Apparel,Online,2,47.58,109.44,63.81
7867,2025-04-05,East,Beauty,In-Store,1,31.89,33.48,20.93
7868,2025-04-06,West,Home & Kitchen,In-Store,2,60.98,121.96,79.3
7869,2025-04-06,East,Home & Kitchen,Online,2,59.15,124.22,69.17
7870,2025-04-06,East,Sports,In-Store,4,70.94,297.93,196.35
7871,2025-04-06,East,Electronics,In-Store,2,191.39,401.92,257.33
7872,2025-04-06,West,Beauty,In-Store,2,24.7,49.4,29.93
7873,2025-04-06,East,Electronics,Online,4,198.4,833.27,501.87
7874,2025-04-06,East,Electronics,Online,3,136.46,429.86,277.29
7875,2025-04-06,North,Electronics,Mobile App,3,184.3,635.83,427.47
7876,2025-04-06,South,Sports,Online,1,53.58,40.18,22.63
7877,2025-04-07,East,Electronics,In-Store,2,150.05,315.1,173.61
7878,2025-04-07,West,Home & Kitchen,Online,2,68.07,136.14,76.98
7879,2025-04-07,South,Beauty,In-Store,4,28.26,84.77,54.78
7880,2025-04-07,West,Electronics,Online,1,191.21,191.21,109.99
7881,2025-04-07,East,Home & Kitchen,Online,2,63.82,134.01,85.29
7882,2025-04-07,West,Electronics,In-Store,4,172.26,689.03,418.81
7883,2025-04-07,North,Beauty,Mobile App,1,33.48,38.5,22.56
7884,2025-04-07,South,Apparel,In-Store,4,51.19,153.58,103.85
7885,2025-04-07,East,Sports,Online,1,55.19,57.95,32.97
7886,2025-04-07,West,Home & Kitchen,Online,3,69.34,208.03,117.03
7887,2025-04-07,West,Sports,In-Store,3,57.24,171.72,115.32
7888,2025-04-07,North,Electronics,Online,3,220.57,760.98,511.46
7889,2025-04-07,South,Beauty,In-Store,2,30.14,45.21,26.29
7890,2025-04-07,East,Electronics,Online,1,183.38,192.55,123.79
7891,2025-04-07,East,Home & Kitchen,Mobile App,2,69.95,146.9,96.83
7892,2025-04-07,East,Sports,Online,2,43.48,91.3,51.38
7893,2025-04-07,East,Sports,Online,3,56.21,177.06,108.89
7894,2025-04-07,South,Apparel,Mobile App,4,35.3,105.89,61.95
7895,2025-04-07,West,Apparel,Online,2,51.05,102.1,68.58
7896,2025-04-08,West,Electronics,In-Store,1,176.65,176.65,108.28
7897,2025-04-08,North,Electronics,Online,3,195.78,675.43,415.92
7898,2025-04-08,South,Apparel,In-Store,4,40.15,120.44,67.53
7899,2025-04-08,East,Home & Kitchen,Mobile App,3,79.16,249.35,148.28
7900,2025-04-08,North,Electronics,In-Store,2,232.2,534.06,307.95
7901,2025-04-08,East,Apparel,Mobile App,3,47.45,149.48,86.4
7902,2025-04-08,South,Electronics,Mobile App,3,153.46,345.28,230.43
7903,2025-04-08,South,Electronics,Mobile App,1,178.3,133.73,83.02
7904,2025-04-08,West,Electronics,Online,3,213.21,639.62,428.37
7905,2025-04-08,West,Sports,Online,1,41.81,41.81,24.48
7906,2025-04-08,West,Home & Kitchen,In-Store,1,68.11,68.11,38.18
7907,2025-04-08,East,Home & Kitchen,Online,3,75.36,237.37,151.01
7908,2025-04-08,West,Home & Kitchen,Mobile App,1,57.47,57.47,35.91
7909,2025-04-08,West,Electronics,In-Store,1,162.67,162.67,89.54
7910,2025-04-09,East,Apparel,Online,3,45.64,143.75,94.2
7911,2025-04-09,West,Electronics,Online,1,160.49,160.49,97.38
7912,2025-04-09,South,Sports,Online,1,52.38,39.28,26.3
7913,2025-04-09,North,Home & Kitchen,In-Store,2,71.83,165.2,110.62
7914,2025-04-09,North,Beauty,In-Store,4,27.87,128.21,71.29
7915,2025-04-09,North,Beauty,Online,2,23.01,52.91,29.96
7916,2025-04-09,North,Electronics,In-Store,3,158.15,545.62,368.34
7917,2025-04-09,East,Apparel,Online,4,48.75,204.74,134.56
7918,2025-04-09,South,Electronics,Mobile App,4,156.47,469.42,294.64
7919,2025-04-09,East,Electronics,In-Store,3,197.31,621.54,388.77
7920,2025-04-09,North,Home & Kitchen,Online,3,59.53,205.38,129.34
7921,2025-04-09,South,Electronics,Online,3,180.72,406.62,238.66
7922,2025-04-10,North,Home & Kitchen,Mobile App,4,73.16,336.52,213.03
7923,2025-04-10,North,Electronics,Mobile App,2,198.41,456.34,300.15
7924,2025-04-10,East,Sports,In-Store,3,43.65,137.49,86.27
7925,2025-04-10,North,Beauty,In-Store,4,31.62,145.44,89.49
7926,2025-04-10,East,Beauty,Online,2,37.44,78.63,50.73
7927,2025-04-10,East,Electronics,In-Store,3,192.64,606.83,377.79
7928,2025-04-10,North,Electronics,Online,4,178.06,819.09,455.01
7929,2025-04-10,West,Home & Kitchen,Mobile App,4,75.34,301.37,196.84
7930,2025-04-10,East,Apparel,Online,4,48.7,204.53,112.65
7931,2025-04-10,North,Electronics,In-Store,1,185.49,213.31,125.09
7932,2025-04-10,East,Sports,Mobile App,2,55.97,117.54,67.43
7933,2025-04-11,North,Electronics,Online,3,209.98,724.42,430.27
7934,2025-04-11,East,Electronics,In-Store,4,189.64,796.48,533.1
7935,2025-04-11,East,Home & Kitchen,Online,3,64.99,204.73,114.64
7936,2025-04-11,North,Apparel,Online,2,49.95,114.89,72.26
7937,2025-04-11,East,Sports,In-Store,3,56.2,177.04,115.79
7938,2025-04-11,South,Home & Kitchen,Mobile App,3,58.19,130.93,85.93
7939,2025-04-11,North,Apparel,Online,2,38.27,88.02,59.15
7940,2025-04-11,East,Home & Kitchen,Online,2,82.76,173.8,96.11
7941,2025-04-11,South,Beauty,Online,2,35.84,53.76,36.18
7942,2025-04-11,East,Electronics,In-Store,1,212.82,223.46,150.12
7943,2025-04-11,West,Beauty,In-Store,3,30.57,91.72,54.4
7944,2025-04-11,North,Apparel,In-Store,4,34.23,157.44,99.08
7945,2025-04-11,West,Apparel,In-Store,3,46.56,139.69,88.57
7946,2025-04-11,South,Home & Kitchen,Online,1,68.77,51.58,28.74
7947,2025-04-11,South,Electronics,Online,1,170.41,127.81,78.05
7948,2025-04-11,North,Home & Kitchen,Online,1,80.53,92.61,57.83
7949,2025-04-11,West,Electronics,Mobile App,4,169.96,679.85,407.43
7950,2025-04-12,North,Home & Kitchen,In-Store,2,60.93,140.15,81.95
7951,2025-04-12,West,Apparel,Online,2,39.51,79.03,53.66
7952,2025-04-12,North,Apparel,In-Store,1,45.05,51.81,34.52
7953,2025-04-12,South,Electronics,In-Store,2,203.87,305.8,201.94
7954,2025-04-12,East,Home & Kitchen,Online,1,69.66,73.14,43.52
7955,2025-04-12,East,Electronics,Online,3,143.58,452.27,281.29
7956,2025-04-12,East,Beauty,In-Store,2,32.23,67.69,38.36
7957,2025-04-12,West,Beauty,Online,2,29.48,58.96,33.52
7958,2025-04-12,South,Apparel,In-Store,1,47.39,35.54,21.1
7959,2025-04-12,East,Home & Kitchen,Online,4,59.12,248.29,162.36
7960,2025-04-12,South,Apparel,Mobile App,2,45.49,68.23,43.14
7961,2025-04-12,East,Electronics,In-Store,4,183.16,769.27,520.15
7962,2025-04-12,West,Apparel,Mobile App,1,46.32,46.32,30.6
7963,2025-04-12,West,Apparel,Mobile App,2,48.04,96.08,56.94
7964,2025-04-12,North,Home & Kitchen,Mobile App,2,66.14,152.13,97.34
7965,2025-04-12,South,Home & Kitchen,In-Store,2,73.79,110.68,69.24
7966,2025-04-12,North,Home & Kitchen,Mobile App,1,69.86,80.34,49.68
7967,2025-04-12,West,Sports,Mobile App,2,44.67,89.34,55.79
7968,2025-04-12,East,Sports,In-Store,2,50.38,105.81,59.43
7969,2025-04-13,South,Sports,Online,2,52.97,79.45,49.02
7970,2025-04-13,North,Electronics,Online,3,172.44,594.92,388.91
7971,2025-04-13,West,Apparel,In-Store,4,37.05,148.19,84.59
7972,2025-04-13,South,Beauty,In-Store,1,27.63,20.72,13.26
7973,2025-04-13,South,Apparel,In-Store,2,43.69,65.53,43.7
7974,2025-04-13,South,Home & Kitchen,Mobile App,1,59.18,44.39,24.68
7975,2025-04-13,West,Beauty,Online,4,24.9,99.6,64.43
7976,2025-04-13,East,Home & Kitchen,Online,4,51.31,215.5,131.87
7977,2025-04-13,East,Home & Kitchen,Online,3,60.23,189.74,111.59
7978,2025-04-13,South,Beauty,In-Store,4,27.4,82.2,53.77
7979,2025-04-13,East,Beauty,In-Store,1,25.45,26.73,16.82
7980,2025-04-13,East,Home & Kitchen,In-Store,4,66.77,280.43,190.55
7981,2025-04-13,South,Electronics,Online,1,207.0,155.25,94.52
7982,2025-04-14,East,Beauty,Online,4,30.16,126.65,70.2
7983,2025-04-14,North,Sports,Online,4,58.07,267.11,159.38
7984,2025-04-14,East,Beauty,Online,1,26.36,27.68,16.22
7985,2025-04-14,East,Home & Kitchen,In-Store,2,59.76,125.5,82.29
7986,2025-04-14,North,Apparel,Online,2,41.92,96.42,58.12
7987,2025-04-14,East,Home & Kitchen,Online,2,77.02,161.75,103.78
7988,2025-04-14,East,Apparel,In-Store,4,43.28,181.77,105.39
7989,2025-04-14,East,Beauty,Online,3,29.7,93.57,57.82
7990,2025-04-14,East,Electronics,In-Store,2,143.55,301.45,194.68
7991,2025-04-15,East,Electronics,Online,3,197.59,622.4,414.14
7992,2025-04-15,East,Sports,Online,4,49.34,207.22,130.94
7993,2025-04-15,East,Beauty,Mobile App,4,27.65,116.14,74.14
7994,2025-04-15,South,Beauty,In-Store,2,28.65,42.98,26.24
7995,2025-04-15,North,Electronics,Online,4,169.62,780.25,475.01
7996,2025-04-15,North,Apparel,Mobile App,3,41.32,142.55,88.42
7997,2025-04-15,West,Home & Kitchen,In-Store,1,70.87,70.87,46.42
7998,2025-04-15,West,Apparel,Online,4,48.54,194.14,123.29
7999,2025-04-15,North,Apparel,In-Store,3,53.89,185.93,114.4
8000,2025-04-15,North,Apparel,In-Store,1,45.99,52.89,29.37
8001,2025-04-15,South,Electronics,In-Store,1,198.73,149.05,99.41
8002,2025-04-15,South,Electronics,Online,4,175.01,525.03,334.6
8003,2025-04-15,West,Apparel,Mobile App,1,46.41,46.41,29.8
8004,2025-04-15,North,Home & Kitchen,In-Store,1,57.88,66.56,37.0
8005,2025-04-15,West,Home & Kitchen,Online,2,66.73,133.46,85.16
8006,2025-04-16,North,Apparel,Online,2,44.88,103.21,65.42
8007,2025-04-16,West,Beauty,Online,3,24.6,73.81,47.71
8008,2025-04-16,West,Apparel,Online,1,45.45,45.45,25.55
8009,2025-04-16,North,Beauty,In-Store,1,32.27,37.11,24.42
8010,2025-04-16,South,Sports,Mobile App,1,59.1,44.33,29.33
8011,2025-04-16,North,Electronics,In-Store,2,177.75,408.83,276.44
8012,2025-04-16,East,Beauty,Online,1,29.42,30.89,18.99
8013,2025-04-16,West,Beauty,In-Store,1,30.43,30.43,17.65
8014,2025-04-16,East,Beauty,Online,4,27.22,114.32,71.05
8015,2025-04-16,North,Home & Kitchen,Online,1,72.84,83.76,54.48
8016,2025-04-16,South,Electronics,Online,2,211.21,316.82,213.1
8017,2025-04-16,West,Electronics,In-Store,4,197.96,791.84,444.29
8018,2025-04-16,North,Apparel,Online,3,39.83,137.42,91.42
8019,2025-04-16,South,Sports,In-Store,2,47.29,70.94,45.66
8020,2025-04-16,West,Sports,In-Store,2,57.45,114.89,68.41
8021,2025-04-16,East,Beauty,In-Store,3,28.16,88.72,49.54
8022,2025-04-16,North,Beauty,Online,3,25.84,89.13,60.21
8023,2025-04-16,South,Sports,Mobile App,2,62.03,93.05,55.69
8024,2025-04-16,South,Beauty,Online,3,27.92,62.81,39.36
8025,2025-04-16,East,Electronics,Online,2,147.22,309.15,191.11
8026,2025-04-17,North,Home & Kitchen,Online,1,52.37,60.23,35.02
8027,2025-04-17,East,Sports,Online,1,56.38,59.2,37.17
8028,2025-04-17,West,Home & Kitchen,Mobile App,4,62.76,251.06,152.14
8029,2025-04-17,North,Sports,Online,3,57.75,199.24,130.7
8030,2025-04-17,South,Home & Kitchen,Mobile App,3,68.24,153.53,92.3
8031,2025-04-17,North,Beauty,Online,4,32.59,149.92,86.73
8032,2025-04-17,South,Apparel,Online,1,39.66,29.74,16.37
8033,2025-04-17,East,Home & Kitchen,Online,4,56.78,238.47,138.71
8034,2025-04-17,East,Apparel,Mobile App,2,43.3,90.93,50.28
8035,2025-04-17,North,Sports,Online,3,52.27,180.34,116.72
8036,2025-04-17,North,Sports,Online,3,43.94,151.61,84.27
8037,2025-04-18,North,Home & Kitchen,Mobile App,1,67.34,77.45,47.78
8038,2025-04-18,East,Apparel,Online,2,39.81,83.59,48.24
8039,2025-04-18,West,Sports,Online,4,50.05,200.2,113.28
8040,2025-04-18,West,Apparel,Mobile App,4,47.8,191.2,125.85
8041,2025-04-18,East,Beauty,Mobile App,1,30.84,32.38,21.53
8042,2025-04-18,East,Beauty,In-Store,2,29.73,62.43,35.49
8043,2025-04-18,East,Apparel,In-Store,3,52.53,165.47,93.44
8044,2025-04-18,South,Electronics,Online,4,200.24,600.71,396.23
8045,2025-04-18,North,Apparel,Online,4,49.8,229.07,127.93
8046,2025-04-18,South,Apparel,Online,4,48.62,145.86,90.6
8047,2025-04-19,North,Beauty,Online,2,31.04,71.4,41.16
8048,2025-04-19,North,Beauty,In-Store,1,28.8,33.12,19.32
8049,2025-04-19,South,Electronics,Online,1,181.35,136.01,83.19
8050,2025-04-19,North,Electronics,Online,3,197.92,682.83,462.08
8051,2025-04-19,South,Electronics,Online,3,154.9,348.51,211.63
8052,2025-04-19,North,Home & Kitchen,In-Store,4,66.05,303.82,186.29
8053,2025-04-19,East,Home & Kitchen,Online,3,63.68,200.6,119.48
8054,2025-04-19,South,Beauty,In-Store,4,30.08,90.25,50.17
8055,2025-04-19,West,Home & Kitchen,In-Store,2,64.25,128.5,74.7
8056,2025-04-19,West,Electronics,In-Store,4,195.57,782.28,442.41
8057,2025-04-19,North,Electronics,Online,2,180.56,415.3,253.3
8058,2025-04-19,West,Apparel,Mobile App,1,47.78,47.78,31.53
8059,2025-04-19,North,Home & Kitchen,In-Store,2,66.41,152.75,93.97
8060,2025-04-19,South,Electronics,In-Store,4,202.93,608.8,342.88
8061,2025-04-19,North,Home & Kitchen,Online,4,60.9,280.15,169.48
8062,2025-04-19,North,Apparel,Online,2,40.03,92.07,61.58
8063,2025-04-20,South,Sports,Online,2,43.8,65.71,40.48
8064,2025-04-20,West,Beauty,Online,2,34.74,69.48,42.86
8065,2025-04-20,South,Beauty,Online,4,27.73,83.18,47.59
8066,2025-04-20,South,Home & Kitchen,Online,1,68.23,51.17,32.83
8067,2025-04-20,West,Home & Kitchen,In-Store,1,55.77,55.77,31.95
8068,2025-04-20,East,Home & Kitchen,Online,1,74.33,78.05,45.67
8069,2025-04-20,East,Electronics,Mobile App,4,145.71,611.98,380.87
8070,2025-04-20,East,Electronics,Online,4,204.03,856.92,545.38
8071,2025-04-20,South,Home & Kitchen,Online,1,58.11,43.58,24.92
8072,2025-04-20,East,Apparel,Mobile App,3,46.0,144.9,82.27
8073,2025-04-20,North,Beauty,Online,1,25.12,28.89,18.67
8074,2025-04-21,South,Home & Kitchen,Mobile App,2,79.65,119.48,67.85
8075,2025-04-21,South,Electronics,In-Store,2,194.44,291.67,184.19
8076,2025-04-21,South,Apparel,Online,3,51.52,115.91,64.67
8077,2025-04-21,North,Home & Kitchen,Mobile App,4,57.53,264.63,178.99
8078,2025-04-21,East,Sports,In-Store,3,52.35,164.92,97.1
8079,2025-04-21,North,Electronics,Mobile App,4,160.39,737.78,426.4
8080,2025-04-21,North,Electronics,Online,3,164.29,566.8,367.82
8081,2025-04-21,East,Electronics,Mobile App,1,175.27,184.03,105.05
8082,2025-04-21,East,Beauty,Online,1,27.11,28.47,17.34
8083,2025-04-21,South,Electronics,Mobile App,3,169.55,381.5,241.0
8084,2025-04-21,South,Beauty,Online,4,24.04,72.11,45.77
8085,2025-04-21,South,Electronics,Online,2,181.35,272.03,159.08
8086,2025-04-21,East,Home & Kitchen,Mobile App,3,55.09,173.52,99.56
8087,2025-04-21,East,Sports,Online,1,62.84,65.98,42.92
8088,2025-04-21,West,Beauty,Online,2,29.94,59.88,40.68
8089,2025-04-21,North,Electronics,In-Store,1,198.6,228.38,132.58
8090,2025-04-21,South,Electronics,Mobile App,2,198.92,298.38,164.46
8091,2025-04-21,South,Home & Kitchen,Mobile App,2,54.18,81.27,54.36
8092,2025-04-21,East,Apparel,In-Store,2,54.35,114.13,63.23
8093,2025-04-21,North,Electronics,Mobile App,3,214.7,740.72,452.8
8094,2025-04-21,West,Apparel,Online,3,50.83,152.48,101.78
8095,2025-04-22,South,Apparel,Online,2,51.69,77.53,44.82
8096,2025-04-22,North,Electronics,Online,3,171.5,591.67,374.11
8097,2025-04-22,South,Apparel,Online,1,44.95,33.72,22.66
8098,2025-04-22,West,Beauty,In-Store,2,27.31,54.62,33.44
8099,2025-04-22,East,Apparel,Online,3,41.68,131.3,76.64
8100,2025-04-22,West,Home & Kitchen,In-Store,4,64.66,258.65,161.42
8101,2025-04-22,East,Electronics,Mobile App,2,122.87,258.02,171.0
8102,2025-04-22,North,Beauty,Online,4,31.38,144.33,95.76
8103,2025-04-22,West,Apparel,Online,1,37.61,37.61,20.77
8104,2025-04-23,West,Electronics,In-Store,2,205.58,411.16,271.26
8105,2025-04-23,West,Electronics,Mobile App,4,217.07,868.27,558.95
8106,2025-04-23,West,Apparel,Online,2,39.19,78.39,51.55
8107,2025-04-23,West,Home & Kitchen,Online,4,59.93,239.71,154.43
8108,2025-04-23,West,Sports,Online,2,53.91,107.82,72.25
8109,2025-04-23,South,Beauty,Mobile App,1,26.11,19.58,13.14
8110,2025-04-23,West,Home & Kitchen,In-Store,1,52.86,52.86,29.23
8111,2025-04-23,East,Home & Kitchen,In-Store,2,59.45,124.84,70.08
8112,2025-04-23,North,Beauty,Online,2,28.41,65.34,43.69
8113,2025-04-23,West,Apparel,In-Store,3,46.18,138.53,85.0
8114,2025-04-23,North,Apparel,Mobile App,3,53.79,185.57,117.57
8115,2025-04-23,South,Sports,Online,4,49.3,147.91,85.23
8116,2025-04-23,North,Electronics,In-Store,3,173.82,599.67,373.05
8117,2025-04-23,West,Electronics,Online,3,182.95,548.86,305.66
8118,2025-04-23,West,Apparel,Mobile App,3,48.03,144.1,93.24
8119,2025-04-23,South,Apparel,Online,3,41.9,94.27,57.64
8120,2025-04-23,West,Beauty,In-Store,3,24.87,74.62,50.09
8121,2025-04-24,East,Apparel,Online,2,46.78,98.24,63.44
8122,2025-04-24,East,Sports,Online,4,51.13,214.75,135.53
8123,2025-04-24,East,Electronics,Online,3,142.48,448.8,256.75
8124,2025-04-24,West,Sports,Online,4,41.54,166.14,92.26
8125,2025-04-24,West,Sports,Online,4,37.58,150.3,95.73
8126,2025-04-24,West,Electronics,Online,4,185.84,743.36,498.72
8127,2025-04-24,North,Home & Kitchen,Online,2,52.44,120.62,80.77
8128,2025-04-24,South,Home & Kitchen,Online,2,68.84,103.26,57.51
8129,2025-04-24,North,Home & Kitchen,Online,1,55.78,64.14,42.85
8130,2025-04-24,North,Electronics,Online,4,195.16,897.74,514.65
8131,2025-04-24,South,Apparel,Mobile App,4,40.22,120.67,74.89
8132,2025-04-24,East,Home & Kitchen,Online,3,54.82,172.69,101.84
8133,2025-04-24,South,Beauty,In-Store,4,32.28,96.84,64.68
8134,2025-04-25,West,Electronics,In-Store,3,181.57,544.7,332.65
8135,2025-04-25,North,Home & Kitchen,Mobile App,3,65.06,224.45,123.87
8136,2025-04-25,North,Electronics,Online,3,209.37,722.33,444.41
8137,2025-04-25,West,Apparel,Online,2,38.17,76.33,46.12
8138,2025-04-25,West,Home & Kitchen,In-Store,1,51.49,51.49,29.03
8139,2025-04-25,North,Electronics,In-Store,2,191.09,439.51,250.99
8140,2025-04-25,East,Sports,Online,1,57.96,60.86,34.51
8141,2025-04-25,West,Sports,Online,2,58.13,116.26,74.19
8142,2025-04-25,North,Electronics,Online,1,195.58,224.92,144.8
8143,2025-04-26,North,Electronics,Online,1,206.5,237.48,139.72
8144,2025-04-26,East,Sports,Mobile App,4,67.71,284.39,181.27
8145,2025-04-26,West,Beauty,Online,1,27.99,27.99,16.41
8146,2025-04-26,North,Apparel,In-Store,2,47.21,108.58,68.72
8147,2025-04-26,East,Beauty,Online,4,24.16,101.48,57.95
8148,2025-04-26,East,Beauty,Online,3,27.37,86.22,52.33
8149,2025-04-26,East,Beauty,In-Store,2,29.28,61.49,39.02
8150,2025-04-26,North,Apparel,In-Store,3,50.3,173.52,109.79
8151,2025-04-26,North,Apparel,In-Store,4,48.22,221.83,127.85
8152,2025-04-26,North,Apparel,Online,3,35.49,122.44,72.59
8153,2025-04-26,West,Apparel,Mobile App,1,45.15,45.15,27.16
8154,2025-04-26,South,Electronics,Online,2,156.78,235.18,151.74
8155,2025-04-26,West,Home & Kitchen,Mobile App,1,62.41,62.41,37.58
8156,2025-04-26,West,Electronics,In-Store,4,136.54,546.17,359.45
8157,2025-04-26,South,Electronics,Online,2,178.38,267.57,180.73
8158,2025-04-26,North,Electronics,Mobile App,3,178.64,616.3,402.86
8159,2025-04-26,West,Apparel,Mobile App,3,40.95,122.86,69.51
8160,2025-04-27,South,Apparel,In-Store,4,50.6,151.8,89.03
8161,2025-04-27,North,Electronics,Online,4,186.98,860.12,543.48
8162,2025-04-27,West,Home & Kitchen,Mobile App,1,69.65,69.65,47.2
8163,2025-04-27,East,Electronics,Online,2,165.35,347.24,232.5
8164,2025-04-27,South,Apparel,In-Store,4,38.18,114.54,65.19
8165,2025-04-27,East,Home & Kitchen,In-Store,2,69.25,145.42,84.58
8166,2025-04-27,West,Home & Kitchen,Online,2,69.82,139.64,88.19
8167,2025-04-27,South,Electronics,Online,2,183.98,275.97,151.95
8168,2025-04-27,South,Electronics,Online,3,130.97,294.67,174.11
8169,2025-04-27,East,Apparel,In-Store,3,49.94,157.31,96.92
8170,2025-04-27,South,Electronics,Mobile App,4,179.17,537.5,316.34
8171,2025-04-27,East,Home & Kitchen,Online,1,65.37,68.64,43.52
8172,2025-04-27,West,Apparel,In-Store,4,52.77,211.06,127.03
8173,2025-04-27,East,Apparel,Online,4,38.85,163.16,97.51
8174,2025-04-27,West,Home & Kitchen,Mobile App,2,59.85,119.7,73.43
8175,2025-04-28,South,Apparel,In-Store,4,49.81,149.44,88.97
8176,2025-04-28,West,Electronics,Online,2,182.65,365.3,206.53
8177,2025-04-28,East,Home & Kitchen,Online,2,59.4,124.74,82.12
8178,2025-04-28,North,Beauty,Online,3,31.21,107.67,64.51
8179,2025-04-28,North,Sports,Online,3,52.56,181.32,118.45
8180,2025-04-28,South,Beauty,Mobile App,4,27.45,82.35,54.0
8181,2025-04-28,North,Beauty,In-Store,3,28.27,97.54,58.48
8182,2025-04-28,North,Beauty,In-Store,3,27.43,94.65,58.75
8183,2025-04-28,West,Electronics,Online,4,204.42,817.7,450.65
8184,2025-04-28,North,Home & Kitchen,In-Store,2,61.06,140.43,94.19
8185,2025-04-28,East,Home & Kitchen,Mobile App,3,56.44,177.77,105.4
8186,2025-04-28,South,Apparel,Online,2,56.43,84.65,51.0
8187,2025-04-28,West,Apparel,In-Store,2,47.14,94.28,62.67
8188,2025-04-28,North,Apparel,In-Store,3,47.63,164.32,96.23
8189,2025-04-28,North,Apparel,Online,2,46.88,107.83,72.77
8190,2025-04-28,West,Home & Kitchen,Online,4,61.06,244.23,158.83
8191,2025-04-29,West,Beauty,In-Store,1,22.1,22.1,14.84
8192,2025-04-29,East,Apparel,In-Store,4,49.56,208.15,114.69
8193,2025-04-29,South,Electronics,Online,2,164.55,246.83,165.68
8194,2025-04-29,West,Electronics,Online,1,213.51,213.51,120.65
8195,2025-04-29,East,Electronics,Online,1,197.82,207.71,131.89
8196,2025-04-29,South,Sports,Online,1,60.52,45.39,28.48
8197,2025-04-29,East,Electronics,Online,1,193.31,202.98,120.58
8198,2025-04-29,East,Apparel,In-Store,3,55.0,173.25,106.57
8199,2025-04-29,North,Sports,Online,2,51.26,117.9,77.01
8200,2025-04-29,North,Electronics,In-Store,2,167.54,385.33,219.98
8201,2025-04-29,West,Electronics,In-Store,2,185.18,370.37,251.13
8202,2025-04-29,North,Apparel,Mobile App,3,47.28,163.1,97.51
8203,2025-04-29,South,Home & Kitchen,In-Store,1,72.28,54.21,32.85
8204,2025-04-30,South,Home & Kitchen,In-Store,1,63.31,47.48,28.9
8205,2025-04-30,North,Apparel,In-Store,1,46.27,53.21,35.67
8206,2025-04-30,West,Beauty,In-Store,1,26.5,26.5,17.44
8207,2025-04-30,South,Home & Kitchen,Mobile App,3,62.26,140.08,83.67
8208,2025-04-30,North,Home & Kitchen,Online,2,68.66,157.92,89.2
8209,2025-04-30,East,Electronics,In-Store,3,229.93,724.29,450.21
8210,2025-04-30,North,Home & Kitchen,Online,1,53.62,61.66,36.8
8211,2025-05-01,North,Home & Kitchen,Mobile App,4,73.28,337.09,186.42
8212,2025-05-01,South,Apparel,Online,1,47.26,35.44,20.76
8213,2025-05-01,West,Beauty,In-Store,3,29.13,87.39,52.13
8214,2025-05-01,West,Sports,In-Store,4,48.65,194.61,132.17
8215,2025-05-01,East,Home & Kitchen,Mobile App,1,63.29,66.46,37.09
8216,2025-05-01,South,Apparel,In-Store,2,44.95,67.42,43.66
8217,2025-05-01,South,Apparel,In-Store,2,46.56,69.83,40.98
8218,2025-05-01,North,Sports,Mobile App,3,50.39,173.85,105.27
8219,2025-05-01,West,Home & Kitchen,Online,2,60.96,121.93,68.39
8220,2025-05-01,West,Home & Kitchen,Online,1,56.02,56.02,37.23
8221,2025-05-01,South,Sports,Online,3,53.6,120.61,80.98
8222,2025-05-02,North,Beauty,Online,3,31.05,107.11,63.14
8223,2025-05-02,South,Apparel,In-Store,2,36.21,54.31,34.02
8224,2025-05-02,East,Electronics,In-Store,1,230.12,241.62,146.6
8225,2025-05-02,West,Apparel,Mobile App,4,43.58,174.32,117.94
8226,2025-05-02,East,Apparel,Online,2,41.41,86.97,53.39
8227,2025-05-02,East,Sports,Mobile App,4,62.43,262.19,167.08
8228,2025-05-02,East,Apparel,In-Store,3,43.85,138.12,77.18
8229,2025-05-02,West,Apparel,Online,2,46.18,92.36,58.98
8230,2025-05-02,East,Home & Kitchen,Online,1,51.65,54.23,36.44
8231,2025-05-02,South,Apparel,In-Store,1,46.94,35.21,19.99
8232,2025-05-02,East,Apparel,Mobile App,3,48.06,151.38,87.22
8233,2025-05-02,West,Electronics,Online,4,186.95,747.8,504.91
8234,2025-05-02,West,Electronics,Online,4,139.17,556.67,366.82
8235,2025-05-02,North,Home & Kitchen,Online,3,64.68,223.15,133.27
8236,2025-05-02,North,Electronics,In-Store,3,198.42,684.55,452.58
8237,2025-05-02,South,Electronics,In-Store,2,178.84,268.26,158.31
8238,2025-05-02,North,Apparel,Online,4,31.46,144.7,97.51
8239,2025-05-02,South,Electronics,Online,4,137.92,413.77,272.85
8240,2025-05-03,South,Beauty,Online,4,24.79,74.36,46.06
8241,2025-05-03,North,Home & Kitchen,Online,4,65.44,301.05,186.34
8242,2025-05-03,East,Sports,In-Store,3,47.24,148.82,92.18
8243,2025-05-03,North,Home & Kitchen,In-Store,1,79.71,91.66,53.0
8244,2025-05-03,East,Apparel,Mobile App,4,48.42,203.35,134.6
8245,2025-05-03,South,Electronics,In-Store,1,170.19,127.64,85.08
8246,2025-05-03,North,Sports,Mobile App,4,58.13,267.4,164.83
8247,2025-05-03,South,Beauty,Online,2,30.36,45.53,30.71
8248,2025-05-03,South,Electronics,In-Store,4,158.98,476.94,285.39
8249,2025-05-03,East,Home & Kitchen,Online,2,74.22,155.87,92.77
8250,2025-05-04,East,Home & Kitchen,Online,3,61.51,193.74,131.06
8251,2025-05-04,South,Beauty,In-Store,2,26.49,39.73,25.3
8252,2025-05-04,East,Home & Kitchen,In-Store,2,70.23,147.47,92.59
8253,2025-05-04,West,Sports,Online,1,54.49,54.49,36.29
8254,2025-05-04,East,Home & Kitchen,Online,4,70.68,296.85,189.9
8255,2025-05-04,West,Apparel,Online,2,44.88,89.77,51.58
8256,2025-05-04,North,Apparel,Online,3,44.53,153.61,103.86
8257,2025-05-04,South,Electronics,Online,1,184.42,138.32,86.02
8258,2025-05-04,South,Apparel,Online,2,50.79,76.19,50.51
8259,2025-05-04,East,Apparel,Online,1,47.77,50.15,28.68
8260,2025-05-04,East,Apparel,Online,3,45.54,143.44,83.3
8261,2025-05-04,East,Beauty,Online,4,28.24,118.59,77.67
8262,2025-05-04,East,Apparel,Online,3,48.1,151.52,92.22
8263,2025-05-04,East,Electronics,Online,3,128.06,403.39,229.1
8264,2025-05-04,East,Apparel,Online,3,57.93,182.47,121.17
8265,2025-05-04,West,Electronics,Online,4,215.71,862.85,569.44
8266,2025-05-05,North,Beauty,Mobile App,2,30.58,70.32,45.31
8267,2025-05-05,East,Electronics,In-Store,3,153.93,484.89,299.55
8268,2025-05-05,West,Sports,In-Store,1,63.16,63.16,36.97
8269,2025-05-05,West,Electronics,Online,3,173.52,520.57,305.83
8270,2025-05-05,North,Beauty,Online,2,25.84,59.43,37.56
8271,2025-05-05,North,Apparel,Online,4,45.11,207.49,137.84
8272,2025-05-05,North,Home & Kitchen,In-Store,2,67.45,155.13,99.73
8273,2025-05-05,West,Home & Kitchen,Online,2,54.44,108.88,61.27
8274,2025-05-05,South,Sports,Mobile App,1,52.4,39.3,26.46
8275,2025-05-05,West,Beauty,Online,2,29.15,58.29,36.83
8276,2025-05-05,West,Apparel,Online,3,42.09,126.28,76.09
8277,2025-05-05,West,Beauty,Online,4,28.39,113.54,65.26
8278,2025-05-05,South,Beauty,In-Store,4,27.85,83.56,48.18
8279,2025-05-05,North,Beauty,Online,3,31.23,107.73,68.94
8280,2025-05-05,East,Beauty,In-Store,1,31.5,33.08,18.77
8281,2025-05-05,West,Apparel,In-Store,1,51.1,51.1,31.89
8282,2025-05-05,North,Electronics,Online,3,157.54,543.52,308.25
8283,2025-05-05,South,Beauty,In-Store,2,29.6,44.4,24.74
8284,2025-05-05,East,Beauty,Online,2,26.2,55.01,32.62
8285,2025-05-05,South,Apparel,Online,3,43.53,97.93,65.02
8286,2025-05-06,West,Home & Kitchen,Online,2,56.56,113.12,64.89
8287,2025-05-06,West,Sports,Online,1,58.15,58.15,38.31
8288,2025-05-06,North,Electronics,Mobile App,3,156.9,541.29,340.4
8289,2025-05-06,South,Home & Kitchen,In-Store,3,67.21,151.22,100.7
8290,2025-05-06,West,Electronics,In-Store,3,181.63,544.9,305.91
8291,2025-05-06,East,Apparel,In-Store,1,51.21,53.77,29.99
8292,2025-05-06,West,Home & Kitchen,Mobile App,3,73.55,220.65,130.72
8293,2025-05-06,South,Home & Kitchen,Online,2,60.98,91.46,60.0
8294,2025-05-06,East,Apparel,Online,3,34.57,108.89,65.18
8295,2025-05-06,North,Apparel,Online,3,45.13,155.7,94.23
8296,2025-05-06,South,Sports,Mobile App,2,40.17,60.26,36.16
8297,2025-05-06,West,Beauty,Online,2,30.39,60.78,39.26
8298,2025-05-06,East,Electronics,Online,4,193.08,810.94,488.38
8299,2025-05-06,West,Sports,Mobile App,1,55.3,55.3,34.88
8300,2025-05-06,East,Electronics,Online,3,146.54,461.61,256.86
8301,2025-05-06,East,Home & Kitchen,In-Store,4,67.01,281.46,169.65
8302,2025-05-06,South,Beauty,Online,4,28.4,85.21,56.73
8303,2025-05-06,South,Electronics,Online,3,154.04,346.59,229.84
8304,2025-05-06,West,Beauty,In-Store,1,25.33,25.33,17.13
8305,2025-05-06,East,Sports,Online,3,50.23,158.22,96.85
8306,2025-05-06,North,Apparel,In-Store,1,47.37,54.48,31.98
8307,2025-05-06,North,Sports,In-Store,1,63.14,72.61,40.32
8308,2025-05-06,East,Apparel,Online,1,47.54,49.91,27.75
8309,2025-05-06,South,Apparel,Online,2,55.62,83.44,49.03
8310,2025-05-06,North,Electronics,In-Store,4,162.94,749.51,500.2
8311,2025-05-06,East,Beauty,Online,4,27.31,114.7,70.57
8312,2025-05-06,North,Sports,In-Store,3,47.59,164.19,110.04
8313,2025-05-06,West,Electronics,Online,2,147.07,294.15,197.04
8314,2025-05-07,North,Beauty,Online,3,26.94,92.95,61.18
8315,2025-05-07,South,Electronics,Online,1,146.85,110.14,69.26
8316,2025-05-07,North,Home & Kitchen,Online,4,58.74,270.19,158.34
8317,2025-05-07,West,Electronics,Online,2,176.63,353.27,225.8
8318,2025-05-07,East,Beauty,In-Store,1,22.07,23.17,13.21
8319,2025-05-07,West,Beauty,Mobile App,2,27.61,55.23,31.22
8320,2025-05-07,South,Beauty,In-Store,3,27.39,61.62,34.16
8321,2025-05-07,West,Apparel,In-Store,2,32.72,65.43,42.07
8322,2025-05-07,East,Beauty,Mobile App,2,30.97,65.03,38.28
8323,2025-05-07,South,Electronics,Online,4,202.01,606.04,373.57
8324,2025-05-07,East,Beauty,Online,1,30.85,32.39,21.75
8325,2025-05-07,North,Home & Kitchen,Mobile App,2,51.65,118.8,78.77
8326,2025-05-08,East,Apparel,Mobile App,2,46.06,96.72,58.45
8327,2025-05-08,North,Apparel,Online,3,48.08,165.88,105.59
8328,2025-05-08,West,Sports,In-Store,1,56.12,56.12,35.28
8329,2025-05-08,South,Home & Kitchen,In-Store,4,68.62,205.87,118.37
8330,2025-05-08,West,Beauty,In-Store,2,27.98,55.96,37.91
8331,2025-05-08,East,Home & Kitchen,In-Store,2,65.65,137.87,80.76
8332,2025-05-08,South,Apparel,In-Store,2,50.57,75.85,42.56
8333,2025-05-08,South,Electronics,Mobile App,3,192.2,432.46,260.54
8334,2025-05-08,South,Sports,Online,2,44.79,67.19,43.12
8335,2025-05-08,West,Beauty,In-Store,4,28.44,113.74,71.28
8336,2025-05-08,North,Electronics,In-Store,2,173.55,399.17,263.91
8337,2025-05-08,South,Home & Kitchen,In-Store,3,68.06,153.14,93.46
8338,2025-05-08,North,Electronics,Online,3,172.55,595.29,347.13
8339,2025-05-09,West,Electronics,Online,3,193.51,580.53,371.38
8340,2025-05-09,East,Home & Kitchen,Mobile App,2,68.73,144.33,80.07
8341,2025-05-09,South,Beauty,Mobile App,4,28.03,84.08,56.7
8342,2025-05-09,South,Home & Kitchen,Mobile App,2,52.99,79.49,45.6
8343,2025-05-09,West,Home & Kitchen,Mobile App,1,58.55,58.55,38.66
8344,2025-05-09,South,Electronics,In-Store,1,150.56,112.92,63.44
8345,2025-05-09,South,Electronics,Online,3,172.6,388.36,244.08
8346,2025-05-09,South,Electronics,Online,1,178.02,133.52,77.84
8347,2025-05-09,West,Home & Kitchen,Online,1,68.26,68.26,37.99
8348,2025-05-09,North,Apparel,Online,3,40.78,140.7,88.45
8349,2025-05-10,East,Sports,Online,2,46.94,98.56,56.67
8350,2025-05-10,North,Apparel,In-Store,1,40.98,47.13,28.7
8351,2025-05-10,West,Electronics,Online,4,160.09,640.37,432.99
8352,2025-05-10,North,Sports,Mobile App,2,60.96,140.2,92.56
8353,2025-05-10,North,Sports,Online,1,57.51,66.13,36.7
8354,2025-05-10,East,Electronics,Mobile App,2,114.21,239.84,158.8
8355,2025-05-10,East,Electronics,Online,1,195.99,205.79,119.03
8356,2025-05-10,North,Home & Kitchen,Mobile App,4,61.22,281.59,173.06
8357,2025-05-11,East,Electronics,In-Store,2,194.04,407.48,249.73
8358,2025-05-11,North,Beauty,Mobile App,1,33.46,38.48,21.22
8359,2025-05-11,West,Electronics,Online,4,155.2,620.8,373.68
8360,2025-05-11,North,Apparel,In-Store,4,42.94,197.54,110.92
8361,2025-05-11,East,Electronics,In-Store,1,157.07,164.93,101.74
8362,2025-05-11,East,Sports,In-Store,1,43.37,45.53,25.77
8363,2025-05-11,South,Sports,Online,4,56.71,170.13,93.91
8364,2025-05-11,North,Home & Kitchen,Mobile App,1,53.4,61.41,39.11
8365,2025-05-11,West,Electronics,Online,4,202.28,809.11,503.86
8366,2025-05-11,North,Sports,Mobile App,3,52.32,180.52,110.81
8367,2025-05-11,North,Home & Kitchen,In-Store,2,62.52,143.81,83.89
8368,2025-05-11,South,Electronics,In-Store,3,199.8,449.54,255.78
8369,2025-05-11,West,Sports,Mobile App,4,53.75,215.02,134.74
8370,2025-05-11,North,Beauty,In-Store,1,29.87,34.35,20.4
8371,2025-05-12,North,Beauty,In-Store,4,30.11,138.5,90.39
8372,2025-05-12,East,Electronics,In-Store,3,173.84,547.59,350.33
8373,2025-05-12,South,Sports,Online,2,50.42,75.63,46.92
8374,2025-05-12,South,Electronics,Mobile App,4,142.01,426.02,245.07
8375,2025-05-12,West,Sports,Online,4,56.38,225.52,133.44
8376,2025-05-12,North,Home & Kitchen,Online,1,57.76,66.42,37.24
8377,2025-05-12,East,Electronics,In-Store,3,159.64,502.85,330.38
8378,2025-05-12,South,Electronics,In-Store,1,171.41,128.56,78.54
8379,2025-05-12,West,Home & Kitchen,In-Store,1,66.05,66.05,41.11
8380,2025-05-12,North,Electronics,In-Store,4,202.17,929.99,532.38
8381,2025-05-12,South,Electronics,Online,4,174.43,523.3,297.58
8382,2025-05-12,East,Apparel,Mobile App,3,42.53,133.98,86.64
8383,2025-05-12,West,Electronics,Mobile App,3,161.6,484.81,327.15
8384,2025-05-12,North,Beauty,Online,1,30.0,34.5,22.26
8385,2025-05-12,South,Electronics,Mobile App,1,156.92,117.69,76.63
8386,2025-05-13,North,Home & Kitchen,Online,4,77.59,356.92,208.84
8387,2025-05-13,North,Sports,Online,3,49.46,170.63,108.85
8388,2025-05-13,West,Sports,In-Store,4,48.98,195.93,127.65
8389,2025-05-13,West,Sports,Online,4,55.12,220.49,135.09
8390,2025-05-13,East,Apparel,Online,2,47.48,99.7,67.21
8391,2025-05-13,South,Beauty,In-Store,3,24.94,56.11,32.17
8392,2025-05-13,West,Home & Kitchen,Online,1,62.16,62.16,39.16
8393,2025-05-13,East,Apparel,Online,2,44.86,94.21,52.16
8394,2025-05-13,West,Apparel,In-Store,4,49.42,197.67,133.01
8395,2025-05-13,East,Apparel,Online,3,41.01,129.17,73.78
8396,2025-05-13,North,Electronics,Online,2,223.61,514.31,344.38
8397,2025-05-13,North,Apparel,Mobile App,2,45.62,104.93,68.03
8398,2025-05-13,East,Electronics,Mobile App,2,163.82,344.01,228.79
8399,2025-05-13,South,Electronics,In-Store,2,146.04,219.07,146.95
8400,2025-05-13,East,Beauty,In-Store,1,25.95,27.24,16.48
8401,2025-05-13,North,Apparel,Online,3,39.73,137.07,76.92
8402,2025-05-13,North,Home & Kitchen,Online,1,71.26,81.94,54.65
8403,2025-05-14,East,Home & Kitchen,In-Store,4,64.87,272.45,183.11
8404,2025-05-14,South,Beauty,In-Store,1,30.61,22.95,12.9
8405,2025-05-14,East,Beauty,In-Store,4,24.71,103.77,64.88
8406,2025-05-14,West,Sports,In-Store,2,45.25,90.5,57.81
8407,2025-05-14,South,Sports,Mobile App,3,49.09,110.45,63.63
8408,2025-05-14,South,Home & Kitchen,In-Store,1,48.18,36.14,20.07
8409,2025-05-14,North,Beauty,Mobile App,1,25.33,29.13,19.03
8410,2025-05-14,South,Beauty,Online,2,22.89,34.34,19.12
8411,2025-05-14,North,Sports,In-Store,3,53.63,185.04,120.43
8412,2025-05-14,West,Beauty,Mobile App,4,32.37,129.47,73.07
8413,2025-05-14,West,Home & Kitchen,Mobile App,1,57.06,57.06,32.82
8414,2025-05-14,North,Apparel,Online,3,52.41,180.82,113.14
8415,2025-05-14,East,Beauty,Mobile App,1,29.59,31.07,18.77
8416,2025-05-14,West,Electronics,Online,2,151.08,302.15,202.42
8417,2025-05-14,South,Home & Kitchen,Mobile App,4,64.44,193.32,122.07
8418,2025-05-14,South,Apparel,Online,1,47.93,35.95,21.98
8419,2025-05-15,South,Home & Kitchen,In-Store,3,78.32,176.22,110.16
8420,2025-05-15,North,Electronics,In-Store,3,225.99,779.66,512.29
8421,2025-05-15,South,Apparel,Online,2,47.47,71.2,45.92
8422,2025-05-15,North,Electronics,Online,2,153.07,352.06,204.31
8423,2025-05-15,South,Sports,Mobile App,2,58.02,87.03,54.55
8424,2025-05-15,North,Home & Kitchen,Online,2,62.62,144.03,84.41
8425,2025-05-15,North,Electronics,In-Store,3,176.25,608.05,348.51
8426,2025-05-15,North,Apparel,Online,3,45.49,156.93,98.43
8427,2025-05-15,South,Electronics,Online,1,144.82,108.62,64.69
8428,2025-05-15,East,Sports,In-Store,2,50.47,105.99,69.07
8429,2025-05-15,West,Beauty,Online,3,29.99,89.96,52.09
8430,2025-05-15,West,Electronics,In-Store,2,190.21,380.43,219.49
8431,2025-05-16,North,Sports,Online,2,63.02,144.95,85.83
8432,2025-05-16,North,Beauty,In-Store,4,27.1,124.65,74.83
8433,2025-05-16,North,Electronics,In-Store,4,202.25,930.34,562.79
8434,2025-05-16,South,Electronics,Mobile App,1,192.71,144.53,84.38
8435,2025-05-16,West,Sports,In-Store,3,60.33,181.0,101.57
8436,2025-05-16,West,Home & Kitchen,In-Store,2,68.72,137.43,80.66
8437,2025-05-16,West,Apparel,Online,1,45.59,45.59,25.67
8438,2025-05-16,East,Home & Kitchen,Online,1,72.14,75.74,44.65
8439,2025-05-16,North,Electronics,In-Store,4,187.47,862.37,540.24
8440,2025-05-16,West,Electronics,Mobile App,2,191.49,382.98,236.97
8441,2025-05-16,West,Electronics,Mobile App,2,151.62,303.25,195.83
8442,2025-05-16,East,Beauty,Online,1,26.46,27.78,15.45
8443,2025-05-17,North,Home & Kitchen,Online,4,65.15,299.71,198.41
8444,2025-05-17,South,Electronics,In-Store,1,163.32,122.49,81.27
8445,2025-05-17,West,Beauty,Mobile App,4,29.03,116.1,71.29
8446,2025-05-17,South,Beauty,Online,3,25.31,56.95,38.21
8447,2025-05-17,South,Home & Kitchen,In-Store,3,61.12,137.52,85.69
8448,2025-05-17,South,Apparel,Online,3,48.47,109.05,64.88
8449,2025-05-17,North,Sports,Mobile App,2,63.45,145.94,81.79
8450,2025-05-17,West,Sports,Online,1,48.06,48.06,28.97
8451,2025-05-17,South,Home & Kitchen,In-Store,2,75.11,112.66,72.78
8452,2025-05-17,North,Electronics,Mobile App,1,155.74,179.1,113.85
8453,2025-05-17,East,Home & Kitchen,Online,3,74.19,233.69,148.64
8454,2025-05-17,West,Beauty,In-Store,1,25.8,25.8,15.67
8455,2025-05-17,North,Electronics,In-Store,1,190.79,219.4,145.57
8456,2025-05-17,East,Beauty,In-Store,3,30.71,96.74,54.39
8457,2025-05-17,East,Apparel,In-Store,4,46.49,195.25,108.28
8458,2025-05-17,East,Home & Kitchen,Online,2,70.84,148.76,86.83
8459,2025-05-17,North,Beauty,Mobile App,1,31.71,36.46,24.04
8460,2025-05-17,North,Home & Kitchen,Online,2,67.0,154.1,85.38
8461,2025-05-18,North,Sports,Online,3,51.07,176.21,110.85
8462,2025-05-18,West,Home & Kitchen,In-Store,1,54.67,54.67,33.04
8463,2025-05-18,East,Electronics,Mobile App,3,162.85,512.98,287.01
8464,2025-05-18,North,Electronics,Online,4,204.09,938.79,609.44
8465,2025-05-18,South,Electronics,Mobile App,1,203.07,152.3,100.46
8466,2025-05-18,West,Electronics,Mobile App,1,166.55,166.55,107.63
8467,2025-05-18,East,Sports,Online,2,52.91,111.12,62.51
8468,2025-05-18,East,Apparel,Online,2,40.1,84.21,53.59
8469,2025-05-18,South,Beauty,Online,2,31.92,47.87,28.96
8470,2025-05-18,South,Beauty,In-Store,3,26.75,60.19,38.53
8471,2025-05-18,West,Electronics,Online,1,188.15,188.15,115.17
8472,2025-05-18,East,Electronics,In-Store,4,183.93,772.49,443.57
8473,2025-05-18,North,Beauty,Online,4,30.33,139.51,84.41
8474,2025-05-18,East,Sports,Mobile App,3,60.44,190.39,129.38
8475,2025-05-19,West,Beauty,In-Store,1,28.74,28.74,16.57
8476,2025-05-19,West,Home & Kitchen,Mobile App,4,64.57,258.29,152.74
8477,2025-05-19,North,Beauty,In-Store,4,32.52,149.61,91.93
8478,2025-05-19,West,Beauty,In-Store,4,30.97,123.89,68.75
8479,2025-05-19,North,Electronics,Online,1,175.98,202.37,132.2
8480,2025-05-19,East,Home & Kitchen,Mobile App,2,66.21,139.04,79.37
8481,2025-05-19,East,Home & Kitchen,Mobile App,3,67.71,213.29,134.69
8482,2025-05-19,West,Home & Kitchen,In-Store,4,70.35,281.39,173.22
8483,2025-05-19,West,Apparel,Online,4,51.63,206.52,118.64
8484,2025-05-19,West,Home & Kitchen,Online,2,48.03,96.06,64.92
8485,2025-05-19,South,Home & Kitchen,Online,2,59.11,88.67,60.27
8486,2025-05-19,West,Electronics,Online,1,189.75,189.75,104.98
8487,2025-05-19,West,Electronics,Online,4,210.25,840.99,519.56
8488,2025-05-19,North,Beauty,In-Store,2,26.82,61.69,40.67
8489,2025-05-19,South,Beauty,Online,1,27.49,20.62,13.02
8490,2025-05-19,West,Sports,Online,2,36.49,72.98,47.11
8491,2025-05-20,West,Beauty,Online,3,33.49,100.48,64.35
8492,2025-05-20,West,Electronics,Online,3,150.66,451.98,307.05
8493,2025-05-20,North,Apparel,In-Store,4,45.11,207.52,130.78
8494,2025-05-20,North,Apparel,In-Store,4,40.76,187.5,127.01
8495,2025-05-20,North,Home & Kitchen,Online,1,66.35,76.3,49.7
8496,2025-05-20,North,Apparel,Online,2,42.69,98.2,57.46
8497,2025-05-20,East,Apparel,Online,3,39.68,125.0,71.07
8498,2025-05-20,West,Sports,Online,2,42.11,84.22,53.22
8499,2025-05-20,North,Electronics,In-Store,2,204.61,470.61,296.29
8500,2025-05-20,East,Home & Kitchen,Online,1,60.34,63.36,42.11
8501,2025-05-20,North,Apparel,In-Store,3,49.5,170.77,106.02
8502,2025-05-20,East,Electronics,Online,2,178.15,374.11,211.68
8503,2025-05-20,North,Apparel,Online,1,39.4,45.31,27.61
8504,2025-05-20,North,Apparel,In-Store,4,40.25,185.13,113.94
8505,2025-05-20,South,Electronics,In-Store,4,179.96,539.87,343.22
8506,2025-05-21,South,Electronics,Mobile App,3,191.92,431.82,248.27
8507,2025-05-21,East,Apparel,Mobile App,1,48.07,50.47,33.46
8508,2025-05-21,North,Apparel,Mobile App,3,35.13,121.21,67.56
8509,2025-05-21,North,Apparel,Online,1,53.02,60.97,34.4
8510,2025-05-21,North,Sports,Online,3,54.65,188.54,120.06
8511,2025-05-21,North,Electronics,In-Store,4,164.35,755.99,450.98
8512,2025-05-21,North,Electronics,Online,1,185.88,213.76,144.12
8513,2025-05-21,East,Beauty,In-Store,1,31.4,32.97,21.82
8514,2025-05-21,South,Home & Kitchen,Online,2,58.96,88.44,54.02
8515,2025-05-21,East,Apparel,Online,4,40.24,169.02,110.88
8516,2025-05-21,North,Sports,Mobile App,4,56.51,259.94,159.94
8517,2025-05-21,North,Beauty,In-Store,2,30.48,70.1,40.7
8518,2025-05-21,North,Home & Kitchen,In-Store,2,76.58,176.14,104.45
8519,2025-05-21,West,Electronics,Online,1,141.57,141.57,79.1
8520,2025-05-21,East,Home & Kitchen,Online,2,58.54,122.93,74.49
8521,2025-05-21,East,Electronics,Online,4,159.07,668.1,426.99
8522,2025-05-21,West,Apparel,Online,1,45.11,45.11,24.81
8523,2025-05-21,North,Home & Kitchen,In-Store,1,78.52,90.3,53.55
8524,2025-05-21,North,Electronics,Online,3,196.36,677.44,424.29
8525,2025-05-21,North,Beauty,Online,3,28.85,99.55,65.76
8526,2025-05-22,West,Sports,In-Store,1,56.75,56.75,33.07
8527,2025-05-22,North,Apparel,Online,4,53.63,246.72,158.23
8528,2025-05-22,East,Beauty,In-Store,2,27.49,57.74,36.85
8529,2025-05-22,North,Apparel,Online,1,46.54,53.52,36.29
8530,2025-05-22,West,Home & Kitchen,Online,2,67.96,135.92,88.75
8531,2025-05-22,South,Sports,Online,1,47.65,35.74,23.77
8532,2025-05-22,North,Beauty,Online,4,26.64,122.53,81.42
8533,2025-05-22,North,Sports,In-Store,3,53.78,185.54,112.85
8534,2025-05-22,South,Electronics,Online,1,156.57,117.42,75.73
8535,2025-05-22,South,Beauty,Online,2,26.93,40.4,24.51
8536,2025-05-22,North,Electronics,Online,3,213.04,734.98,428.33
8537,2025-05-22,South,Electronics,Online,2,201.75,302.63,198.78
8538,2025-05-22,North,Beauty,Online,4,32.14,147.82,81.74
8539,2025-05-22,South,Apparel,Mobile App,3,34.36,77.31,49.75
8540,2025-05-23,South,Apparel,Online,1,50.32,37.74,20.92
8541,2025-05-23,East,Apparel,In-Store,2,54.21,113.83,75.27
8542,2025-05-23,East,Electronics,Mobile App,3,172.09,542.07,305.61
8543,2025-05-23,North,Home & Kitchen,In-Store,4,64.63,297.28,186.95
8544,2025-05-23,West,Electronics,Online,3,198.93,596.79,361.66
8545,2025-05-23,West,Apparel,Online,2,40.71,81.43,52.63
8546,2025-05-23,West,Apparel,Mobile App,4,51.66,206.64,117.62
8547,2025-05-23,East,Beauty,Online,4,24.93,104.7,66.65
8548,2025-05-23,South,Electronics,Online,3,219.71,494.34,295.27
8549,2025-05-23,West,Apparel,Online,4,48.01,192.05,111.1
8550,2025-05-23,South,Apparel,In-Store,3,46.47,104.56,59.01
8551,2025-05-23,East,Beauty,In-Store,1,28.76,30.2,16.79
8552,2025-05-23,South,Electronics,In-Store,4,160.86,482.57,285.8
8553,2025-05-23,South,Sports,Mobile App,1,54.56,40.92,26.89
8554,2025-05-23,East,Apparel,Online,2,48.23,101.28,66.42
8555,2025-05-24,East,Beauty,Mobile App,4,25.57,107.39,68.23
8556,2025-05-24,West,Electronics,In-Store,2,164.31,328.62,212.61
8557,2025-05-24,East,Sports,In-Store,1,61.03,64.09,42.47
8558,2025-05-24,West,Electronics,Online,4,216.63,866.53,528.05
8559,2025-05-24,South,Sports,Online,3,61.99,139.49,81.5
8560,2025-05-24,South,Sports,Online,3,47.01,105.76,70.05
8561,2025-05-24,North,Apparel,Online,2,49.11,112.96,76.02
8562,2025-05-24,East,Electronics,Online,2,150.33,315.69,211.41
8563,2025-05-24,West,Apparel,Online,4,37.3,149.18,90.38
8564,2025-05-24,East,Home & Kitchen,In-Store,4,80.65,338.72,204.11
8565,2025-05-24,West,Beauty,Online,1,29.05,29.05,19.35
8566,2025-05-24,West,Beauty,In-Store,2,27.85,55.7,37.79
8567,2025-05-25,West,Electronics,In-Store,2,205.33,410.66,239.03
8568,2025-05-25,East,Apparel,Online,2,47.67,100.11,64.24
8569,2025-05-25,South,Electronics,Online,2,163.99,245.98,140.12
8570,2025-05-25,North,Sports,In-Store,4,50.0,229.98,130.94
8571,2025-05-25,East,Apparel,In-Store,2,44.06,92.52,53.6
8572,2025-05-25,East,Electronics,Online,3,165.79,522.25,308.97
8573,2025-05-25,East,Electronics,Online,3,188.54,593.89,331.62
8574,2025-05-25,West,Electronics,Mobile App,2,152.05,304.1,169.15
8575,2025-05-25,West,Beauty,Mobile App,2,28.31,56.62,36.23
8576,2025-05-25,West,Home & Kitchen,Online,2,74.25,148.49,81.89
8577,2025-05-25,North,Beauty,In-Store,4,27.21,125.16,77.11
8578,2025-05-25,North,Electronics,Online,2,138.61,318.8,197.05
8579,2025-05-25,South,Home & Kitchen,Online,2,64.68,97.02,60.68
8580,2025-05-25,West,Beauty,Online,1,25.74,25.74,16.68
8581,2025-05-25,North,Beauty,Online,4,24.66,113.44,66.2
8582,2025-05-25,North,Apparel,Online,1,44.18,50.81,28.6
8583,2025-05-25,West,Electronics,In-Store,2,179.78,359.55,239.91
8584,2025-05-25,West,Beauty,Online,2,23.75,47.5,28.7
8585,2025-05-26,West,Home & Kitchen,In-Store,1,62.96,62.96,36.16
8586,2025-05-26,North,Home & Kitchen,Online,1,61.36,70.57,40.17
8587,2025-05-26,North,Electronics,Online,2,201.11,462.56,290.82
8588,2025-05-26,West,Apparel,Mobile App,2,48.91,97.82,62.6
8589,2025-05-26,South,Beauty,In-Store,1,30.36,22.77,14.11
8590,2025-05-26,North,Electronics,Online,3,162.21,559.61,371.22
8591,2025-05-26,South,Beauty,In-Store,2,29.48,44.22,25.34
8592,2025-05-26,South,Apparel,Online,4,50.97,152.92,99.46
8593,2025-05-26,East,Electronics,In-Store,1,203.33,213.49,129.24
8594,2025-05-26,West,Apparel,Mobile App,2,51.49,102.98,69.61
8595,2025-05-26,West,Home & Kitchen,Online,3,59.79,179.38,111.25
8596,2025-05-26,West,Beauty,Mobile App,1,31.06,31.06,17.11
8597,2025-05-27,North,Beauty,Online,3,22.83,78.75,52.2
8598,2025-05-27,East,Electronics,Online,3,152.38,480.0,311.81
8599,2025-05-27,North,Home & Kitchen,Mobile App,1,87.74,100.9,66.65
8600,2025-05-27,East,Electronics,In-Store,4,164.61,691.37,408.67
8601,2025-05-27,North,Beauty,Online,4,29.68,136.51,88.11
8602,2025-05-27,East,Apparel,Online,4,50.7,212.95,129.32
8603,2025-05-27,South,Electronics,Online,3,114.42,257.45,160.2
8604,2025-05-27,North,Electronics,Online,3,188.4,649.98,424.77
8605,2025-05-27,East,Electronics,Online,4,143.28,601.77,386.08
8606,2025-05-27,South,Sports,In-Store,1,55.85,41.89,25.79
8607,2025-05-27,North,Electronics,Online,4,195.04,897.17,521.8
8608,2025-05-27,South,Sports,In-Store,2,53.76,80.64,51.8
8609,2025-05-27,North,Apparel,Online,4,47.49,218.47,144.7
8610,2025-05-27,West,Electronics,Online,1,162.57,162.57,108.02
8611,2025-05-27,South,Apparel,Online,4,48.6,145.8,86.74
8612,2025-05-27,North,Beauty,Online,3,24.56,84.73,51.42
8613,2025-05-27,East,Sports,Online,4,62.64,263.09,151.47
8614,2025-05-27,North,Apparel,Online,4,40.25,185.17,122.44
8615,2025-05-27,East,Electronics,Online,1,166.82,175.16,110.62
8616,2025-05-27,East,Electronics,Online,3,199.01,626.88,373.53
8617,2025-05-28,South,Electronics,In-Store,1,172.68,129.51,87.69
8618,2025-05-28,North,Electronics,In-Store,4,169.76,780.89,441.32
8619,2025-05-28,South,Home & Kitchen,Online,1,60.58,45.43,26.48
8620,2025-05-28,East,Electronics,Online,1,194.97,204.72,133.51
8621,2025-05-28,East,Apparel,Mobile App,3,39.95,125.85,77.48
8622,2025-05-28,East,Home & Kitchen,In-Store,3,62.24,196.05,131.21
8623,2025-05-28,West,Sports,Online,4,69.73,278.92,164.94
8624,2025-05-28,South,Beauty,In-Store,4,26.68,80.03,47.92
8625,2025-05-28,South,Electronics,Online,2,146.15,219.22,123.17
8626,2025-05-28,East,Sports,Online,3,43.35,136.57,76.97
8627,2025-05-28,South,Apparel,Online,2,47.34,71.01,45.66
8628,2025-05-28,West,Home & Kitchen,Online,1,56.56,56.56,35.9
8629,2025-05-28,South,Beauty,Online,4,32.58,97.74,64.8
8630,2025-05-28,West,Beauty,Online,4,27.7,110.8,64.8
8631,2025-05-28,South,Home & Kitchen,Online,2,67.13,100.7,55.65
8632,2025-05-28,East,Home & Kitchen,Online,2,63.42,133.19,83.5
8633,2025-05-28,West,Home & Kitchen,Online,3,63.89,191.66,105.99
8634,2025-05-29,East,Sports,Mobile App,3,46.0,144.89,81.33
8635,2025-05-29,North,Electronics,Online,1,213.37,245.37,135.05
8636,2025-05-29,East,Beauty,In-Store,1,23.37,24.54,15.97
8637,2025-05-29,North,Sports,In-Store,4,55.95,257.39,174.73
8638,2025-05-29,West,Apparel,In-Store,4,39.44,157.77,89.04
8639,2025-05-29,North,Electronics,Online,4,153.95,708.18,407.83
8640,2025-05-29,North,Electronics,Online,2,170.9,393.08,255.92
8641,2025-05-29,North,Sports,Online,1,54.76,62.97,40.99
8642,2025-05-30,West,Electronics,Online,4,163.55,654.21,399.15
8643,2025-05-30,East,Electronics,Mobile App,4,135.61,569.55,342.1
8644,2025-05-30,West,Home & Kitchen,Online,3,66.33,198.99,132.37
8645,2025-05-30,North,Home & Kitchen,Online,3,71.71,247.39,166.69
8646,2025-05-30,East,Electronics,In-Store,4,145.87,612.66,375.41
8647,2025-05-30,East,Apparel,In-Store,2,46.19,96.99,54.2
8648,2025-05-30,South,Home & Kitchen,Online,3,82.5,185.63,113.58
8649,2025-05-30,North,Beauty,In-Store,4,28.8,132.49,86.33
8650,2025-05-30,West,Sports,In-Store,2,50.64,101.29,67.07
8651,2025-05-30,North,Home & Kitchen,Online,1,68.51,78.79,52.62
8652,2025-05-30,East,Beauty,Online,2,28.4,59.63,38.8
8653,2025-05-31,North,Electronics,Online,4,179.24,824.49,499.17
8654,2025-05-31,North,Sports,Online,1,64.86,74.59,44.57
8655,2025-05-31,West,Electronics,Online,1,195.32,195.32,127.55
8656,2025-05-31,South,Electronics,In-Store,4,195.01,585.03,377.68
8657,2025-05-31,East,Beauty,Online,1,27.22,28.58,16.33
8658,2025-05-31,South,Electronics,Online,1,143.85,107.89,72.09
8659,2025-05-31,West,Apparel,Online,4,42.51,170.06,110.55
8660,2025-05-31,East,Electronics,In-Store,2,201.26,422.64,253.73
8661,2025-05-31,North,Beauty,Mobile App,1,26.22,30.16,18.06
8662,2025-05-31,West,Home & Kitchen,Online,1,64.28,64.28,35.46
8663,2025-05-31,East,Beauty,Mobile App,1,22.45,23.57,15.06
8664,2025-05-31,North,Beauty,Online,1,29.8,34.27,19.65
8665,2025-05-31,North,Apparel,In-Store,3,43.71,150.79,96.59
8666,2025-06-01,East,Sports,Online,4,50.91,213.81,138.54
8667,2025-06-01,South,Electronics,In-Store,1,183.03,137.27,77.51
8668,2025-06-01,North,Electronics,Online,1,204.89,235.63,148.28
8669,2025-06-01,South,Electronics,Online,1,201.26,150.95,86.11
8670,2025-06-01,North,Beauty,In-Store,2,26.49,60.92,34.59
8671,2025-06-01,East,Beauty,In-Store,3,29.71,93.59,58.29
8672,2025-06-01,South,Electronics,In-Store,2,214.51,321.77,179.84
8673,2025-06-02,North,Sports,Mobile App,4,63.02,289.9,188.75
8674,2025-06-02,East,Sports,In-Store,4,50.36,211.49,120.29
8675,2025-06-02,North,Electronics,Online,2,200.9,462.08,296.92
8676,2025-06-02,West,Sports,Mobile App,4,62.16,248.62,162.23
8677,2025-06-02,North,Home & Kitchen,Online,3,75.72,261.23,148.56
8678,2025-06-02,South,Electronics,In-Store,2,177.54,266.31,158.6
8679,2025-06-02,West,Apparel,In-Store,2,53.32,106.63,61.73
8680,2025-06-02,East,Beauty,In-Store,2,28.98,60.85,36.06
8681,2025-06-02,West,Beauty,Mobile App,2,32.16,64.32,42.36
8682,2025-06-02,West,Beauty,Online,4,18.79,75.16,48.19
8683,2025-06-03,West,Home & Kitchen,Mobile App,2,63.14,126.28,80.77
8684,2025-06-03,East,Apparel,Online,4,51.84,217.74,134.44
8685,2025-06-03,West,Home & Kitchen,Mobile App,1,58.04,58.04,38.21
8686,2025-06-03,North,Home & Kitchen,Mobile App,3,57.9,199.76,126.56
8687,2025-06-03,South,Electronics,Online,4,213.66,640.98,386.26
8688,2025-06-03,East,Apparel,Online,2,46.87,98.44,59.29
8689,2025-06-03,West,Sports,Online,1,51.55,51.55,29.24
8690,2025-06-03,West,Home & Kitchen,Mobile App,2,54.41,108.81,68.54
8691,2025-06-03,North,Apparel,Online,2,46.6,107.17,62.34
8692,2025-06-03,West,Home & Kitchen,In-Store,4,62.28,249.14,165.19
8693,2025-06-03,West,Electronics,Mobile App,2,183.69,367.39,225.78
8694,2025-06-03,East,Home & Kitchen,Online,2,72.1,151.41,87.92
8695,2025-06-03,South,Home & Kitchen,Online,3,85.11,191.49,129.73
8696,2025-06-03,East,Home & Kitchen,In-Store,2,58.0,121.8,76.68
8697,2025-06-03,West,Apparel,Mobile App,2,48.95,97.9,62.34
8698,2025-06-04,East,Apparel,In-Store,3,40.79,128.49,79.16
8699,2025-06-04,East,Electronics,Online,3,173.08,545.21,347.58
8700,2025-06-04,West,Electronics,Online,4,237.68,950.72,619.53
8701,2025-06-04,West,Home & Kitchen,In-Store,1,66.42,66.42,41.58
8702,2025-06-04,East,Electronics,Mobile App,3,231.45,729.05,454.7
8703,2025-06-04,North,Apparel,In-Store,4,44.55,204.92,114.64
8704,2025-06-04,South,Beauty,Online,4,26.77,80.32,47.6
8705,2025-06-04,South,Apparel,In-Store,2,37.39,56.08,32.95
8706,2025-06-04,North,Beauty,Mobile App,2,21.09,48.51,27.53
8707,2025-06-04,East,Beauty,In-Store,2,31.66,66.49,45.02
8708,2025-06-04,East,Apparel,Online,2,47.94,100.68,66.08
8709,2025-06-05,East,Home & Kitchen,Online,4,64.44,270.65,174.03
8710,2025-06-05,East,Electronics,Mobile App,4,209.99,881.97,575.25
8711,2025-06-05,West,Sports,Online,3,58.39,175.16,99.05
8712,2025-06-05,East,Beauty,Online,3,23.93,75.38,41.67
8713,2025-06-05,South,Beauty,Online,2,26.74,40.11,26.12
8714,2025-06-05,West,Sports,Online,3,49.6,148.81,84.6
8715,2025-06-05,East,Beauty,Online,2,31.33,65.79,36.93
8716,2025-06-05,North,Electronics,In-Store,4,153.99,708.38,405.12
8717,2025-06-05,North,Apparel,Online,2,48.97,112.63,75.99
8718,2025-06-05,North,Apparel,In-Store,3,44.63,153.97,101.25
8719,2025-06-05,North,Electronics,Online,4,154.65,711.41,442.6
8720,2025-06-05,South,Apparel,Online,3,35.17,79.13,47.92
8721,2025-06-05,North,Home & Kitchen,Online,3,76.03,262.3,174.04
8722,2025-06-05,East,Apparel,Online,2,40.69,85.45,52.18
8723,2025-06-05,West,Sports,Online,2,52.78,105.57,61.92
8724,2025-06-05,East,Beauty,In-Store,3,25.64,80.77,52.49
8725,2025-06-06,South,Electronics,Online,4,184.84,554.52,342.71
8726,2025-06-06,West,Electronics,Online,2,166.66,333.32,195.9
8727,2025-06-06,West,Sports,Online,2,47.29,94.57,53.42
8728,2025-06-06,North,Electronics,Online,2,182.45,419.63,264.71
8729,2025-06-06,South,Beauty,Mobile App,1,30.56,22.92,14.02
8730,2025-06-06,South,Sports,Online,2,57.26,85.88,48.11
8731,2025-06-06,North,Electronics,Online,4,214.13,985.02,594.02
8732,2025-06-06,East,Electronics,Online,3,155.28,489.13,277.27
8733,2025-06-06,South,Beauty,In-Store,2,27.29,40.93,26.28
8734,2025-06-06,North,Apparel,In-Store,2,40.55,93.26,56.84
8735,2025-06-06,North,Electronics,In-Store,4,143.05,658.03,415.14
8736,2025-06-06,North,Beauty,Online,1,24.7,28.4,18.03
8737,2025-06-07,South,Home & Kitchen,Mobile App,1,64.61,48.46,30.71
8738,2025-06-07,North,Electronics,Online,4,208.78,960.4,644.5
8739,2025-06-07,South,Sports,Online,4,55.12,165.35,107.83
8740,2025-06-07,West,Electronics,Mobile App,2,210.27,420.54,244.56
8741,2025-06-07,South,Apparel,Online,1,46.64,34.98,19.63
8742,2025-06-07,East,Beauty,Online,3,27.4,86.31,53.04
8743,2025-06-07,West,Apparel,Mobile App,1,43.79,43.79,27.8
8744,2025-06-07,East,Electronics,In-Store,2,189.18,397.28,255.35
8745,2025-06-07,South,Electronics,In-Store,1,199.28,149.46,93.9
8746,2025-06-07,South,Sports,Mobile App,2,60.71,91.06,55.86
8747,2025-06-07,East,Sports,Online,4,61.42,257.95,142.64
8748,2025-06-08,North,Electronics,Online,1,204.92,235.66,143.48
8749,2025-06-08,East,Sports,Online,1,63.46,66.63,39.95
8750,2025-06-08,East,Electronics,Online,4,197.13,827.95,505.33
8751,2025-06-08,North,Beauty,Online,1,30.27,34.81,21.83
8752,2025-06-08,East,Electronics,Online,1,159.03,166.99,97.11
8753,2025-06-08,South,Electronics,Online,1,180.15,135.11,83.24
8754,2025-06-08,East,Sports,Online,2,54.59,114.64,67.93
8755,2025-06-08,South,Home & Kitchen,Online,4,74.1,222.3,124.11
8756,2025-06-08,West,Apparel,Online,2,40.53,81.05,44.63
8757,2025-06-08,North,Home & Kitchen,In-Store,1,67.43,77.54,50.8
8758,2025-06-08,North,Electronics,Online,3,162.68,561.24,314.38
8759,2025-06-09,East,Home & Kitchen,Online,4,80.6,338.53,189.4
8760,2025-06-09,East,Electronics,Online,2,186.4,391.44,260.74
8761,2025-06-09,West,Home & Kitchen,Online,2,71.73,143.46,87.63
8762,2025-06-09,North,Beauty,Online,1,32.68,37.58,22.69
8763,2025-06-09,North,Apparel,Mobile App,2,59.36,136.52,86.39
8764,2025-06-09,West,Electronics,Online,4,176.09,704.34,447.87
8765,2025-06-09,North,Home & Kitchen,In-Store,1,64.45,74.12,48.18
8766,2025-06-09,West,Electronics,Online,2,216.73,433.46,238.58
8767,2025-06-09,West,Electronics,In-Store,2,173.78,347.56,226.14
8768,2025-06-10,North,Apparel,Mobile App,3,52.99,182.82,106.68
8769,2025-06-10,North,Apparel,In-Store,2,51.13,117.6,70.74
8770,2025-06-10,North,Electronics,In-Store,3,200.27,690.95,403.64
8771,2025-06-10,East,Sports,In-Store,4,63.34,266.01,156.49
8772,2025-06-10,North,Beauty,Mobile App,4,28.37,130.49,87.5
8773,2025-06-10,West,Apparel,Online,1,42.57,42.57,28.4
8774,2025-06-10,East,Apparel,In-Store,3,37.77,118.97,77.7
8775,2025-06-10,North,Electronics,Mobile App,4,190.7,877.23,557.08
8776,2025-06-10,North,Electronics,In-Store,3,198.02,683.18,450.08
8777,2025-06-10,North,Apparel,In-Store,4,44.87,206.42,123.22
8778,2025-06-10,West,Electronics,In-Store,1,203.58,203.58,119.0
8779,2025-06-11,East,Electronics,Online,2,220.3,462.64,287.09
8780,2025-06-11,North,Sports,In-Store,1,56.96,65.51,38.74
8781,2025-06-11,East,Apparel,Online,3,44.99,141.72,92.67
8782,2025-06-11,West,Electronics,Online,3,182.18,546.53,363.12
8783,2025-06-11,East,Electronics,Online,1,180.85,189.89,128.52
8784,2025-06-11,West,Apparel,Online,1,53.39,53.39,35.78
8785,2025-06-11,East,Electronics,Online,2,164.59,345.64,220.68
8786,2025-06-11,South,Sports,In-Store,4,65.77,197.3,109.35
8787,2025-06-12,South,Home & Kitchen,Mobile App,3,56.7,127.59,77.27
8788,2025-06-12,East,Electronics,In-Store,4,192.56,808.76,445.08
8789,2025-06-12,West,Home & Kitchen,In-Store,1,63.52,63.52,41.28
8790,2025-06-12,South,Beauty,In-Store,4,24.65,73.94,44.7
8791,2025-06-12,North,Home & Kitchen,Online,2,68.89,158.44,101.77
8792,2025-06-12,East,Apparel,Mobile App,3,56.12,176.77,99.19
8793,2025-06-12,North,Apparel,Online,2,51.32,118.04,69.19
8794,2025-06-12,North,Apparel,Online,3,42.9,148.0,81.99
8795,2025-06-12,East,Home & Kitchen,Online,4,69.3,291.08,167.73
8796,2025-06-13,North,Electronics,In-Store,1,220.01,253.01,153.21
8797,2025-06-13,West,Beauty,Mobile App,1,27.87,27.87,15.68
8798,2025-06-13,South,Apparel,In-Store,1,53.1,39.83,23.94
8799,2025-06-13,West,Apparel,In-Store,1,47.03,47.03,27.38
8800,2025-06-13,West,Electronics,In-Store,3,193.72,581.15,354.49
8801,2025-06-13,North,Apparel,Online,2,40.38,92.88,56.02
8802,2025-06-13,West,Beauty,Mobile App,1,35.91,35.91,21.71
8803,2025-06-13,East,Beauty,In-Store,1,25.98,27.28,15.1
8804,2025-06-13,North,Electronics,In-Store,2,204.99,471.47,274.62
8805,2025-06-13,East,Home & Kitchen,Online,4,74.43,312.6,186.46
8806,2025-06-13,West,Beauty,In-Store,2,28.78,57.57,36.76
8807,2025-06-13,North,Beauty,In-Store,2,28.98,66.65,43.94
8808,2025-06-13,North,Beauty,Online,3,22.6,77.96,50.25
8809,2025-06-13,North,Electronics,Mobile App,1,207.02,238.07,137.22
8810,2025-06-13,West,Electronics,Online,2,167.63,335.27,211.03
8811,2025-06-13,North,Electronics,Online,2,177.71,408.73,274.66
8812,2025-06-14,South,Beauty,Online,1,26.17,19.63,11.1
8813,2025-06-14,North,Home & Kitchen,In-Store,4,56.78,261.2,151.35
8814,2025-06-14,West,Sports,Mobile App,4,68.47,273.88,161.1
8815,2025-06-14,East,Apparel,Mobile App,2,57.49,120.73,71.52
8816,2025-06-14,North,Electronics,Online,4,167.7,771.41,474.49
8817,2025-06-15,West,Electronics,Mobile App,4,181.75,727.02,408.67
8818,2025-06-15,South,Apparel,Online,2,43.73,65.6,40.74
8819,2025-06-15,North,Sports,Online,3,41.32,142.55,85.27
8820,2025-06-15,East,Electronics,Online,2,134.37,282.18,173.77
8821,2025-06-15,South,Beauty,Mobile App,1,28.86,21.64,12.67
8822,2025-06-15,East,Electronics,Online,3,145.01,456.78,305.4
8823,2025-06-15,East,Home & Kitchen,In-Store,3,59.35,186.95,114.38
8824,2025-06-15,East,Apparel,In-Store,4,41.99,176.34,100.05
8825,2025-06-15,West,Electronics,In-Store,1,175.74,175.74,105.33
8826,2025-06-15,South,Apparel,In-Store,2,46.41,69.61,40.94
8827,2025-06-15,West,Apparel,Online,2,37.56,75.12,47.26
8828,2025-06-15,East,Beauty,In-Store,2,26.05,54.7,34.42
8829,2025-06-15,North,Home & Kitchen,Online,3,75.44,260.28,162.12
8830,2025-06-15,North,Sports,Online,1,62.13,71.45,39.54
8831,2025-06-15,East,Apparel,In-Store,1,42.88,45.02,28.51
8832,2025-06-16,East,Home & Kitchen,Online,4,61.31,257.49,162.81
8833,2025-06-16,East,Beauty,Online,3,27.41,86.35,51.73
8834,2025-06-16,West,Electronics,Online,4,188.56,754.23,512.48
8835,2025-06-16,West,Beauty,Online,4,28.98,115.91,63.93
8836,2025-06-16,West,Home & Kitchen,Online,2,72.06,144.12,82.89
8837,2025-06-16,East,Home & Kitchen,Online,1,64.25,67.46,37.9
8838,2025-06-16,West,Electronics,Online,2,212.53,425.06,240.5
8839,2025-06-16,West,Beauty,Online,3,29.53,88.58,50.16
8840,2025-06-16,South,Home & Kitchen,Online,3,66.37,149.32,96.19
8841,2025-06-17,South,Sports,Online,2,57.89,86.84,59.0
8842,2025-06-17,West,Beauty,Online,3,24.54,73.63,46.33
8843,2025-06-17,South,Beauty,In-Store,2,32.59,48.88,28.41
8844,2025-06-17,North,Apparel,Mobile App,3,39.22,135.33,76.83
8845,2025-06-17,South,Apparel,In-Store,1,50.98,38.24,21.42
8846,2025-06-17,East,Apparel,In-Store,2,41.04,86.18,49.5
8847,2025-06-17,South,Sports,Online,1,61.79,46.34,30.27
8848,2025-06-17,South,Electronics,Online,1,180.53,135.4,89.7
8849,2025-06-17,South,Home & Kitchen,In-Store,2,52.44,78.66,52.53
8850,2025-06-17,North,Beauty,Mobile App,1,29.02,33.38,20.0
8851,2025-06-17,North,Electronics,Online,4,158.61,729.63,401.81
8852,2025-06-18,South,Beauty,In-Store,3,26.47,59.56,35.38
8853,2025-06-18,North,Apparel,Online,2,45.31,104.22,64.31
8854,2025-06-18,West,Electronics,In-Store,3,173.27,519.81,313.1
8855,2025-06-18,East,Beauty,Mobile App,2,27.52,57.8,36.29
8856,2025-06-18,East,Home & Kitchen,Online,3,56.44,177.79,114.45
8857,2025-06-18,South,Apparel,Online,3,38.35,86.28,57.61
8858,2025-06-18,North,Apparel,In-Store,4,46.91,215.77,123.78
8859,2025-06-18,East,Electronics,In-Store,1,179.09,188.04,122.24
8860,2025-06-18,West,Electronics,Online,2,189.55,379.1,223.58
8861,2025-06-18,East,Electronics,Online,4,159.67,670.61,406.98
8862,2025-06-19,North,Apparel,Online,2,44.18,101.62,57.45
8863,2025-06-19,North,Beauty,In-Store,2,24.06,55.33,34.83
8864,2025-06-19,West,Home & Kitchen,Online,3,65.17,195.52,110.2
8865,2025-06-19,East,Sports,Online,1,62.5,65.63,41.37
8866,2025-06-19,South,Electronics,Online,3,160.64,361.45,234.42
8867,2025-06-19,North,Sports,In-Store,1,48.8,56.12,34.18
8868,2025-06-19,North,Sports,Mobile App,1,54.52,62.7,34.74
8869,2025-06-19,West,Electronics,In-Store,4,206.5,825.99,534.29
8870,2025-06-19,West,Electronics,In-Store,1,156.85,156.85,96.8
8871,2025-06-19,East,Apparel,In-Store,4,44.23,185.76,113.46
8872,2025-06-19,West,Electronics,In-Store,3,187.37,562.1,372.77
8873,2025-06-19,North,Beauty,Online,2,24.11,55.46,30.64
8874,2025-06-19,North,Apparel,Online,2,39.91,91.8,57.07
8875,2025-06-20,East,Home & Kitchen,Mobile App,1,71.1,74.65,50.26
8876,2025-06-20,North,Apparel,Online,2,51.14,117.62,73.88
8877,2025-06-20,South,Apparel,Online,4,43.35,130.04,85.17
8878,2025-06-20,South,Apparel,In-Store,4,42.05,126.15,85.54
8879,2025-06-20,North,Apparel,Online,2,43.08,99.08,66.78
8880,2025-06-20,East,Apparel,Online,1,50.7,53.23,29.45
8881,2025-06-20,East,Apparel,Mobile App,2,56.93,119.56,74.95
8882,2025-06-20,East,Apparel,Online,1,50.67,53.2,35.92
8883,2025-06-20,East,Home & Kitchen,Online,2,66.52,139.69,93.14
8884,2025-06-21,North,Beauty,In-Store,2,27.37,62.94,39.25
8885,2025-06-21,West,Electronics,Online,4,170.07,680.28,379.03
8886,2025-06-21,South,Home & Kitchen,Online,1,55.83,41.87,28.18
8887,2025-06-21,South,Sports,In-Store,2,61.16,91.74,59.11
8888,2025-06-22,North,Sports,In-Store,1,67.28,77.37,43.95
8889,2025-06-22,East,Sports,Online,3,57.1,179.87,116.13
8890,2025-06-22,West,Apparel,In-Store,1,50.22,50.22,28.48
8891,2025-06-22,North,Apparel,Online,4,40.31,185.42,118.24
8892,2025-06-22,North,Beauty,Online,1,27.94,32.13,21.74
8893,2025-06-22,South,Electronics,Online,2,218.93,328.4,210.79
8894,2025-06-22,East,Home & Kitchen,Online,1,65.8,69.09,43.68
8895,2025-06-22,West,Sports,Mobile App,2,49.72,99.43,57.82
8896,2025-06-22,East,Electronics,Online,3,170.11,535.84,320.82
8897,2025-06-22,North,Beauty,In-Store,2,30.86,70.98,42.27
8898,2025-06-22,West,Home & Kitchen,Online,2,57.36,114.71,69.14
8899,2025-06-22,South,Apparel,Online,3,49.21,110.72,74.65
8900,2025-06-22,South,Apparel,Online,1,43.23,32.42,21.79
8901,2025-06-22,West,Apparel,In-Store,1,38.85,38.85,22.09
8902,2025-06-22,East,Home & Kitchen,Online,1,65.12,68.38,37.74
8903,2025-06-23,East,Apparel,In-Store,2,44.32,93.07,52.28
8904,2025-06-23,West,Sports,In-Store,4,68.37,273.48,169.56
8905,2025-06-23,East,Electronics,Mobile App,1,197.44,207.31,118.42
8906,2025-06-23,East,Apparel,Mobile App,2,44.6,93.66,59.4
8907,2025-06-23,North,Apparel,Online,4,44.34,203.97,115.45
8908,2025-06-23,North,Electronics,Online,2,169.1,388.93,263.99
8909,2025-06-23,North,Electronics,In-Store,4,179.78,827.0,516.59
8910,2025-06-23,West,Beauty,Mobile App,1,29.67,29.67,18.62
8911,2025-06-23,South,Electronics,Online,4,153.23,459.7,305.79
8912,2025-06-23,East,Sports,Online,1,62.61,65.74,38.27
8913,2025-06-23,North,Beauty,In-Store,2,29.68,68.26,41.61
8914,2025-06-24,South,Home & Kitchen,In-Store,2,70.14,105.21,59.54
8915,2025-06-24,East,Home & Kitchen,In-Store,4,61.44,258.05,162.95
8916,2025-06-24,North,Beauty,Online,3,25.61,88.35,53.38
8917,2025-06-24,South,Beauty,Online,2,27.1,40.65,24.9
8918,2025-06-24,South,Home & Kitchen,Online,3,78.38,176.36,108.43
8919,2025-06-24,North,Electronics,Mobile App,4,197.85,910.11,582.9
8920,2025-06-24,North,Home & Kitchen,In-Store,4,50.11,230.49,139.93
8921,2025-06-24,South,Sports,Mobile App,3,60.6,136.34,77.01
8922,2025-06-24,South,Sports,Online,3,61.3,137.93,82.7
8923,2025-06-24,East,Home & Kitchen,In-Store,4,50.88,213.7,119.99
8924,2025-06-24,South,Sports,Online,2,60.25,90.38,58.19
8925,2025-06-24,West,Beauty,Online,3,31.8,95.4,53.53
8926,2025-06-24,West,Apparel,Online,3,42.57,127.72,84.91
8927,2025-06-24,South,Sports,Mobile App,1,52.27,39.2,22.58
8928,2025-06-25,North,Beauty,In-Store,1,18.17,20.89,13.49
8929,2025-06-25,West,Apparel,In-Store,3,47.25,141.75,84.79
8930,2025-06-25,West,Electronics,Mobile App,3,171.98,515.94,318.32
8931,2025-06-25,West,Apparel,Online,1,45.06,45.06,25.96
8932,2025-06-25,West,Apparel,Online,2,33.54,67.07,43.54
8933,2025-06-25,East,Apparel,In-Store,3,46.89,147.72,81.46
8934,2025-06-25,West,Beauty,Online,1,26.32,26.32,15.32
8935,2025-06-25,West,Home & Kitchen,Online,1,67.39,67.39,41.62
8936,2025-06-25,South,Sports,Online,2,48.1,72.14,41.65
8937,2025-06-25,East,Apparel,Mobile App,3,39.46,124.29,79.92
8938,2025-06-25,West,Beauty,Online,4,32.98,131.93,85.42
8939,2025-06-25,South,Apparel,Mobile App,4,42.93,128.8,85.56
8940,2025-06-25,West,Sports,Online,1,55.48,55.48,35.11
8941,2025-06-25,North,Apparel,Online,4,49.27,226.64,139.44
8942,2025-06-25,West,Beauty,Mobile App,4,29.09,116.36,68.19
8943,2025-06-26,South,Apparel,Online,1,50.48,37.86,22.61
8944,2025-06-26,North,Beauty,In-Store,1,29.11,33.47,19.17
8945,2025-06-26,West,Beauty,In-Store,2,31.17,62.33,34.29
8946,2025-06-26,North,Electronics,Online,2,193.68,445.47,277.65
8947,2025-06-26,North,Sports,Online,3,59.62,205.69,122.94
8948,2025-06-26,North,Beauty,In-Store,4,29.61,136.21,75.76
8949,2025-06-26,East,Apparel,In-Store,3,40.14,126.44,80.46
8950,2025-06-26,North,Home & Kitchen,Online,3,69.71,240.52,153.83
8951,2025-06-26,West,Electronics,In-Store,1,172.87,172.87,101.49
8952,2025-06-26,West,Electronics,Online,1,167.71,167.71,95.07
8953,2025-06-26,West,Electronics,In-Store,3,192.63,577.88,387.67
8954,2025-06-26,North,Electronics,Mobile App,3,181.79,627.17,349.32
8955,2025-06-26,North,Beauty,Online,3,26.8,92.47,61.32
8956,2025-06-26,West,Home & Kitchen,In-Store,1,72.85,72.85,49.03
8957,2025-06-26,North,Beauty,Online,1,22.33,25.68,14.27
8958,2025-06-26,East,Sports,Mobile App,4,58.58,246.03,161.03
8959,2025-06-26,East,Electronics,Online,3,180.28,567.87,367.55
8960,2025-06-27,West,Home & Kitchen,Online,2,64.62,129.25,73.61
8961,2025-06-27,East,Beauty,Online,1,33.47,35.14,22.06
8962,2025-06-27,South,Home & Kitchen,Online,1,50.89,38.17,25.2
8963,2025-06-27,West,Apparel,Online,2,46.5,93.0,52.25
8964,2025-06-27,East,Sports,In-Store,2,54.65,114.77,73.24
8965,2025-06-27,West,Apparel,Mobile App,1,45.47,45.47,25.56
8966,2025-06-27,South,Home & Kitchen,Mobile App,2,65.36,98.04,62.5
8967,2025-06-27,West,Home & Kitchen,Mobile App,1,55.46,55.46,31.64
8968,2025-06-27,North,Beauty,Online,4,28.47,130.96,83.25
8969,2025-06-27,East,Sports,In-Store,1,61.71,64.79,35.71
8970,2025-06-27,West,Home & Kitchen,In-Store,1,79.13,79.13,46.13
8971,2025-06-27,West,Home & Kitchen,In-Store,1,77.04,77.04,44.79
8972,2025-06-27,North,Apparel,Online,3,30.95,106.77,69.63
8973,2025-06-27,North,Sports,In-Store,1,44.14,50.76,32.18
8974,2025-06-28,West,Beauty,Mobile App,2,31.62,63.25,37.89
8975,2025-06-28,South,Home & Kitchen,In-Store,3,78.33,176.23,112.24
8976,2025-06-28,North,Sports,Online,2,66.47,152.87,98.42
8977,2025-06-28,West,Apparel,In-Store,1,45.25,45.25,26.56
8978,2025-06-28,North,Beauty,Online,1,25.18,28.96,16.03
8979,2025-06-28,South,Apparel,Online,1,55.77,41.83,23.99
8980,2025-06-28,South,Sports,In-Store,2,51.13,76.69,49.03
8981,2025-06-28,North,Sports,In-Store,4,50.22,231.02,131.99
8982,2025-06-28,North,Beauty,Mobile App,4,24.98,114.92,71.69
8983,2025-06-28,West,Sports,Mobile App,4,53.82,215.28,125.68
8984,2025-06-28,East,Apparel,Online,4,54.85,230.35,151.86
8985,2025-06-28,South,Apparel,In-Store,1,44.2,33.15,21.9
8986,2025-06-28,East,Apparel,Online,3,48.04,151.32,88.59
8987,2025-06-28,North,Home & Kitchen,Online,3,65.51,226.02,129.25
8988,2025-06-28,West,Beauty,In-Store,3,26.32,78.96,48.02
8989,2025-06-29,West,Sports,Mobile App,1,47.98,47.98,30.67
8990,2025-06-29,South,Electronics,Mobile App,1,207.0,155.25,104.78
8991,2025-06-29,East,Sports,In-Store,2,52.09,109.38,63.85
8992,2025-06-29,South,Home & Kitchen,In-Store,2,62.54,93.8,62.62
8993,2025-06-29,North,Beauty,In-Store,4,29.65,136.37,84.89
8994,2025-06-29,South,Sports,Online,3,57.49,129.36,86.3
8995,2025-06-29,South,Electronics,Online,4,165.84,497.51,309.74
8996,2025-06-29,South,Home & Kitchen,In-Store,2,68.87,103.3,60.32
8997,2025-06-30,North,Sports,Mobile App,4,54.24,249.49,156.39
8998,2025-06-30,West,Apparel,Mobile App,3,43.96,131.87,72.57
8999,2025-06-30,North,Sports,In-Store,2,45.74,105.19,58.83
9000,2025-06-30,East,Sports,Online,3,67.18,211.6,138.1
9001,2025-06-30,South,Beauty,Online,1,28.65,21.49,12.28
9002,2025-06-30,South,Electronics,In-Store,4,195.97,587.9,333.95
9003,2025-06-30,North,Sports,In-Store,2,39.78,91.5,61.54
9004,2025-06-30,West,Electronics,Mobile App,3,175.17,525.51,311.05
9005,2025-06-30,South,Home & Kitchen,In-Store,1,50.78,38.08,24.86
9006,2025-07-01,East,Electronics,Online,3,187.53,590.71,334.01
9007,2025-07-01,North,Electronics,Online,3,208.13,718.04,461.09
9008,2025-07-01,West,Home & Kitchen,In-Store,3,60.78,182.33,115.13
9009,2025-07-01,East,Beauty,Mobile App,2,36.34,76.31,44.56
9010,2025-07-01,North,Apparel,Online,1,49.74,57.21,33.65
9011,2025-07-01,West,Apparel,In-Store,1,42.54,42.54,25.62
9012,2025-07-01,West,Apparel,Mobile App,1,51.82,51.82,28.78
9013,2025-07-01,East,Home & Kitchen,Online,2,65.46,137.46,82.94
9014,2025-07-01,West,Electronics,Online,1,149.57,149.57,87.8
9015,2025-07-01,West,Electronics,Online,3,187.4,562.21,346.09
9016,2025-07-01,East,Home & Kitchen,In-Store,2,65.73,138.03,81.12
9017,2025-07-01,South,Home & Kitchen,Online,4,68.05,204.15,112.29
9018,2025-07-01,East,Electronics,Mobile App,1,155.04,162.79,108.62
9019,2025-07-01,South,Apparel,In-Store,1,44.21,33.16,19.54
9020,2025-07-01,West,Electronics,In-Store,2,179.63,359.26,217.73
9021,2025-07-02,West,Home & Kitchen,In-Store,1,65.62,65.62,38.68
9022,2025-07-02,East,Sports,Online,4,50.98,214.14,144.99
9023,2025-07-02,North,Electronics,In-Store,1,186.47,214.44,122.54
9024,2025-07-02,East,Electronics,In-Store,4,208.58,876.04,488.54
9025,2025-07-02,North,Apparel,Online,2,44.46,102.25,57.62
9026,2025-07-02,South,Electronics,Online,1,222.62,166.97,103.03
9027,2025-07-02,North,Electronics,Online,3,151.15,521.48,352.56
9028,2025-07-02,East,Electronics,Online,4,168.92,709.48,431.46
9029,2025-07-02,West,Apparel,Online,2,33.24,66.48,41.91
9030,2025-07-02,West,Apparel,Online,3,46.26,138.77,79.54
9031,2025-07-02,South,Beauty,Online,1,27.43,20.57,12.76
9032,2025-07-02,West,Sports,Mobile App,3,47.93,143.8,91.4
9033,2025-07-02,North,Electronics,In-Store,3,193.58,667.86,397.3
9034,2025-07-02,West,Beauty,Online,1,28.16,28.16,15.57
9035,2025-07-02,West,Electronics,In-Store,3,168.92,506.77,279.36
9036,2025-07-03,South,Sports,Mobile App,4,50.01,150.03,99.7
9037,2025-07-03,North,Electronics,Mobile App,4,185.92,855.24,476.9
9038,2025-07-03,North,Beauty,Online,2,28.12,64.67,43.65
9039,2025-07-03,West,Sports,In-Store,2,65.53,131.07,74.81
9040,2025-07-03,East,Beauty,Online,4,22.49,94.48,58.67
9041,2025-07-03,South,Sports,In-Store,2,41.92,62.88,42.64
9042,2025-07-03,East,Apparel,Online,3,55.46,174.71,114.54
9043,2025-07-03,North,Apparel,Online,1,47.63,54.78,32.09
9044,2025-07-03,West,Electronics,Mobile App,4,189.63,758.5,441.21
9045,2025-07-03,North,Apparel,Online,1,45.95,52.84,31.05
9046,2025-07-03,West,Beauty,Mobile App,3,24.05,72.14,44.34
9047,2025-07-03,East,Home & Kitchen,Online,2,62.56,131.38,79.09
9048,2025-07-03,North,Beauty,Mobile App,2,29.03,66.78,43.89
9049,2025-07-03,North,Apparel,Online,3,58.06,200.3,116.44
9050,2025-07-03,South,Beauty,In-Store,1,29.84,22.38,13.59
9051,2025-07-04,South,Electronics,In-Store,4,180.04,540.13,332.98
9052,2025-07-04,East,Sports,Online,1,63.95,67.15,40.92
9053,2025-07-04,East,Electronics,In-Store,1,172.94,181.58,103.26
9054,2025-07-04,West,Sports,In-Store,2,60.12,120.24,72.87
9055,2025-07-04,West,Sports,Online,2,55.13,110.25,62.91
9056,2025-07-04,South,Home & Kitchen,Online,2,66.65,99.97,60.05
9057,2025-07-04,North,Apparel,In-Store,1,50.3,57.84,38.93
9058,2025-07-04,North,Beauty,Online,1,28.72,33.03,21.78
9059,2025-07-04,East,Apparel,In-Store,3,53.76,169.35,97.33
9060,2025-07-05,West,Sports,Mobile App,2,58.32,116.64,64.17
9061,2025-07-05,East,Apparel,Online,4,52.32,219.74,132.55
9062,2025-07-05,East,Sports,In-Store,4,52.4,220.06,138.3
9063,2025-07-05,North,Home & Kitchen,Online,1,82.37,94.73,52.57
9064,2025-07-05,East,Apparel,Online,4,37.41,157.1,88.79
9065,2025-07-05,West,Electronics,Online,3,183.04,549.12,331.43
9066,2025-07-05,South,Sports,Online,2,47.45,71.17,47.47
9067,2025-07-05,North,Beauty,Online,4,27.47,126.37,72.14
9068,2025-07-05,East,Sports,In-Store,1,56.78,59.62,34.92
9069,2025-07-05,North,Beauty,In-Store,4,25.78,118.58,73.16
9070,2025-07-05,North,Apparel,Online,1,44.73,51.44,30.68
9071,2025-07-06,West,Home & Kitchen,Online,2,71.25,142.5,95.62
9072,2025-07-06,East,Home & Kitchen,Online,4,70.3,295.28,182.69
9073,2025-07-06,West,Home & Kitchen,In-Store,1,65.95,65.95,36.46
9074,2025-07-06,West,Home & Kitchen,Online,3,60.7,182.11,106.49
9075,2025-07-06,North,Apparel,Online,4,49.14,226.05,140.71
9076,2025-07-06,East,Beauty,Mobile App,4,24.45,102.69,59.6
9077,2025-07-06,West,Electronics,Online,1,183.34,183.34,112.44
9078,2025-07-07,North,Beauty,Mobile App,4,25.34,116.58,75.3
9079,2025-07-07,South,Sports,In-Store,4,58.9,176.69,117.25
9080,2025-07-07,South,Electronics,Online,1,217.48,163.11,93.33
9081,2025-07-07,North,Apparel,Online,1,53.47,61.49,34.43
9082,2025-07-07,North,Home & Kitchen,In-Store,1,60.6,69.69,46.5
9083,2025-07-07,North,Electronics,Mobile App,2,173.94,400.07,262.74
9084,2025-07-07,South,Home & Kitchen,Mobile App,3,66.94,150.61,97.74
9085,2025-07-07,West,Home & Kitchen,In-Store,4,77.04,308.15,180.84
9086,2025-07-07,North,Home & Kitchen,Online,2,57.67,132.63,90.03
9087,2025-07-07,East,Apparel,Mobile App,3,47.63,150.02,91.49
9088,2025-07-07,East,Sports,In-Store,4,56.62,237.82,136.74
9089,2025-07-07,East,Apparel,In-Store,4,46.53,195.41,115.0
9090,2025-07-07,North,Home & Kitchen,Online,2,68.87,158.4,94.54
9091,2025-07-07,North,Electronics,In-Store,4,211.2,971.51,640.14
9092,2025-07-08,North,Sports,Online,4,53.75,247.24,146.18
9093,2025-07-08,East,Electronics,Online,3,206.19,649.49,414.65
9094,2025-07-08,North,Beauty,In-Store,2,29.73,68.37,41.19
9095,2025-07-08,East,Sports,In-Store,4,60.3,253.26,146.62
9096,2025-07-08,North,Beauty,Online,2,26.34,60.59,35.81
9097,2025-07-08,South,Apparel,Mobile App,2,44.89,67.33,43.6
9098,2025-07-08,North,Home & Kitchen,Online,2,62.1,142.84,89.08
9099,2025-07-08,West,Apparel,Mobile App,2,52.64,105.28,68.17
9100,2025-07-08,East,Electronics,In-Store,1,189.13,198.59,130.36
9101,2025-07-09,West,Beauty,In-Store,3,23.66,70.97,40.29
9102,2025-07-09,East,Electronics,Mobile App,3,179.66,565.93,367.9
9103,2025-07-09,West,Apparel,Online,4,50.8,203.21,127.88
9104,2025-07-09,West,Electronics,Online,2,185.84,371.68,239.25
9105,2025-07-09,West,Sports,Online,3,53.97,161.9,94.29
9106,2025-07-09,East,Electronics,Online,1,207.67,218.06,136.13
9107,2025-07-09,West,Electronics,In-Store,2,179.47,358.94,235.68
9108,2025-07-09,South,Apparel,Online,3,40.8,91.8,58.01
9109,2025-07-10,South,Beauty,Online,4,26.23,78.68,49.14
9110,2025-07-10,South,Beauty,In-Store,2,26.54,39.81,23.44
9111,2025-07-10,North,Beauty,Online,2,28.64,65.86,42.52
9112,2025-07-10,South,Sports,In-Store,4,56.9,170.7,104.55
9113,2025-07-10,East,Apparel,Online,1,51.71,54.3,30.44
9114,2025-07-10,North,Apparel,In-Store,1,38.55,44.34,25.9
9115,2025-07-10,East,Beauty,In-Store,4,27.61,115.98,74.75
9116,2025-07-10,North,Sports,Online,1,51.16,58.83,36.29
9117,2025-07-10,South,Electronics,In-Store,3,155.28,349.37,223.82
9118,2025-07-10,East,Beauty,Online,2,28.23,59.28,37.01
9119,2025-07-10,South,Beauty,In-Store,4,31.85,95.54,62.9
9120,2025-07-10,North,Apparel,In-Store,4,51.41,236.47,159.09
9121,2025-07-11,North,Sports,In-Store,3,49.84,171.94,95.47
9122,2025-07-11,West,Apparel,In-Store,4,52.83,211.3,116.38
9123,2025-07-11,East,Sports,Online,1,52.16,54.77,33.92
9124,2025-07-11,South,Beauty,In-Store,3,31.08,69.92,43.57
9125,2025-07-11,West,Apparel,Online,2,43.15,86.29,50.05
9126,2025-07-11,West,Electronics,Mobile App,1,172.3,172.3,100.45
9127,2025-07-11,South,Apparel,Online,1,44.11,33.09,18.58
9128,2025-07-11,East,Electronics,In-Store,2,170.75,358.58,238.57
9129,2025-07-11,West,Home & Kitchen,In-Store,3,66.29,198.88,124.35
9130,2025-07-11,North,Apparel,Online,1,47.31,54.41,31.84
9131,2025-07-11,North,Electronics,In-Store,4,202.49,931.43,614.13
9132,2025-07-11,North,Sports,Online,2,51.45,118.34,65.78
9133,2025-07-11,West,Apparel,Online,2,39.6,79.2,46.54
9134,2025-07-12,West,Home & Kitchen,Mobile App,4,69.49,277.98,177.09
9135,2025-07-12,West,Electronics,Mobile App,2,140.36,280.72,173.15
9136,2025-07-12,West,Apparel,In-Store,1,44.31,44.31,26.93
9137,2025-07-12,East,Electronics,Online,2,219.09,460.08,277.68
9138,2025-07-12,South,Electronics,Online,2,179.34,269.01,162.21
9139,2025-07-12,West,Electronics,Online,2,171.83,343.65,223.29
9140,2025-07-13,East,Apparel,Online,3,32.9,103.65,58.0
9141,2025-07-13,West,Apparel,Mobile App,1,57.37,57.37,32.54
9142,2025-07-13,South,Apparel,Mobile App,1,53.04,39.78,22.74
9143,2025-07-13,North,Electronics,Online,4,143.02,657.87,422.64
9144,2025-07-13,South,Electronics,Mobile App,2,176.61,264.92,175.48
9145,2025-07-13,East,Beauty,Online,4,26.57,111.6,68.71
9146,2025-07-13,East,Sports,In-Store,3,50.7,159.7,104.51
9147,2025-07-13,South,Electronics,In-Store,4,206.24,618.72,413.17
9148,2025-07-13,West,Electronics,Online,3,195.37,586.12,372.32
9149,2025-07-14,North,Sports,In-Store,4,66.08,303.95,195.22
9150,2025-07-14,South,Electronics,In-Store,1,193.4,145.05,83.33
9151,2025-07-14,East,Apparel,Online,3,48.34,152.26,91.86
9152,2025-07-14,North,Apparel,Online,1,45.69,52.55,32.04
9153,2025-07-14,East,Beauty,Mobile App,4,24.09,101.17,68.41
9154,2025-07-14,North,Beauty,Online,2,28.81,66.27,38.7
9155,2025-07-14,South,Sports,In-Store,1,64.05,48.04,31.14
9156,2025-07-14,North,Beauty,Online,4,22.77,104.74,59.04
9157,2025-07-14,South,Electronics,In-Store,3,151.78,341.51,208.93
9158,2025-07-14,East,Sports,In-Store,4,53.14,223.19,131.73
9159,2025-07-14,East,Beauty,Online,3,32.14,101.24,64.01
9160,2025-07-14,South,Sports,Mobile App,3,45.32,101.97,60.5
9161,2025-07-14,East,Electronics,In-Store,3,177.01,557.58,336.66
9162,2025-07-14,East,Electronics,In-Store,3,212.54,669.49,413.81
9163,2025-07-15,East,Sports,Online,1,49.71,52.19,31.96
9164,2025-07-15,North,Electronics,Online,1,155.21,178.49,115.6
9165,2025-07-15,East,Beauty,Online,1,22.89,24.04,15.9
9166,2025-07-15,West,Beauty,In-Store,1,24.2,24.2,13.77
9167,2025-07-15,East,Electronics,Online,4,179.44,753.65,444.58
9168,2025-07-15,South,Beauty,In-Store,4,27.31,81.93,55.48
9169,2025-07-15,North,Electronics,Online,3,137.59,474.69,305.35
9170,2025-07-15,North,Electronics,Online,4,201.38,926.34,512.25
9171,2025-07-15,West,Electronics,In-Store,1,189.31,189.31,107.78
9172,2025-07-15,North,Beauty,Online,2,34.6,79.58,51.91
9173,2025-07-15,West,Beauty,Mobile App,3,32.88,98.65,65.64
9174,2025-07-15,West,Sports,Online,1,48.63,48.63,31.62
9175,2025-07-15,North,Home & Kitchen,Mobile App,1,68.11,78.33,43.4
9176,2025-07-15,West,Apparel,Online,1,48.66,48.66,32.81
9177,2025-07-16,East,Beauty,In-Store,3,28.19,88.79,49.49
9178,2025-07-16,South,Home & Kitchen,Online,1,67.0,50.25,31.39
9179,2025-07-16,East,Home & Kitchen,Mobile App,2,75.86,159.32,92.73
9180,2025-07-16,West,Apparel,Mobile App,4,51.91,207.66,130.43
9181,2025-07-16,North,Beauty,Online,4,30.09,138.4,81.2
9182,2025-07-16,North,Beauty,In-Store,4,28.03,128.92,75.78
9183,2025-07-16,North,Home & Kitchen,Mobile App,3,53.11,183.21,119.27
9184,2025-07-16,East,Sports,Online,3,57.15,180.02,108.46
9185,2025-07-16,East,Apparel,Mobile App,4,58.52,245.77,159.53
9186,2025-07-17,East,Beauty,In-Store,3,27.86,87.77,58.36
9187,2025-07-17,East,Electronics,Online,4,141.27,593.34,328.92
9188,2025-07-17,West,Apparel,Mobile App,2,41.88,83.75,46.14
9189,2025-07-17,North,Electronics,Mobile App,3,176.06,607.4,368.62
9190,2025-07-17,North,Home & Kitchen,Mobile App,3,75.98,262.12,168.21
9191,2025-07-17,South,Apparel,In-Store,1,45.03,33.77,18.69
9192,2025-07-17,West,Electronics,Mobile App,4,209.33,837.32,552.64
9193,2025-07-17,West,Electronics,Online,4,195.91,783.65,459.46
9194,2025-07-17,East,Sports,In-Store,2,56.66,118.99,75.27
9195,2025-07-17,East,Home & Kitchen,In-Store,3,53.11,167.3,96.54
9196,2025-07-17,East,Beauty,In-Store,4,28.25,118.65,69.28
9197,2025-07-18,South,Sports,In-Store,2,48.7,73.05,42.2
9198,2025-07-18,East,Home & Kitchen,Mobile App,1,79.21,83.17,51.86
9199,2025-07-18,South,Apparel,In-Store,1,39.37,29.53,18.99
9200,2025-07-18,South,Sports,Mobile App,3,56.0,126.0,74.12
9201,2025-07-18,East,Home & Kitchen,Online,1,53.71,56.39,32.91
9202,2025-07-18,South,Sports,Online,4,47.46,142.37,78.8
9203,2025-07-18,West,Electronics,Online,1,169.08,169.08,109.51
9204,2025-07-18,West,Apparel,Online,3,38.35,115.04,65.28
9205,2025-07-18,West,Beauty,In-Store,1,23.91,23.91,16.14
9206,2025-07-18,East,Sports,Online,3,63.22,199.15,117.96
9207,2025-07-18,South,Apparel,Mobile App,2,47.46,71.2,47.04
9208,2025-07-18,West,Electronics,Online,1,184.12,184.12,109.5
9209,2025-07-18,North,Electronics,In-Store,4,193.47,889.97,543.12
9210,2025-07-18,East,Electronics,Mobile App,2,192.12,403.45,236.05
9211,2025-07-19,West,Apparel,Online,4,45.92,183.69,106.26
9212,2025-07-19,East,Beauty,Online,3,29.64,93.36,52.29
9213,2025-07-19,East,Apparel,Mobile App,4,47.51,199.56,124.11
9214,2025-07-19,East,Home & Kitchen,Online,2,82.13,172.47,106.08
9215,2025-07-19,West,Sports,Mobile App,3,58.77,176.32,101.01
9216,2025-07-19,North,Beauty,Online,1,31.43,36.15,20.3
9217,2025-07-19,South,Sports,In-Store,4,56.58,169.74,99.3
9218,2025-07-19,East,Apparel,Online,3,44.98,141.67,94.55
9219,2025-07-19,West,Home & Kitchen,Online,1,71.49,71.49,45.81
9220,2025-07-19,North,Electronics,Online,4,209.85,965.3,534.34
9221,2025-07-20,East,Sports,In-Store,4,64.43,270.6,182.28
9222,2025-07-20,West,Electronics,Mobile App,4,175.64,702.57,453.52
9223,2025-07-20,South,Sports,In-Store,3,54.71,123.11,78.72
9224,2025-07-20,North,Electronics,Online,2,190.76,438.76,260.46
9225,2025-07-20,North,Beauty,Online,4,30.48,140.19,78.49
9226,2025-07-20,North,Sports,Online,1,50.59,58.17,34.44
9227,2025-07-20,West,Sports,In-Store,3,53.79,161.36,93.61
9228,2025-07-20,South,Apparel,In-Store,2,42.1,63.15,37.27
9229,2025-07-20,North,Electronics,In-Store,4,164.6,757.15,448.83
9230,2025-07-20,West,Apparel,Online,3,41.95,125.85,76.09
9231,2025-07-21,North,Beauty,In-Store,1,24.6,28.29,16.96
9232,2025-07-21,South,Electronics,In-Store,3,195.43,439.71,278.09
9233,2025-07-21,East,Beauty,In-Store,1,32.71,34.34,19.22
9234,2025-07-21,South,Electronics,Mobile App,1,125.64,94.23,59.53
9235,2025-07-21,North,Apparel,Online,3,50.07,172.73,106.88
9236,2025-07-21,South,Sports,Online,3,43.87,98.7,57.31
9237,2025-07-21,East,Electronics,Mobile App,4,207.22,870.33,520.02
9238,2025-07-21,South,Home & Kitchen,Online,2,60.12,90.18,57.89
9239,2025-07-21,North,Home & Kitchen,Online,3,73.17,252.45,144.34
9240,2025-07-21,East,Beauty,In-Store,2,28.1,59.02,34.83
9241,2025-07-21,North,Electronics,Mobile App,3,193.9,668.97,442.47
9242,2025-07-21,East,Apparel,Online,3,43.02,135.52,77.89
9243,2025-07-21,South,Sports,Mobile App,1,47.57,35.67,22.36
9244,2025-07-21,North,Beauty,Mobile App,3,28.11,97.0,63.72
9245,2025-07-21,South,Electronics,Mobile App,1,211.59,158.69,96.62
9246,2025-07-21,East,Home & Kitchen,Online,3,62.48,196.82,126.5
9247,2025-07-22,West,Sports,Online,3,52.95,158.85,96.77
9248,2025-07-22,South,Electronics,Online,4,209.68,629.04,378.71
9249,2025-07-22,East,Beauty,Online,3,33.95,106.93,64.53
9250,2025-07-22,North,Home & Kitchen,Online,2,69.98,160.96,101.73
9251,2025-07-22,South,Electronics,In-Store,1,175.31,131.49,78.31
9252,2025-07-22,North,Apparel,Online,1,35.9,41.29,27.05
9253,2025-07-22,South,Electronics,Online,3,178.02,400.55,231.55
9254,2025-07-22,West,Home & Kitchen,Online,3,59.26,177.79,102.8
9255,2025-07-22,North,Electronics,Online,2,196.04,450.89,269.5
9256,2025-07-22,North,Sports,Online,2,58.03,133.47,78.49
9257,2025-07-23,North,Beauty,Online,3,28.03,96.7,60.51
9258,2025-07-23,East,Beauty,Mobile App,2,21.74,45.64,25.35
9259,2025-07-23,East,Electronics,Online,2,191.8,402.77,259.5
9260,2025-07-23,East,Beauty,In-Store,4,28.22,118.52,76.11
9261,2025-07-23,South,Apparel,Online,3,42.28,95.13,52.87
9262,2025-07-23,West,Beauty,In-Store,4,27.23,108.91,60.66
9263,2025-07-23,East,Beauty,Mobile App,4,24.28,101.96,68.88
9264,2025-07-23,West,Home & Kitchen,Online,4,63.04,252.18,139.11
9265,2025-07-23,West,Electronics,Mobile App,2,148.8,297.6,189.77
9266,2025-07-23,North,Beauty,In-Store,4,33.58,154.48,89.35
9267,2025-07-23,West,Apparel,Online,3,58.0,173.99,98.22
9268,2025-07-24,North,Sports,Online,3,58.3,201.14,117.26
9269,2025-07-24,South,Apparel,Online,2,43.2,64.8,40.71
9270,2025-07-24,East,Home & Kitchen,Online,3,81.99,258.28,150.16
9271,2025-07-24,South,Beauty,In-Store,1,32.13,24.1,14.72
9272,2025-07-24,East,Sports,Online,1,60.53,63.55,35.23
9273,2025-07-24,North,Sports,In-Store,4,52.87,243.22,138.77
9274,2025-07-24,South,Electronics,In-Store,1,214.28,160.71,91.12
9275,2025-07-25,South,Home & Kitchen,Mobile App,2,63.8,95.71,58.02
9276,2025-07-25,North,Apparel,In-Store,2,44.72,102.85,66.27
9277,2025-07-25,North,Beauty,In-Store,2,32.12,73.87,45.65
9278,2025-07-25,West,Home & Kitchen,In-Store,3,77.24,231.71,142.22
9279,2025-07-25,South,Electronics,Online,1,198.95,149.21,94.28
9280,2025-07-25,North,Beauty,In-Store,1,29.93,34.42,23.16
9281,2025-07-25,South,Electronics,Online,4,192.6,577.79,377.97
9282,2025-07-26,West,Sports,Online,4,61.11,244.43,144.13
9283,2025-07-26,North,Sports,Online,1,58.8,67.61,41.31
9284,2025-07-26,West,Beauty,Online,4,26.16,104.65,58.75
9285,2025-07-26,South,Apparel,Mobile App,1,38.5,28.87,18.69
9286,2025-07-26,North,Electronics,Online,1,167.56,192.69,107.94
9287,2025-07-26,South,Beauty,Mobile App,3,25.98,58.45,37.64
9288,2025-07-26,North,Apparel,Online,1,47.96,55.15,30.68
9289,2025-07-26,North,Apparel,Online,2,46.24,106.36,62.37
9290,2025-07-26,East,Beauty,Online,2,25.28,53.08,31.97
9291,2025-07-26,West,Sports,Online,3,60.49,181.46,121.83
9292,2025-07-26,West,Sports,In-Store,3,58.86,176.58,100.83
9293,2025-07-26,West,Apparel,Online,1,37.63,37.63,21.91
9294,2025-07-26,East,Home & Kitchen,In-Store,1,66.87,70.21,39.69
9295,2025-07-27,North,Electronics,In-Store,4,195.66,900.02,497.39
9296,2025-07-27,South,Apparel,Online,1,45.73,34.3,19.39
9297,2025-07-27,West,Apparel,Online,2,44.07,88.14,53.56
9298,2025-07-27,North,Home & Kitchen,In-Store,4,62.53,287.62,193.78
9299,2025-07-27,South,Apparel,Online,4,44.84,134.52,86.28
9300,2025-07-27,East,Beauty,Online,4,34.79,146.12,92.03
9301,2025-07-27,West,Sports,Online,4,50.25,201.0,115.91
9302,2025-07-27,North,Sports,Mobile App,1,50.01,57.51,33.39
9303,2025-07-27,East,Beauty,Mobile App,2,34.2,71.82,41.79
9304,2025-07-27,East,Apparel,Online,3,48.32,152.21,96.52
9305,2025-07-27,East,Beauty,In-Store,3,32.71,103.03,66.7
9306,2025-07-27,South,Home & Kitchen,In-Store,2,68.61,102.91,62.79
9307,2025-07-27,West,Apparel,Online,1,45.66,45.66,30.29
9308,2025-07-27,West,Apparel,Online,3,41.02,123.07,79.9
9309,2025-07-27,East,Electronics,In-Store,3,186.36,587.05,379.45
9310,2025-07-27,South,Electronics,Mobile App,1,174.89,131.17,75.65
9311,2025-07-27,North,Electronics,Online,2,165.92,381.62,217.3
9312,2025-07-27,East,Electronics,Online,4,182.18,765.17,483.42
9313,2025-07-27,North,Beauty,Online,4,31.22,143.6,92.01
9314,2025-07-27,West,Beauty,In-Store,3,30.77,92.31,62.52
9315,2025-07-28,East,Home & Kitchen,Online,3,50.63,159.48,95.7
9316,2025-07-28,West,Electronics,Online,3,200.31,600.94,367.71
9317,2025-07-28,North,Electronics,In-Store,1,178.97,205.82,123.88
9318,2025-07-28,East,Home & Kitchen,In-Store,3,61.86,194.87,109.48
9319,2025-07-28,East,Apparel,Online,1,46.0,48.3,31.46
9320,2025-07-28,West,Beauty,Online,2,27.13,54.27,35.55
9321,2025-07-28,North,Home & Kitchen,Online,4,66.84,307.48,207.55
9322,2025-07-28,South,Electronics,In-Store,2,164.47,246.71,136.56
9323,2025-07-28,West,Electronics,Online,2,150.13,300.26,170.79
9324,2025-07-29,North,Electronics,Online,3,227.12,783.58,470.96
9325,2025-07-29,South,Apparel,In-Store,4,53.23,159.69,92.67
9326,2025-07-29,East,Home & Kitchen,Mobile App,2,64.81,136.09,87.96
9327,2025-07-29,West,Home & Kitchen,In-Store,1,59.06,59.06,39.1
9328,2025-07-29,South,Apparel,Online,4,49.0,146.99,90.42
9329,2025-07-29,East,Apparel,Online,3,47.84,150.7,92.09
9330,2025-07-29,East,Beauty,Mobile App,3,26.57,83.7,56.3
9331,2025-07-29,North,Apparel,Online,4,50.58,232.68,128.07
9332,2025-07-29,West,Beauty,Online,3,28.52,85.57,47.41
9333,2025-07-29,East,Sports,In-Store,1,54.3,57.02,32.46
9334,2025-07-29,East,Home & Kitchen,Mobile App,4,55.65,233.72,156.41
9335,2025-07-29,West,Electronics,Mobile App,2,217.72,435.45,272.04
9336,2025-07-29,South,Home & Kitchen,Online,4,74.22,222.67,132.66
9337,2025-07-29,West,Electronics,In-Store,1,207.81,207.81,139.08
9338,2025-07-29,North,Electronics,In-Store,3,185.13,638.68,410.44
9339,2025-07-30,East,Sports,Online,3,53.53,168.62,106.36
9340,2025-07-30,West,Home & Kitchen,In-Store,3,69.62,208.86,127.79
9341,2025-07-30,East,Sports,Online,1,60.93,63.97,38.44
9342,2025-07-30,West,Electronics,In-Store,1,153.24,153.24,101.19
9343,2025-07-30,North,Electronics,Online,2,196.99,453.07,251.57
9344,2025-07-30,North,Sports,Online,2,64.82,149.09,88.74
9345,2025-07-31,South,Home & Kitchen,Online,1,55.94,41.95,26.38
9346,2025-07-31,North,Beauty,Mobile App,4,27.7,127.4,76.52
9347,2025-07-31,East,Beauty,Online,3,28.72,90.47,51.71
9348,2025-07-31,North,Electronics,Online,2,176.66,406.31,233.2
9349,2025-07-31,South,Apparel,Mobile App,1,48.42,36.31,21.67
9350,2025-07-31,North,Beauty,Online,3,27.17,93.75,57.53
9351,2025-07-31,South,Electronics,Mobile App,1,168.26,126.2,78.28
9352,2025-08-01,West,Beauty,Online,4,27.69,110.77,70.74
9353,2025-08-01,West,Apparel,In-Store,2,37.75,75.5,50.8
9354,2025-08-01,North,Electronics,In-Store,3,174.65,602.53,351.6
9355,2025-08-01,East,Beauty,Online,2,30.51,64.08,38.36
9356,2025-08-01,East,Apparel,Online,2,40.94,85.96,51.99
9357,2025-08-01,East,Electronics,In-Store,3,170.12,535.88,340.43
9358,2025-08-01,East,Apparel,In-Store,1,38.22,40.13,25.75
9359,2025-08-01,West,Sports,In-Store,1,48.57,48.57,31.21
9360,2025-08-01,South,Beauty,Online,2,30.52,45.78,28.98
9361,2025-08-01,West,Beauty,Online,3,22.99,68.97,45.19
9362,2025-08-01,West,Electronics,Online,2,201.81,403.62,224.22
9363,2025-08-01,South,Home & Kitchen,In-Store,3,48.63,109.41,69.04
9364,2025-08-01,West,Beauty,Online,2,30.53,61.05,37.84
9365,2025-08-01,West,Apparel,In-Store,4,40.1,160.39,99.59
9366,2025-08-01,East,Home & Kitchen,Online,1,68.89,72.34,45.28
9367,2025-08-01,North,Electronics,In-Store,3,198.87,686.09,413.32
9368,2025-08-01,East,Sports,Mobile App,3,56.81,178.95,109.19
9369,2025-08-01,East,Beauty,In-Store,1,30.3,31.82,21.55
9370,2025-08-02,East,Sports,Mobile App,3,63.21,199.11,114.79
9371,2025-08-02,West,Sports,Mobile App,1,61.1,61.1,39.66
9372,2025-08-02,South,Home & Kitchen,Online,3,74.65,167.97,105.45
9373,2025-08-02,South,Electronics,In-Store,2,175.17,262.75,174.5
9374,2025-08-02,West,Home & Kitchen,Mobile App,1,40.99,40.99,25.1
9375,2025-08-02,East,Sports,Online,1,46.48,48.81,27.68
9376,2025-08-02,West,Electronics,Mobile App,4,207.92,831.66,497.05
9377,2025-08-02,South,Home & Kitchen,Online,3,67.23,151.26,96.23
9378,2025-08-02,East,Electronics,Mobile App,2,147.74,310.24,179.99
9379,2025-08-03,North,Apparel,Online,1,52.05,59.85,39.72
9380,2025-08-03,North,Apparel,Mobile App,1,46.97,54.02,35.53
9381,2025-08-03,West,Apparel,Online,4,46.27,185.09,103.63
9382,2025-08-03,East,Apparel,Online,3,36.27,114.24,67.33
9383,2025-08-03,North,Electronics,Online,1,155.21,178.49,118.5
9384,2025-08-03,West,Beauty,In-Store,1,33.95,33.95,19.75
9385,2025-08-03,West,Electronics,In-Store,4,216.84,867.36,508.33
9386,2025-08-03,East,Electronics,Mobile App,3,166.71,525.13,339.65
9387,2025-08-03,South,Beauty,Online,4,29.7,89.1,59.48
9388,2025-08-03,East,Sports,Online,4,54.42,228.58,154.9
9389,2025-08-03,North,Electronics,In-Store,2,203.34,467.69,269.67
9390,2025-08-03,North,Beauty,Mobile App,3,22.9,79.01,52.79
9391,2025-08-03,North,Electronics,Mobile App,2,184.02,423.25,255.65
9392,2025-08-03,North,Electronics,Online,2,174.44,401.2,228.24
9393,2025-08-03,East,Sports,Online,2,56.03,117.67,69.5
9394,2025-08-03,East,Apparel,Online,1,40.68,42.71,25.35
9395,2025-08-03,South,Beauty,Mobile App,4,28.77,86.3,57.87
9396,2025-08-03,West,Beauty,Online,1,31.61,31.61,19.73
9397,2025-08-03,South,Electronics,Online,3,163.49,367.86,229.03
9398,2025-08-04,North,Sports,Online,3,45.56,157.18,89.42
9399,2025-08-04,West,Electronics,In-Store,3,165.26,495.79,325.96
9400,2025-08-04,North,Apparel,Online,1,42.25,48.59,32.08
9401,2025-08-04,East,Electronics,Online,1,159.58,167.56,96.46
9402,2025-08-04,North,Electronics,Mobile App,2,207.91,478.2,320.46
9403,2025-08-04,East,Apparel,In-Store,4,41.6,174.73,107.93
9404,2025-08-04,South,Electronics,Online,3,161.78,364.0,236.65
9405,2025-08-04,West,Sports,Online,1,56.5,56.5,34.73
9406,2025-08-04,East,Apparel,Mobile App,2,48.82,102.52,69.31
9407,2025-08-04,East,Home & Kitchen,Online,4,70.02,294.09,192.63
9408,2025-08-04,South,Home & Kitchen,Online,2,58.6,87.9,50.72
9409,2025-08-04,North,Electronics,Mobile App,4,167.39,770.01,460.09
9410,2025-08-04,West,Home & Kitchen,Online,4,80.36,321.45,205.68
9411,2025-08-04,South,Electronics,Online,4,196.48,589.45,382.19
9412,2025-08-04,East,Beauty,Online,3,24.91,78.48,47.44
9413,2025-08-04,North,Beauty,Online,3,27.51,94.9,52.66
9414,2025-08-05,East,Home & Kitchen,Online,1,76.49,80.31,44.81
9415,2025-08-05,North,Home & Kitchen,Mobile App,1,75.25,86.54,48.23
9416,2025-08-05,East,Apparel,Mobile App,4,54.8,230.18,134.09
9417,2025-08-05,West,Home & Kitchen,In-Store,1,60.96,60.96,39.66
9418,2025-08-05,West,Home & Kitchen,In-Store,2,63.68,127.36,76.81
9419,2025-08-05,West,Apparel,In-Store,4,35.31,141.23,92.36
9420,2025-08-05,West,Home & Kitchen,Online,4,63.75,255.0,165.32
9421,2025-08-05,West,Apparel,Mobile App,1,47.65,47.65,30.23
9422,2025-08-05,West,Home & Kitchen,Online,3,55.32,165.96,95.73
9423,2025-08-05,East,Home & Kitchen,Online,2,72.48,152.21,99.59
9424,2025-08-05,East,Electronics,In-Store,2,207.99,436.78,256.94
9425,2025-08-05,North,Electronics,In-Store,1,160.63,184.72,119.21
9426,2025-08-05,North,Beauty,Online,3,26.56,91.62,58.8
9427,2025-08-05,West,Sports,Online,3,44.71,134.14,81.46
9428,2025-08-06,South,Home & Kitchen,Online,4,62.97,188.9,110.17
9429,2025-08-06,East,Beauty,In-Store,1,31.21,32.77,19.01
9430,2025-08-06,East,Beauty,Online,1,29.8,31.29,17.55
9431,2025-08-06,North,Beauty,Online,4,30.19,138.86,78.11
9432,2025-08-06,South,Electronics,In-Store,4,199.1,597.31,340.43
9433,2025-08-06,East,Electronics,Online,4,192.54,808.66,518.13
9434,2025-08-06,West,Home & Kitchen,Online,4,68.68,274.72,185.17
9435,2025-08-06,South,Beauty,Mobile App,1,26.92,20.19,12.76
9436,2025-08-06,West,Electronics,Online,4,202.75,810.98,531.39
9437,2025-08-06,South,Electronics,Online,3,156.63,352.41,231.44
9438,2025-08-06,East,Beauty,In-Store,2,30.79,64.67,40.39
9439,2025-08-06,East,Electronics,Online,1,189.03,198.48,133.64
9440,2025-08-07,North,Home & Kitchen,In-Store,2,61.95,142.48,95.26
9441,2025-08-07,North,Sports,Online,1,61.4,70.61,47.15
9442,2025-08-07,North,Electronics,Mobile App,3,218.73,754.64,490.34
9443,2025-08-07,North,Home & Kitchen,Mobile App,2,70.63,162.44,93.26
9444,2025-08-07,South,Electronics,Online,3,183.21,412.21,258.25
9445,2025-08-07,North,Apparel,In-Store,2,51.21,117.77,73.51
9446,2025-08-07,East,Home & Kitchen,In-Store,2,80.31,168.66,107.83
9447,2025-08-07,North,Home & Kitchen,Online,1,62.64,72.04,43.37
9448,2025-08-07,North,Sports,Online,3,55.39,191.09,111.52
9449,2025-08-07,West,Apparel,In-Store,2,57.09,114.19,72.62
9450,2025-08-07,North,Electronics,Online,2,171.83,395.2,226.4
9451,2025-08-07,South,Electronics,Mobile App,3,171.67,386.25,261.94
9452,2025-08-07,North,Apparel,Mobile App,3,47.58,164.15,103.8
9453,2025-08-07,North,Beauty,Mobile App,4,29.58,136.05,86.03
9454,2025-08-08,South,Beauty,Mobile App,4,34.08,102.23,61.95
9455,2025-08-08,North,Apparel,Mobile App,1,38.36,44.12,27.63
9456,2025-08-08,West,Electronics,In-Store,1,173.41,173.41,108.0
9457,2025-08-08,East,Apparel,Online,1,55.06,57.81,36.1
9458,2025-08-08,West,Electronics,Online,3,213.16,639.48,400.92
9459,2025-08-08,East,Sports,Online,1,45.71,48.0,27.47
9460,2025-08-08,North,Beauty,Online,1,24.41,28.07,17.79
9461,2025-08-08,West,Home & Kitchen,Online,4,64.91,259.65,154.06
9462,2025-08-08,East,Home & Kitchen,Mobile App,2,68.4,143.64,90.04
9463,2025-08-08,North,Electronics,In-Store,2,176.26,405.39,256.76
9464,2025-08-08,North,Sports,In-Store,3,62.6,215.96,138.97
9465,2025-08-08,East,Electronics,Online,3,173.79,547.43,312.35
9466,2025-08-08,North,Electronics,Mobile App,2,181.66,417.82,270.38
9467,2025-08-08,East,Beauty,In-Store,4,35.88,150.68,89.74
9468,2025-08-09,North,Home & Kitchen,Online,2,68.28,157.05,86.55
9469,2025-08-09,South,Electronics,In-Store,1,202.61,151.96,101.58
9470,2025-08-09,North,Electronics,Mobile App,1,187.81,215.98,127.72
9471,2025-08-09,East,Home & Kitchen,In-Store,1,65.27,68.53,38.34
9472,2025-08-09,East,Beauty,In-Store,2,26.44,55.53,37.39
9473,2025-08-09,West,Home & Kitchen,Online,1,62.97,62.97,42.71
9474,2025-08-09,North,Apparel,Mobile App,3,42.3,145.93,86.38
9475,2025-08-09,East,Sports,In-Store,2,58.23,122.28,67.47
9476,2025-08-09,West,Electronics,Online,3,212.64,637.93,393.84
9477,2025-08-09,South,Apparel,Online,1,42.44,31.83,19.96
9478,2025-08-09,South,Sports,Mobile App,1,54.74,41.06,24.31
9479,2025-08-09,South,Home & Kitchen,In-Store,3,60.13,135.3,85.93
9480,2025-08-09,North,Beauty,In-Store,1,32.51,37.38,24.75
9481,2025-08-10,South,Home & Kitchen,In-Store,3,56.7,127.57,80.03
9482,2025-08-10,West,Sports,In-Store,2,51.18,102.37,67.5
9483,2025-08-10,North,Apparel,In-Store,1,35.11,40.38,22.25
9484,2025-08-10,North,Electronics,Online,1,123.12,141.58,85.55
9485,2025-08-10,West,Home & Kitchen,Online,2,66.93,133.86,86.65
9486,2025-08-10,North,Electronics,In-Store,2,173.47,398.99,265.98
9487,2025-08-10,West,Electronics,Online,4,184.96,739.84,436.47
9488,2025-08-10,North,Electronics,In-Store,3,151.36,522.18,305.07
9489,2025-08-10,East,Apparel,Mobile App,2,53.69,112.74,72.28
9490,2025-08-10,North,Beauty,In-Store,3,32.53,112.23,76.28
9491,2025-08-10,East,Apparel,In-Store,3,39.12,123.23,76.87
9492,2025-08-10,West,Sports,Online,1,50.32,50.32,33.32
9493,2025-08-11,North,Sports,Online,1,49.83,57.3,38.74
9494,2025-08-11,East,Sports,Online,4,49.92,209.65,127.44
9495,2025-08-11,East,Apparel,Mobile App,4,44.95,188.8,110.12
9496,2025-08-11,East,Electronics,In-Store,1,187.74,197.13,121.86
9497,2025-08-11,West,Home & Kitchen,In-Store,4,73.86,295.45,178.34
9498,2025-08-11,East,Home & Kitchen,In-Store,2,60.37,126.77,72.94
9499,2025-08-11,South,Beauty,Online,3,27.06,60.88,36.51
9500,2025-08-11,West,Beauty,Online,2,28.32,56.65,34.71
9501,2025-08-11,West,Apparel,Online,1,44.04,44.04,28.93
9502,2025-08-11,West,Apparel,Online,1,44.43,44.43,27.43
9503,2025-08-11,South,Home & Kitchen,Online,1,65.26,48.94,29.5
9504,2025-08-11,West,Electronics,Online,3,175.11,525.32,296.86
9505,2025-08-12,East,Sports,Online,4,44.64,187.47,127.17
9506,2025-08-12,West,Sports,In-Store,4,43.58,174.31,114.25
9507,2025-08-12,South,Apparel,In-Store,3,39.86,89.69,58.32
9508,2025-08-12,South,Electronics,Online,4,184.99,554.96,337.59
9509,2025-08-12,East,Apparel,Online,3,49.04,154.47,103.71
9510,2025-08-12,South,Home & Kitchen,In-Store,2,60.85,91.27,59.86
9511,2025-08-12,South,Beauty,Online,4,29.38,88.15,55.25
9512,2025-08-12,East,Home & Kitchen,Online,3,60.52,190.63,106.91
9513,2025-08-12,North,Apparel,Online,2,52.2,120.07,73.05
9514,2025-08-12,West,Beauty,Online,3,26.59,79.78,51.88
9515,2025-08-13,West,Electronics,Online,4,171.1,684.39,401.25
9516,2025-08-13,East,Electronics,Mobile App,3,182.32,574.29,350.06
9517,2025-08-13,East,Electronics,Online,2,129.82,272.62,163.54
9518,2025-08-13,East,Beauty,In-Store,1,28.84,30.28,17.17
9519,2025-08-13,South,Home & Kitchen,Online,1,42.92,32.19,18.24
9520,2025-08-13,West,Home & Kitchen,Online,3,65.26,195.78,128.77
9521,2025-08-13,North,Sports,In-Store,1,41.73,47.99,28.53
9522,2025-08-13,West,Apparel,Mobile App,3,45.27,135.82,84.82
9523,2025-08-13,South,Beauty,Mobile App,3,31.63,71.17,46.22
9524,2025-08-13,South,Electronics,Online,4,165.13,495.4,315.64
9525,2025-08-13,North,Electronics,Online,2,155.56,357.79,203.84
9526,2025-08-13,West,Beauty,Online,4,26.36,105.43,60.1
9527,2025-08-14,North,Sports,In-Store,4,64.21,295.37,200.0
9528,2025-08-14,West,Home & Kitchen,Online,4,61.8,247.21,166.64
9529,2025-08-14,East,Sports,Online,1,51.81,54.4,31.39
9530,2025-08-14,South,Home & Kitchen,Online,4,68.89,206.67,140.45
9531,2025-08-14,West,Sports,Mobile App,4,60.52,242.08,140.29
9532,2025-08-14,North,Sports,Online,2,47.05,108.22,60.81
9533,2025-08-14,South,Beauty,Online,4,34.15,102.44,63.74
9534,2025-08-14,East,Apparel,Online,3,46.06,145.08,94.26
9535,2025-08-14,East,Beauty,Online,1,27.47,28.85,18.23
9536,2025-08-14,South,Home & Kitchen,In-Store,1,58.36,43.77,25.06
9537,2025-08-14,West,Beauty,Online,3,30.3,90.9,50.6
9538,2025-08-14,North,Apparel,In-Store,3,42.21,145.62,90.63
9539,2025-08-14,North,Sports,Online,4,53.43,245.79,155.22
9540,2025-08-14,East,Electronics,Online,4,209.74,880.89,517.21
9541,2025-08-14,East,Sports,Online,3,48.79,153.68,104.31
9542,2025-08-14,North,Apparel,Online,2,40.49,93.12,56.36
9543,2025-08-14,North,Beauty,In-Store,1,30.38,34.94,22.76
9544,2025-08-14,West,Apparel,Online,1,43.53,43.53,29.14
9545,2025-08-14,North,Home & Kitchen,Online,3,55.58,191.75,106.22
9546,2025-08-14,North,Electronics,Mobile App,2,156.51,359.98,244.51
9547,2025-08-15,West,Apparel,Online,4,48.56,194.22,120.86
9548,2025-08-15,East,Home & Kitchen,Online,4,62.77,263.65,158.75
9549,2025-08-15,East,Apparel,Online,2,43.66,91.69,56.32
9550,2025-08-15,East,Apparel,Mobile App,4,39.27,164.93,93.49
9551,2025-08-15,West,Sports,In-Store,4,57.74,230.95,130.35
9552,2025-08-15,West,Electronics,Mobile App,3,180.9,542.69,346.49
9553,2025-08-15,North,Apparel,In-Store,2,41.71,95.94,58.69
9554,2025-08-15,East,Beauty,In-Store,3,26.78,84.36,55.01
9555,2025-08-15,East,Beauty,Online,3,24.5,77.17,44.92
9556,2025-08-15,North,Beauty,In-Store,3,33.56,115.77,66.17
9557,2025-08-15,East,Home & Kitchen,Online,3,66.1,208.21,124.22
9558,2025-08-15,South,Electronics,Mobile App,2,155.57,233.36,142.72
9559,2025-08-15,East,Apparel,Online,3,43.12,135.82,77.86
9560,2025-08-16,South,Sports,Online,4,42.1,126.31,85.69
9561,2025-08-16,South,Apparel,In-Store,3,38.59,86.83,51.09
9562,2025-08-16,South,Sports,In-Store,1,56.24,42.18,27.36
9563,2025-08-16,West,Sports,Mobile App,1,59.89,59.89,36.38
9564,2025-08-16,West,Electronics,In-Store,2,181.86,363.71,202.64
9565,2025-08-16,East,Electronics,In-Store,3,164.27,517.46,339.82
9566,2025-08-16,West,Beauty,Online,1,28.82,28.82,16.55
9567,2025-08-16,South,Beauty,Online,3,29.81,67.07,39.06
9568,2025-08-16,West,Sports,Online,2,61.25,122.5,79.75
9569,2025-08-17,North,Beauty,Mobile App,2,27.03,62.18,41.91
9570,2025-08-17,South,Apparel,In-Store,2,53.93,80.89,53.96
9571,2025-08-17,East,Electronics,In-Store,3,177.03,557.64,313.67
9572,2025-08-17,East,Electronics,Online,4,165.78,696.26,453.84
9573,2025-08-17,North,Sports,Online,3,55.96,193.08,113.5
9574,2025-08-17,West,Electronics,In-Store,4,142.04,568.16,361.56
9575,2025-08-17,East,Home & Kitchen,Mobile App,1,68.07,71.48,41.62
9576,2025-08-17,North,Home & Kitchen,In-Store,1,52.87,60.8,37.95
9577,2025-08-17,East,Electronics,Online,2,181.76,381.69,216.8
9578,2025-08-17,East,Home & Kitchen,Online,2,67.83,142.43,86.03
9579,2025-08-17,West,Beauty,Mobile App,1,30.79,30.79,19.09
9580,2025-08-17,East,Sports,Online,2,55.16,115.83,76.09
9581,2025-08-17,East,Beauty,Online,4,27.89,117.12,72.56
9582,2025-08-17,North,Electronics,Online,2,175.07,402.66,257.2
9583,2025-08-18,West,Apparel,Mobile App,1,54.47,54.47,32.66
9584,2025-08-18,East,Home & Kitchen,Mobile App,1,78.98,82.93,50.86
9585,2025-08-18,North,Electronics,In-Store,4,176.29,810.94,487.9
9586,2025-08-18,North,Electronics,In-Store,3,198.33,684.25,416.45
9587,2025-08-18,South,Beauty,In-Store,4,20.65,61.95,39.32
9588,2025-08-18,South,Sports,Online,4,56.78,170.33,99.35
9589,2025-08-18,North,Electronics,Online,4,185.02,851.08,475.0
9590,2025-08-18,South,Home & Kitchen,Online,3,65.92,148.32,85.96
9591,2025-08-18,North,Beauty,Online,4,33.08,152.19,102.95
9592,2025-08-18,East,Beauty,Online,3,33.27,104.81,63.61
9593,2025-08-18,South,Sports,In-Store,4,57.05,171.15,113.61
9594,2025-08-18,East,Electronics,Online,2,175.39,368.31,225.14
9595,2025-08-18,East,Electronics,Online,3,172.97,544.86,327.78
9596,2025-08-18,East,Electronics,Online,1,184.14,193.34,130.75
9597,2025-08-18,East,Home & Kitchen,Mobile App,4,65.67,275.82,163.34
9598,2025-08-18,North,Beauty,Mobile App,4,30.97,142.45,89.59
9599,2025-08-18,North,Apparel,Online,2,40.87,94.01,56.51
9600,2025-08-18,West,Sports,In-Store,1,44.7,44.7,24.66
9601,2025-08-18,South,Beauty,Mobile App,1,34.39,25.8,15.49
9602,2025-08-18,East,Home & Kitchen,Online,4,71.99,302.36,184.55
9603,2025-08-18,East,Electronics,Online,2,175.96,369.52,224.66
9604,2025-08-19,West,Apparel,Online,2,47.0,93.99,52.36
9605,2025-08-19,East,Electronics,Online,4,180.98,760.14,419.38
9606,2025-08-19,North,Home & Kitchen,Online,2,80.62,185.43,113.61
9607,2025-08-19,West,Apparel,Online,1,51.69,51.69,30.52
9608,2025-08-19,West,Electronics,Online,2,191.36,382.71,247.26
9609,2025-08-19,North,Electronics,Online,1,150.36,172.91,103.08
9610,2025-08-19,West,Home & Kitchen,Online,4,72.87,291.49,190.09
9611,2025-08-19,North,Beauty,In-Store,2,23.29,53.56,30.71
9612,2025-08-19,West,Electronics,Online,4,192.26,769.02,438.86
9613,2025-08-19,East,Home & Kitchen,In-Store,3,61.92,195.06,117.48
9614,2025-08-19,East,Sports,Online,1,60.08,63.09,36.88
9615,2025-08-19,North,Apparel,In-Store,2,37.9,87.17,53.07
9616,2025-08-20,South,Electronics,Online,2,209.31,313.97,212.59
9617,2025-08-20,North,Electronics,Online,4,178.31,820.24,474.87
9618,2025-08-20,North,Beauty,Online,2,31.6,72.69,45.18
9619,2025-08-20,West,Home & Kitchen,Online,1,53.03,53.03,32.71
9620,2025-08-20,South,Home & Kitchen,Online,3,65.4,147.15,84.44
9621,2025-08-20,East,Electronics,Online,2,187.43,393.61,231.86
9622,2025-08-20,South,Sports,In-Store,1,48.33,36.25,22.83
9623,2025-08-20,South,Electronics,Mobile App,3,163.32,367.46,213.99
9624,2025-08-20,East,Apparel,Online,1,53.36,56.02,31.0
9625,2025-08-20,West,Home & Kitchen,In-Store,1,60.98,60.98,40.54
9626,2025-08-20,East,Apparel,Online,2,40.97,86.04,57.92
9627,2025-08-20,South,Home & Kitchen,Online,3,70.65,158.95,90.2
9628,2025-08-20,East,Electronics,In-Store,1,162.18,170.29,114.11
9629,2025-08-20,North,Apparel,In-Store,1,35.57,40.91,25.08
9630,2025-08-20,North,Sports,In-Store,3,69.06,238.27,151.75
9631,2025-08-21,South,Apparel,Online,2,46.48,69.71,39.3
9632,2025-08-21,South,Electronics,In-Store,3,145.11,326.49,199.57
9633,2025-08-21,West,Beauty,Online,2,30.95,61.91,39.43
9634,2025-08-21,North,Home & Kitchen,In-Store,3,66.54,229.58,135.93
9635,2025-08-21,North,Apparel,Mobile App,2,51.04,117.4,75.66
9636,2025-08-21,West,Apparel,Online,2,34.59,69.19,46.48
9637,2025-08-21,East,Sports,Mobile App,1,53.65,56.34,34.53
9638,2025-08-21,East,Home & Kitchen,Mobile App,3,71.42,224.99,137.12
9639,2025-08-21,South,Beauty,Online,2,29.67,44.51,25.93
9640,2025-08-21,East,Home & Kitchen,Online,2,60.16,126.35,76.81
9641,2025-08-21,East,Home & Kitchen,Mobile App,3,63.62,200.39,123.13
9642,2025-08-21,North,Apparel,Online,3,49.4,170.44,114.66
9643,2025-08-21,South,Apparel,Online,2,50.99,76.48,49.55
9644,2025-08-21,West,Apparel,In-Store,3,45.13,135.4,79.85
9645,2025-08-21,West,Beauty,In-Store,2,20.85,41.71,25.69
9646,2025-08-21,North,Sports,Mobile App,2,58.73,135.07,80.25
9647,2025-08-21,North,Home & Kitchen,Online,2,70.83,162.91,109.03
9648,2025-08-22,West,Apparel,In-Store,2,44.56,89.13,52.64
9649,2025-08-22,North,Home & Kitchen,Online,4,63.61,292.59,188.36
9650,2025-08-22,West,Apparel,Online,1,44.47,44.47,24.86
9651,2025-08-22,West,Home & Kitchen,Online,4,57.02,228.08,142.41
9652,2025-08-22,West,Home & Kitchen,In-Store,3,70.29,210.87,120.27
9653,2025-08-22,South,Apparel,Online,2,46.12,69.19,45.18
9654,2025-08-22,West,Sports,Online,1,47.93,47.93,32.13
9655,2025-08-22,North,Home & Kitchen,Online,3,53.23,183.65,101.02
9656,2025-08-22,East,Apparel,In-Store,1,53.31,55.97,34.73
9657,2025-08-22,East,Home & Kitchen,Online,4,67.3,282.67,156.43
9658,2025-08-22,South,Beauty,Online,2,22.88,34.32,20.86
9659,2025-08-23,North,Home & Kitchen,Online,4,77.32,355.67,205.58
9660,2025-08-23,East,Electronics,Online,2,173.04,363.38,204.82
9661,2025-08-23,East,Apparel,Online,3,32.64,102.82,59.15
9662,2025-08-23,East,Home & Kitchen,Online,1,55.94,58.74,34.34
9663,2025-08-23,North,Electronics,In-Store,1,152.63,175.52,104.77
9664,2025-08-23,North,Home & Kitchen,Mobile App,4,59.13,272.01,169.44
9665,2025-08-23,South,Apparel,Online,3,39.33,88.5,59.66
9666,2025-08-23,West,Beauty,In-Store,3,20.84,62.52,34.51
9667,2025-08-23,East,Electronics,In-Store,1,194.19,203.9,130.13
9668,2025-08-23,North,Beauty,In-Store,1,23.79,27.35,15.49
9669,2025-08-23,South,Sports,In-Store,3,65.45,147.26,90.32
9670,2025-08-23,East,Sports,Mobile App,4,60.18,252.76,164.22
9671,2025-08-23,East,Electronics,In-Store,1,209.79,220.28,145.56
9672,2025-08-23,North,Electronics,In-Store,2,196.57,452.12,252.19
9673,2025-08-23,South,Sports,Online,2,50.51,75.77,42.85
9674,2025-08-23,West,Home & Kitchen,Online,3,79.37,238.1,131.11
9675,2025-08-23,East,Sports,Online,3,59.93,188.77,116.65
9676,2025-08-23,East,Electronics,Online,4,156.43,656.99,396.29
9677,2025-08-23,East,Beauty,In-Store,1,20.91,21.96,14.36
9678,2025-08-23,South,Electronics,Mobile App,1,152.29,114.21,74.13
9679,2025-08-23,West,Home & Kitchen,Online,4,81.25,324.99,203.01
9680,2025-08-23,East,Electronics,Online,3,192.91,607.68,350.74
9681,2025-08-23,West,Home & Kitchen,Online,2,71.97,143.93,79.27
9682,2025-08-24,South,Apparel,Online,2,44.01,66.02,38.01
9683,2025-08-24,South,Electronics,Online,1,138.4,103.8,65.18
9684,2025-08-24,North,Sports,In-Store,3,53.49,184.55,110.8
9685,2025-08-24,East,Home & Kitchen,In-Store,4,58.78,246.88,164.91
9686,2025-08-24,West,Apparel,Online,3,54.65,163.96,98.33
9687,2025-08-24,West,Home & Kitchen,Online,3,67.37,202.1,136.27
9688,2025-08-24,North,Electronics,In-Store,4,212.83,979.02,615.39
9689,2025-08-24,East,Electronics,Mobile App,3,192.42,606.11,365.68
9690,2025-08-24,East,Apparel,Online,3,49.09,154.62,102.93
9691,2025-08-24,North,Home & Kitchen,In-Store,1,63.07,72.54,49.3
9692,2025-08-24,North,Home & Kitchen,Online,2,57.3,131.79,74.2
9693,2025-08-24,West,Electronics,In-Store,4,222.05,888.21,521.05
9694,2025-08-24,East,Apparel,Online,4,43.7,183.54,103.74
9695,2025-08-24,West,Beauty,In-Store,4,23.72,94.87,61.94
9696,2025-08-25,South,Apparel,Mobile App,3,37.33,84.0,51.91
9697,2025-08-25,East,Electronics,Online,2,208.15,437.12,273.49
9698,2025-08-25,North,Home & Kitchen,In-Store,1,64.35,74.0,48.68
9699,2025-08-25,East,Sports,In-Store,3,52.6,165.7,100.62
9700,2025-08-25,East,Electronics,Online,3,181.23,570.86,343.79
9701,2025-08-25,South,Apparel,Online,4,48.75,146.24,83.11
9702,2025-08-25,East,Apparel,Online,4,48.92,205.46,113.94
9703,2025-08-25,East,Electronics,Online,4,181.84,763.75,459.96
9704,2025-08-25,South,Beauty,Online,2,19.77,29.65,16.75
9705,2025-08-25,North,Home & Kitchen,In-Store,3,67.95,234.41,153.46
9706,2025-08-25,South,Electronics,Mobile App,4,187.6,562.8,371.94
9707,2025-08-25,South,Beauty,In-Store,3,31.55,71.0,41.06
9708,2025-08-25,East,Sports,In-Store,3,60.4,190.27,117.64
9709,2025-08-25,South,Beauty,Mobile App,3,25.75,57.95,32.13
9710,2025-08-25,North,Electronics,Online,2,155.01,356.53,200.08
9711,2025-08-25,North,Apparel,In-Store,1,43.93,50.52,33.74
9712,2025-08-25,East,Home & Kitchen,Online,3,70.47,221.99,142.59
9713,2025-08-25,West,Beauty,Online,1,25.06,25.06,15.67
9714,2025-08-25,East,Beauty,In-Store,1,25.45,26.72,17.69
9715,2025-08-26,East,Sports,Online,4,36.1,151.62,96.34
9716,2025-08-26,South,Electronics,Mobile App,4,144.22,432.65,269.87
9717,2025-08-26,South,Beauty,In-Store,4,21.91,65.72,40.73
9718,2025-08-26,East,Apparel,Mobile App,4,41.44,174.05,100.4
9719,2025-08-26,East,Apparel,Online,2,55.37,116.28,66.94
9720,2025-08-26,East,Beauty,Online,2,32.28,67.79,40.48
9721,2025-08-26,West,Electronics,Mobile App,1,166.14,166.14,91.45
9722,2025-08-26,South,Apparel,Mobile App,1,42.21,31.65,20.69
9723,2025-08-26,East,Home & Kitchen,Mobile App,2,62.65,131.57,76.37
9724,2025-08-26,East,Electronics,In-Store,3,193.03,608.05,386.31
9725,2025-08-26,West,Beauty,Online,2,22.6,45.21,26.98
9726,2025-08-26,North,Home & Kitchen,In-Store,4,62.62,288.05,174.92
9727,2025-08-26,North,Home & Kitchen,Online,4,67.88,312.27,180.85
9728,2025-08-26,North,Beauty,In-Store,1,29.4,33.81,21.5
9729,2025-08-26,South,Home & Kitchen,In-Store,2,61.27,91.91,58.83
9730,2025-08-26,South,Home & Kitchen,Online,1,59.19,44.4,25.96
9731,2025-08-26,East,Home & Kitchen,Mobile App,1,57.7,60.58,37.91
9732,2025-08-26,East,Apparel,Online,3,54.94,173.06,97.4
9733,2025-08-26,South,Electronics,Online,2,173.32,259.97,163.07
9734,2025-08-26,West,Sports,In-Store,2,54.42,108.85,60.36
9735,2025-08-26,North,Beauty,Mobile App,1,24.89,28.63,16.84
9736,2025-08-27,East,Sports,Online,4,71.7,301.12,172.94
9737,2025-08-27,East,Electronics,In-Store,3,204.88,645.36,426.81
9738,2025-08-27,East,Electronics,Mobile App,3,151.0,475.65,290.94
9739,2025-08-27,North,Home & Kitchen,Online,1,57.49,66.11,44.59
9740,2025-08-27,West,Electronics,Online,4,221.22,884.87,560.11
9741,2025-08-27,East,Home & Kitchen,In-Store,3,75.37,237.43,160.1
9742,2025-08-27,West,Apparel,Online,2,56.96,113.92,74.06
9743,2025-08-27,West,Apparel,Online,1,47.27,47.27,28.08
9744,2025-08-27,South,Home & Kitchen,Mobile App,2,69.6,104.39,62.7
9745,2025-08-27,North,Apparel,In-Store,2,39.44,90.7,56.77
9746,2025-08-28,South,Electronics,In-Store,2,207.71,311.57,192.55
9747,2025-08-28,South,Electronics,Online,4,190.29,570.86,367.59
9748,2025-08-28,East,Electronics,In-Store,2,168.05,352.9,210.06
9749,2025-08-28,North,Apparel,In-Store,4,44.13,203.0,126.33
9750,2025-08-28,West,Home & Kitchen,Online,1,68.44,68.44,40.65
9751,2025-08-28,West,Beauty,Online,1,27.77,27.77,16.81
9752,2025-08-28,East,Apparel,In-Store,1,42.71,44.85,29.44
9753,2025-08-28,East,Home & Kitchen,In-Store,2,73.09,153.48,85.97
9754,2025-08-28,North,Electronics,In-Store,1,177.64,204.28,127.21
9755,2025-08-28,East,Sports,Mobile App,4,52.24,219.43,137.14
9756,2025-08-28,South,Apparel,Online,1,37.46,28.09,18.96
9757,2025-08-28,South,Home & Kitchen,In-Store,4,62.29,186.86,125.97
9758,2025-08-28,West,Beauty,Online,1,28.87,28.87,16.59
9759,2025-08-28,South,Home & Kitchen,Online,2,77.88,116.82,69.83
9760,2025-08-29,North,Sports,In-Store,2,39.83,91.61,55.87
9761,2025-08-29,West,Apparel,Mobile App,2,45.74,91.47,51.06
9762,2025-08-29,South,Beauty,Online,1,31.08,23.31,14.81
9763,2025-08-29,West,Home & Kitchen,Online,3,74.7,224.11,132.12
9764,2025-08-29,West,Apparel,Online,1,47.59,47.59,28.42
9765,2025-08-29,North,Home & Kitchen,Online,3,62.53,215.73,127.49
9766,2025-08-29,West,Home & Kitchen,Online,1,58.66,58.66,35.37
9767,2025-08-29,North,Home & Kitchen,Online,2,71.36,164.14,90.84
9768,2025-08-29,South,Apparel,Online,2,49.15,73.72,48.74
9769,2025-08-29,North,Beauty,In-Store,1,32.17,37.0,20.45
9770,2025-08-29,South,Apparel,Online,2,34.85,52.28,29.8
9771,2025-08-29,North,Apparel,Mobile App,4,39.73,182.75,116.02
9772,2025-08-30,West,Electronics,In-Store,4,182.09,728.37,431.33
9773,2025-08-30,South,Electronics,In-Store,4,223.11,669.34,381.68
9774,2025-08-30,South,Sports,Online,1,58.85,44.14,28.57
9775,2025-08-30,South,Beauty,In-Store,2,27.48,41.22,23.07
9776,2025-08-30,West,Home & Kitchen,In-Store,3,76.06,228.19,150.23
9777,2025-08-30,East,Electronics,Mobile App,2,188.06,394.93,227.57
9778,2025-08-30,West,Home & Kitchen,Online,1,57.69,57.69,34.68
9779,2025-08-30,South,Sports,In-Store,3,49.13,110.54,67.17
9780,2025-08-30,East,Sports,Online,2,44.5,93.44,53.9
9781,2025-08-30,West,Home & Kitchen,In-Store,2,67.1,134.2,86.41
9782,2025-08-30,North,Electronics,In-Store,3,167.15,576.65,319.59
9783,2025-08-30,North,Sports,Mobile App,1,62.62,72.02,47.2
9784,2025-08-30,West,Beauty,Online,2,29.87,59.74,40.58
9785,2025-08-30,North,Apparel,Online,3,45.65,157.49,97.07
9786,2025-08-30,East,Sports,In-Store,2,61.95,130.1,86.17
9787,2025-08-30,North,Electronics,Mobile App,4,186.74,859.0,485.34
9788,2025-08-31,West,Beauty,Online,2,28.5,57.0,38.57
9789,2025-08-31,East,Apparel,In-Store,2,43.63,91.63,51.25
9790,2025-08-31,North,Beauty,Mobile App,1,30.09,34.61,19.27
9791,2025-08-31,East,Apparel,Online,3,39.56,124.6,69.9
9792,2025-08-31,East,Apparel,Mobile App,4,41.34,173.61,100.84
9793,2025-08-31,South,Electronics,Online,1,140.08,105.06,64.08
9794,2025-08-31,East,Apparel,Online,1,40.96,43.0,25.86
9795,2025-08-31,West,Home & Kitchen,Online,1,59.66,59.66,38.88
9796,2025-08-31,North,Apparel,In-Store,4,48.25,221.94,133.61
9797,2025-08-31,South,Beauty,Online,3,31.49,70.86,39.58
9798,2025-08-31,North,Beauty,Online,4,32.12,147.74,85.19
9799,2025-08-31,West,Electronics,In-Store,4,178.96,715.83,424.28
9800,2025-08-31,North,Home & Kitchen,In-Store,1,76.57,88.06,53.49
9801,2025-08-31,East,Beauty,In-Store,1,25.05,26.3,17.4
9802,2025-08-31,South,Beauty,In-Store,2,25.7,38.55,25.61
9803,2025-09-01,West,Apparel,In-Store,1,43.57,43.57,28.93
9804,2025-09-01,West,Apparel,Mobile App,3,46.57,139.72,82.01
9805,2025-09-01,South,Electronics,In-Store,2,192.55,288.83,177.88
9806,2025-09-01,West,Apparel,Mobile App,3,48.22,144.67,91.61
9807,2025-09-01,South,Electronics,Online,3,201.15,452.59,270.87
9808,2025-09-01,East,Apparel,Mobile App,1,45.33,47.59,29.79
9809,2025-09-01,West,Beauty,Online,3,24.45,73.35,47.52
9810,2025-09-01,West,Apparel,Online,2,52.56,105.12,61.89
9811,2025-09-01,South,Apparel,Online,4,46.56,139.69,80.17
9812,2025-09-01,North,Electronics,In-Store,2,183.18,421.31,252.66
9813,2025-09-01,North,Beauty,Mobile App,3,27.47,94.78,58.09
9814,2025-09-01,North,Electronics,Online,1,173.54,199.57,120.11
9815,2025-09-01,West,Apparel,Online,1,34.03,34.03,21.34
9816,2025-09-01,East,Electronics,In-Store,3,193.21,608.63,370.47
9817,2025-09-01,North,Home & Kitchen,Online,1,65.04,74.79,48.55
9818,2025-09-01,East,Apparel,In-Store,2,52.31,109.84,74.24
9819,2025-09-01,West,Apparel,In-Store,2,54.76,109.53,74.23
9820,2025-09-02,North,Sports,Online,1,57.96,66.66,38.37
9821,2025-09-02,East,Beauty,Online,2,32.11,67.43,40.82
9822,2025-09-02,North,Home & Kitchen,Mobile App,2,72.93,167.74,105.15
9823,2025-09-02,North,Electronics,In-Store,4,197.32,907.66,544.36
9824,2025-09-02,East,Apparel,Online,2,45.65,95.87,54.26
9825,2025-09-02,South,Electronics,Online,4,167.87,503.61,314.65
9826,2025-09-02,North,Home & Kitchen,Online,4,67.85,312.11,197.96
9827,2025-09-02,East,Electronics,In-Store,3,161.49,508.7,286.29
9828,2025-09-02,West,Electronics,Online,1,210.43,210.43,138.57
9829,2025-09-02,South,Sports,Online,3,54.31,122.2,73.06
9830,2025-09-03,South,Electronics,Mobile App,1,168.02,126.01,80.56
9831,2025-09-03,South,Beauty,In-Store,3,24.15,54.34,33.59
9832,2025-09-03,North,Apparel,Mobile App,3,45.19,155.91,98.59
9833,2025-09-03,West,Apparel,Online,3,45.16,135.49,81.74
9834,2025-09-03,North,Electronics,Online,2,168.21,386.88,246.82
9835,2025-09-03,East,Electronics,Online,2,210.53,442.11,285.76
9836,2025-09-03,South,Beauty,Online,1,30.36,22.77,12.94
9837,2025-09-03,East,Sports,Mobile App,3,64.57,203.39,136.27
9838,2025-09-03,West,Home & Kitchen,In-Store,1,58.01,58.01,38.4
9839,2025-09-03,South,Apparel,Online,3,39.25,88.32,59.47
9840,2025-09-03,West,Apparel,Online,4,37.44,149.75,89.63
9841,2025-09-03,West,Sports,Online,3,45.61,136.82,90.63
9842,2025-09-03,East,Beauty,Mobile App,2,26.51,55.67,36.74
9843,2025-09-03,East,Home & Kitchen,In-Store,4,65.99,277.17,154.83
9844,2025-09-03,East,Apparel,In-Store,1,44.54,46.77,28.47
9845,2025-09-03,West,Apparel,Mobile App,3,41.83,125.5,76.01
9846,2025-09-03,North,Beauty,Online,1,29.26,33.65,19.3
9847,2025-09-04,North,Sports,Online,1,55.47,63.8,36.69
9848,2025-09-04,South,Apparel,Online,4,43.99,131.97,88.9
9849,2025-09-04,South,Home & Kitchen,Online,4,60.18,180.53,102.66
9850,2025-09-04,East,Apparel,Mobile App,3,50.69,159.67,105.03
9851,2025-09-04,North,Sports,Mobile App,4,53.9,247.93,152.87
9852,2025-09-04,North,Electronics,In-Store,2,181.5,417.45,260.34
9853,2025-09-04,North,Electronics,Online,3,180.79,623.73,349.61
9854,2025-09-04,East,Apparel,In-Store,3,42.64,134.32,79.66
9855,2025-09-04,North,Beauty,Online,4,29.61,136.21,77.61
9856,2025-09-04,West,Beauty,Mobile App,3,25.86,77.58,52.67
9857,2025-09-04,South,Electronics,Online,3,173.39,390.13,227.18
9858,2025-09-04,North,Electronics,Online,1,196.81,226.33,133.7
9859,2025-09-04,West,Home & Kitchen,Online,3,61.11,183.34,119.12
9860,2025-09-04,South,Sports,Online,4,64.0,192.0,114.58
9861,2025-09-04,North,Beauty,Online,1,35.64,40.99,23.08
9862,2025-09-05,South,Sports,Online,2,60.02,90.04,52.39
9863,2025-09-05,West,Home & Kitchen,Mobile App,3,60.65,181.96,107.62
9864,2025-09-05,East,Electronics,In-Store,4,207.92,873.25,486.55
9865,2025-09-05,East,Electronics,Mobile App,2,158.64,333.15,183.65
9866,2025-09-05,East,Electronics,In-Store,1,186.78,196.11,121.7
9867,2025-09-05,West,Beauty,In-Store,4,25.46,101.85,60.29
9868,2025-09-05,West,Electronics,In-Store,3,210.13,630.4,386.33
9869,2025-09-05,South,Sports,Online,2,55.72,83.58,56.25
9870,2025-09-05,West,Beauty,In-Store,2,31.46,62.92,40.62
9871,2025-09-05,West,Electronics,Online,4,143.55,574.19,319.92
9872,2025-09-05,East,Apparel,In-Store,3,42.77,134.72,79.24
9873,2025-09-05,East,Electronics,Online,2,196.08,411.77,260.1
9874,2025-09-05,South,Beauty,In-Store,1,27.42,20.57,13.2
9875,2025-09-05,North,Sports,Online,2,53.43,122.88,77.97
9876,2025-09-05,West,Sports,Online,2,48.89,97.77,55.97
9877,2025-09-05,East,Apparel,Mobile App,1,41.75,43.84,24.16
9878,2025-09-05,East,Home & Kitchen,Online,4,56.87,238.85,137.13
9879,2025-09-05,North,Apparel,Online,3,41.05,141.63,86.52
9880,2025-09-06,South,Sports,In-Store,1,65.04,48.78,28.79
9881,2025-09-06,West,Home & Kitchen,Online,4,57.85,231.42,128.04
9882,2025-09-06,East,Electronics,Online,1,172.0,180.6,115.88
9883,2025-09-06,South,Home & Kitchen,Online,4,51.84,155.52,86.56
9884,2025-09-06,North,Beauty,In-Store,3,30.26,104.39,58.03
9885,2025-09-06,South,Electronics,Online,1,156.99,117.74,77.28
9886,2025-09-06,East,Home & Kitchen,Online,3,73.59,231.79,150.82
9887,2025-09-06,East,Apparel,Online,4,40.67,170.81,96.53
9888,2025-09-06,East,Home & Kitchen,Online,1,47.93,50.33,31.02
9889,2025-09-06,South,Electronics,In-Store,3,154.65,347.96,203.52
9890,2025-09-06,East,Apparel,In-Store,2,54.43,114.3,64.54
9891,2025-09-06,East,Apparel,In-Store,2,47.44,99.63,57.0
9892,2025-09-06,East,Home & Kitchen,In-Store,1,63.96,67.16,39.64
9893,2025-09-06,East,Apparel,Online,4,44.01,184.85,117.41
9894,2025-09-06,East,Home & Kitchen,Online,2,61.89,129.97,79.7
9895,2025-09-07,North,Home & Kitchen,Online,2,62.27,143.23,81.2
9896,2025-09-07,West,Apparel,In-Store,3,39.93,119.79,76.87
9897,2025-09-07,West,Home & Kitchen,Mobile App,2,73.9,147.79,81.95
9898,2025-09-07,East,Apparel,Online,3,43.36,136.57,80.24
9899,2025-09-07,East,Electronics,Online,1,214.1,224.8,128.21
9900,2025-09-07,West,Apparel,Online,3,45.14,135.42,79.9
9901,2025-09-07,West,Sports,Online,1,60.15,60.15,34.71
9902,2025-09-07,North,Sports,In-Store,3,56.01,193.24,122.39
9903,2025-09-07,South,Sports,Online,3,56.25,126.57,71.72
9904,2025-09-07,West,Apparel,Online,4,42.12,168.46,96.19
9905,2025-09-07,North,Apparel,Online,1,45.32,52.12,33.44
9906,2025-09-07,East,Beauty,In-Store,4,35.37,148.56,91.3
9907,2025-09-07,North,Electronics,Mobile App,2,185.17,425.89,280.98
9908,2025-09-08,East,Electronics,Mobile App,1,198.84,208.78,137.91
9909,2025-09-08,North,Home & Kitchen,In-Store,2,55.77,128.28,84.87
9910,2025-09-08,South,Electronics,In-Store,1,212.34,159.26,98.61
9911,2025-09-08,North,Electronics,Online,4,206.02,947.71,620.9
9912,2025-09-08,North,Beauty,Online,3,27.97,96.49,59.49
9913,2025-09-08,East,Electronics,In-Store,1,202.54,212.66,121.0
9914,2025-09-08,South,Sports,Online,4,57.05,171.14,102.62
9915,2025-09-08,South,Home & Kitchen,Online,3,76.01,171.03,101.07
9916,2025-09-08,South,Beauty,Online,1,33.61,25.21,14.19
9917,2025-09-08,South,Electronics,Online,3,160.07,360.15,232.09
9918,2025-09-08,East,Beauty,In-Store,1,31.28,32.85,21.7
9919,2025-09-08,North,Beauty,Online,1,28.57,32.86,21.36
9920,2025-09-08,North,Apparel,Online,2,52.5,120.75,81.94
9921,2025-09-08,West,Sports,Mobile App,3,55.73,167.19,112.6
9922,2025-09-08,North,Beauty,Online,4,37.76,173.68,103.07
9923,2025-09-08,North,Electronics,In-Store,4,178.51,821.15,530.84
9924,2025-09-08,East,Beauty,Online,1,28.19,29.6,18.27
9925,2025-09-08,South,Electronics,In-Store,3,175.78,395.5,245.28
9926,2025-09-08,North,Beauty,Online,1,23.62,27.17,15.09
9927,2025-09-08,West,Home & Kitchen,Online,4,82.42,329.69,183.81
9928,2025-09-08,East,Electronics,Online,4,181.47,762.18,497.3
9929,2025-09-08,North,Electronics,In-Store,3,169.0,583.04,371.5
9930,2025-09-08,North,Electronics,In-Store,2,178.21,409.89,244.84
9931,2025-09-09,East,Sports,Online,4,59.13,248.33,153.49
9932,2025-09-09,North,Sports,Mobile App,3,49.7,171.46,94.51
9933,2025-09-09,South,Sports,In-Store,4,52.46,157.37,105.17
9934,2025-09-09,South,Electronics,Mobile App,4,188.38,565.14,353.27
9935,2025-09-09,South,Apparel,Online,2,37.66,56.49,34.29
9936,2025-09-09,East,Home & Kitchen,Mobile App,3,53.46,168.39,101.02
9937,2025-09-09,South,Beauty,Mobile App,2,30.06,45.09,28.6
9938,2025-09-09,North,Beauty,Mobile App,2,27.18,62.52,38.66
9939,2025-09-09,West,Home & Kitchen,In-Store,1,72.88,72.88,46.93
9940,2025-09-09,North,Home & Kitchen,Online,1,58.12,66.84,37.39
9941,2025-09-09,West,Electronics,In-Store,1,161.61,161.61,95.67
9942,2025-09-09,North,Apparel,Online,2,43.11,99.14,66.03
9943,2025-09-09,West,Sports,Online,4,54.24,216.97,141.72
9944,2025-09-09,West,Electronics,Online,2,196.08,392.16,218.88
9945,2025-09-09,North,Sports,In-Store,3,53.02,182.93,108.74
9946,2025-09-09,South,Apparel,Mobile App,1,50.19,37.64,24.0
9947,2025-09-10,East,Apparel,In-Store,1,37.91,39.81,26.76
9948,2025-09-10,East,Electronics,Online,2,189.25,397.42,240.48
9949,2025-09-10,West,Home & Kitchen,Online,3,71.52,214.57,135.52
9950,2025-09-10,South,Apparel,Mobile App,1,41.65,31.24,20.41
9951,2025-09-10,West,Home & Kitchen,Online,3,60.66,181.97,107.48
9952,2025-09-10,West,Apparel,Online,3,37.05,111.16,72.32
9953,2025-09-10,East,Home & Kitchen,Online,1,67.3,70.67,47.8
9954,2025-09-11,South,Electronics,Mobile App,4,188.02,564.05,373.94
9955,2025-09-11,West,Sports,In-Store,2,59.86,119.72,66.26
9956,2025-09-11,South,Electronics,Online,2,191.96,287.94,165.1
9957,2025-09-11,North,Sports,Online,3,66.52,229.49,126.51
9958,2025-09-11,North,Beauty,In-Store,3,36.02,124.25,79.1
9959,2025-09-11,East,Home & Kitchen,Online,4,57.95,243.38,157.39
9960,2025-09-11,West,Beauty,In-Store,2,33.31,66.63,42.99
9961,2025-09-11,East,Apparel,Online,4,43.44,182.45,116.1
9962,2025-09-11,North,Home & Kitchen,Online,2,66.69,153.38,92.67
9963,2025-09-11,North,Home & Kitchen,In-Store,2,54.15,124.54,69.07
9964,2025-09-11,West,Sports,Mobile App,4,60.18,240.7,152.07
9965,2025-09-11,South,Home & Kitchen,In-Store,4,68.27,204.82,117.56
9966,2025-09-12,South,Electronics,Online,3,162.21,364.97,207.38
9967,2025-09-12,East,Beauty,In-Store,4,32.28,135.59,77.4
9968,2025-09-12,South,Sports,Mobile App,2,60.09,90.13,50.13
9969,2025-09-12,West,Electronics,Mobile App,3,181.79,545.36,328.98
9970,2025-09-12,West,Electronics,Online,1,168.95,168.95,114.67
9971,2025-09-12,South,Sports,Online,1,50.33,37.75,25.05
9972,2025-09-12,South,Apparel,Online,3,47.29,106.41,65.89
9973,2025-09-12,North,Sports,Online,4,52.06,239.49,150.01
9974,2025-09-12,North,Sports,In-Store,2,47.48,109.21,62.55
9975,2025-09-12,East,Apparel,Online,3,43.74,137.78,86.25
9976,2025-09-12,South,Sports,Mobile App,3,73.93,166.34,97.25
9977,2025-09-12,North,Home & Kitchen,Mobile App,1,72.21,83.04,50.37
9978,2025-09-13,West,Electronics,Mobile App,1,169.95,169.95,101.36
9979,2025-09-13,North,Apparel,Online,1,44.36,51.01,32.62
9980,2025-09-13,East,Electronics,Online,3,164.18,517.16,318.54
9981,2025-09-13,South,Apparel,Online,2,53.19,79.78,51.65
9982,2025-09-13,South,Electronics,Online,2,141.97,212.96,137.55
9983,2025-09-13,East,Electronics,Online,3,167.13,526.46,305.37
9984,2025-09-13,North,Apparel,In-Store,4,44.39,204.2,121.73
9985,2025-09-13,East,Beauty,Online,3,23.38,73.66,42.84
9986,2025-09-13,West,Beauty,Online,3,30.61,91.84,60.7
9987,2025-09-13,West,Apparel,In-Store,1,59.35,59.35,34.82
9988,2025-09-13,West,Electronics,Mobile App,4,204.97,819.89,533.73
9989,2025-09-13,South,Sports,Online,3,48.35,108.78,73.54
9990,2025-09-13,South,Home & Kitchen,Online,1,56.02,42.02,23.72
9991,2025-09-14,North,Sports,In-Store,3,52.94,182.66,120.36
9992,2025-09-14,West,Electronics,Online,2,166.85,333.71,187.95
9993,2025-09-14,East,Apparel,Online,4,44.94,188.76,124.51
9994,2025-09-14,West,Beauty,In-Store,1,29.49,29.49,18.27
9995,2025-09-14,South,Sports,Online,1,52.54,39.41,24.18
9996,2025-09-14,East,Beauty,Mobile App,1,29.34,30.81,17.01
9997,2025-09-14,East,Electronics,Online,1,180.82,189.87,121.76
9998,2025-09-14,North,Home & Kitchen,Online,3,63.14,217.82,141.04
9999,2025-09-14,South,Beauty,Mobile App,4,34.37,103.1,63.49
10000,2025-09-14,South,Beauty,Online,1,29.89,22.42,14.97
10001,2025-09-14,West,Electronics,Online,4,144.18,576.73,323.82
10002,2025-09-15,North,Electronics,Online,2,185.67,427.05,268.45
10003,2025-09-15,West,Sports,Online,3,54.84,164.52,97.71
10004,2025-09-15,North,Sports,Online,4,59.07,271.71,160.67
10005,2025-09-15,East,Apparel,Mobile App,1,51.54,54.12,33.94
10006,2025-09-15,West,Apparel,Online,4,46.72,186.89,103.0
10007,2025-09-15,East,Apparel,Mobile App,1,48.16,50.57,32.76
10008,2025-09-15,South,Home & Kitchen,Online,2,66.01,99.02,58.54
10009,2025-09-15,North,Electronics,Mobile App,1,168.75,194.06,118.31
10010,2025-09-15,North,Apparel,Online,2,43.95,101.08,66.69
10011,2025-09-15,South,Beauty,Online,1,25.11,18.83,10.52
10012,2025-09-15,West,Electronics,Online,3,186.87,560.6,318.78
10013,2025-09-15,North,Electronics,Online,3,183.65,633.6,429.7
10014,2025-09-15,West,Beauty,Online,3,31.27,93.81,52.86
10015,2025-09-16,West,Apparel,Online,3,52.83,158.49,98.21
10016,2025-09-16,South,Apparel,In-Store,4,43.26,129.77,86.74
10017,2025-09-16,South,Electronics,Online,2,199.78,299.68,201.01
10018,2025-09-16,East,Home & Kitchen,In-Store,1,64.71,67.94,40.46
10019,2025-09-16,South,Beauty,Online,3,28.38,63.86,35.83
10020,2025-09-16,East,Apparel,Online,2,42.75,89.77,60.95
10021,2025-09-16,East,Beauty,Online,1,27.04,28.39,17.46
10022,2025-09-16,North,Home & Kitchen,Online,1,70.78,81.4,53.18
10023,2025-09-16,East,Apparel,In-Store,1,43.12,45.27,30.05
10024,2025-09-17,East,Home & Kitchen,Mobile App,2,59.11,124.13,73.86
10025,2025-09-17,South,Electronics,Online,4,191.94,575.83,319.85
10026,2025-09-17,South,Beauty,Online,3,28.13,63.28,40.36
10027,2025-09-17,West,Home & Kitchen,Mobile App,2,71.58,143.17,79.25
10028,2025-09-17,East,Beauty,In-Store,1,28.29,29.7,19.08
10029,2025-09-17,North,Sports,In-Store,2,62.8,144.45,81.96
10030,2025-09-17,North,Home & Kitchen,Online,3,73.59,253.88,165.54
10031,2025-09-17,North,Sports,Online,4,50.26,231.18,128.16
10032,2025-09-17,South,Home & Kitchen,Online,1,53.38,40.03,22.79
10033,2025-09-17,West,Home & Kitchen,Online,3,53.36,160.07,92.57
10034,2025-09-17,North,Home & Kitchen,Online,2,71.29,163.96,111.19
10035,2025-09-17,South,Apparel,Online,2,55.07,82.6,51.03
10036,2025-09-17,South,Home & Kitchen,Online,1,59.76,44.82,25.13
10037,2025-09-17,East,Electronics,Mobile App,3,178.34,561.76,311.47
10038,2025-09-17,South,Electronics,In-Store,3,197.22,443.76,293.45
10039,2025-09-17,West,Beauty,Online,3,28.18,84.55,56.94
10040,2025-09-17,West,Electronics,Online,3,189.71,569.13,346.11
10041,2025-09-17,North,Electronics,In-Store,3,209.72,723.52,459.42
10042,2025-09-17,West,Apparel,Mobile App,4,47.49,189.96,113.81
10043,2025-09-17,West,Apparel,Online,1,48.31,48.31,31.84
10044,2025-09-17,West,Beauty,Online,3,29.89,89.68,57.68
10045,2025-09-18,West,Beauty,In-Store,1,30.35,30.35,17.66
10046,2025-09-18,North,Apparel,Online,1,44.54,51.22,29.17
10047,2025-09-18,South,Apparel,In-Store,2,48.26,72.39,41.67
10048,2025-09-18,West,Electronics,Online,1,148.25,148.25,97.52
10049,2025-09-18,West,Home & Kitchen,In-Store,3,71.28,213.83,131.72
10050,2025-09-18,South,Beauty,Mobile App,4,29.07,87.22,49.58
10051,2025-09-18,East,Sports,Online,4,48.77,204.85,138.36
10052,2025-09-18,North,Apparel,Online,4,41.7,191.84,113.5
10053,2025-09-18,South,Apparel,In-Store,4,36.3,108.9,60.14
10054,2025-09-18,West,Electronics,Online,4,179.32,717.26,464.84
10055,2025-09-19,East,Apparel,Mobile App,1,42.98,45.13,27.91
10056,2025-09-19,East,Beauty,Online,1,26.49,27.82,17.66
10057,2025-09-19,North,Beauty,Mobile App,1,30.81,35.44,19.77
10058,2025-09-19,West,Home & Kitchen,Online,4,67.71,270.84,163.91
10059,2025-09-19,South,Apparel,In-Store,4,55.04,165.13,98.16
10060,2025-09-19,East,Electronics,In-Store,1,178.9,187.84,126.6
10061,2025-09-19,North,Apparel,In-Store,4,47.43,218.19,137.18
10062,2025-09-19,East,Apparel,Online,3,47.69,150.24,91.91
10063,2025-09-19,West,Home & Kitchen,In-Store,1,64.17,64.17,36.46
10064,2025-09-19,East,Home & Kitchen,In-Store,1,67.8,71.19,41.1
10065,2025-09-19,East,Sports,In-Store,4,64.17,269.5,158.29
10066,2025-09-19,West,Electronics,In-Store,4,187.84,751.37,490.45
10067,2025-09-19,West,Sports,In-Store,2,53.73,107.46,63.29
10068,2025-09-20,West,Apparel,In-Store,1,43.24,43.24,26.15
10069,2025-09-20,East,Apparel,In-Store,2,47.53,99.82,60.31
10070,2025-09-20,North,Apparel,Online,1,45.48,52.3,30.58
10071,2025-09-20,South,Beauty,Mobile App,1,34.14,25.61,14.45
10072,2025-09-20,West,Sports,In-Store,2,49.64,99.27,61.87
10073,2025-09-20,North,Home & Kitchen,Online,3,79.61,274.66,167.47
10074,2025-09-20,South,Home & Kitchen,Online,4,51.29,153.88,102.12
10075,2025-09-20,South,Electronics,In-Store,3,184.94,416.11,270.31
10076,2025-09-20,South,Electronics,In-Store,2,191.03,286.55,172.54
10077,2025-09-20,South,Beauty,Online,1,24.81,18.61,10.56
10078,2025-09-20,South,Electronics,Online,1,155.82,116.87,75.54
10079,2025-09-20,East,Beauty,In-Store,3,31.79,100.14,55.26
10080,2025-09-20,East,Apparel,Mobile App,3,46.46,146.34,92.18
10081,2025-09-20,South,Home & Kitchen,Online,3,53.28,119.87,66.3
10082,2025-09-20,East,Electronics,Mobile App,3,179.26,564.68,368.35
10083,2025-09-21,South,Beauty,Online,1,26.86,20.14,12.58
10084,2025-09-21,East,Apparel,Mobile App,3,47.62,150.01,88.03
10085,2025-09-21,East,Electronics,In-Store,3,175.11,551.6,337.58
10086,2025-09-21,South,Apparel,Online,2,48.87,73.3,45.63
10087,2025-09-21,East,Home & Kitchen,Online,2,67.93,142.66,79.06
10088,2025-09-21,West,Home & Kitchen,In-Store,2,64.18,128.36,82.9
10089,2025-09-21,East,Home & Kitchen,Online,1,65.42,68.69,44.19
10090,2025-09-21,South,Electronics,Online,3,147.42,331.69,188.92
10091,2025-09-21,South,Beauty,Online,4,25.99,77.98,47.7
10092,2025-09-21,East,Apparel,In-Store,4,40.38,169.6,96.46
10093,2025-09-21,East,Electronics,Online,1,182.23,191.35,123.83
10094,2025-09-21,East,Home & Kitchen,In-Store,3,68.5,215.78,120.7
10095,2025-09-21,East,Beauty,Online,1,30.12,31.62,20.81
10096,2025-09-21,West,Beauty,Mobile App,2,28.08,56.16,31.07
10097,2025-09-21,North,Apparel,Online,3,38.99,134.51,82.21
10098,2025-09-22,East,Beauty,Mobile App,3,29.34,92.42,59.5
10099,2025-09-22,North,Beauty,Mobile App,3,26.91,92.85,59.99
10100,2025-09-22,South,Beauty,Mobile App,3,21.47,48.31,30.02
10101,2025-09-22,South,Apparel,In-Store,4,36.13,108.39,60.53
10102,2025-09-22,West,Sports,Mobile App,3,48.68,146.03,87.22
10103,2025-09-22,West,Electronics,In-Store,2,199.25,398.5,226.26
10104,2025-09-22,South,Electronics,In-Store,4,175.39,526.17,311.73
10105,2025-09-22,West,Beauty,In-Store,1,30.49,30.49,18.57
10106,2025-09-22,North,Beauty,In-Store,3,28.69,98.98,66.89
10107,2025-09-22,East,Sports,In-Store,3,43.18,136.0,80.23
10108,2025-09-22,South,Apparel,Online,1,48.09,36.07,20.48
10109,2025-09-22,North,Electronics,Online,4,192.06,883.47,519.19
10110,2025-09-22,West,Apparel,Online,3,38.85,116.55,65.08
10111,2025-09-22,East,Electronics,Online,3,198.77,626.13,375.13
10112,2025-09-23,North,Sports,Online,3,54.97,189.66,105.04
10113,2025-09-23,North,Home & Kitchen,Online,4,73.48,338.01,204.41
10114,2025-09-23,West,Home & Kitchen,Online,2,70.37,140.74,94.67
10115,2025-09-23,North,Home & Kitchen,Online,3,59.92,206.71,116.1
10116,2025-09-23,East,Beauty,Online,3,25.4,80.01,45.09
10117,2025-09-23,South,Sports,Mobile App,4,53.3,159.9,101.17
10118,2025-09-23,South,Electronics,Online,2,189.16,283.74,170.24
10119,2025-09-23,East,Beauty,Mobile App,4,30.31,127.31,78.92
10120,2025-09-23,North,Apparel,In-Store,4,38.89,178.89,117.31
10121,2025-09-23,North,Electronics,Online,1,178.03,204.74,129.3
10122,2025-09-23,East,Sports,Mobile App,1,51.26,53.83,34.86
10123,2025-09-23,East,Beauty,Mobile App,3,26.62,83.86,50.2
10124,2025-09-23,East,Electronics,Online,4,217.07,911.71,557.65
10125,2025-09-24,North,Home & Kitchen,In-Store,1,61.27,70.46,47.55
10126,2025-09-24,South,Apparel,In-Store,3,42.68,96.04,61.42
10127,2025-09-24,North,Sports,Online,1,51.02,58.68,34.33
10128,2025-09-24,West,Apparel,Online,3,40.01,120.02,66.73
10129,2025-09-24,South,Electronics,In-Store,4,140.82,422.45,239.41
10130,2025-09-24,South,Sports,Online,4,42.01,126.04,79.61
10131,2025-09-24,North,Beauty,Online,3,25.9,89.37,60.0
10132,2025-09-24,North,Electronics,In-Store,1,149.37,171.77,94.79
10133,2025-09-24,West,Beauty,Mobile App,1,25.79,25.79,14.89
10134,2025-09-24,West,Beauty,Online,1,31.02,31.02,20.64
10135,2025-09-24,North,Electronics,Online,2,187.59,431.45,283.79
10136,2025-09-24,West,Sports,Mobile App,2,60.93,121.87,72.38
10137,2025-09-24,South,Sports,Mobile App,1,71.84,53.88,32.33
10138,2025-09-24,East,Beauty,In-Store,2,30.45,63.94,36.92
10139,2025-09-24,South,Home & Kitchen,Mobile App,2,61.75,92.62,52.71
10140,2025-09-25,East,Home & Kitchen,Online,2,72.05,151.3,97.03
10141,2025-09-25,East,Apparel,In-Store,4,47.97,201.48,135.68
10142,2025-09-25,East,Home & Kitchen,Online,3,72.97,229.85,149.61
10143,2025-09-25,East,Electronics,In-Store,1,175.78,184.57,120.81
10144,2025-09-25,North,Sports,Mobile App,4,71.51,328.95,182.91
10145,2025-09-25,North,Sports,Online,2,52.1,119.84,77.67
10146,2025-09-25,South,Apparel,Online,2,51.06,76.6,45.87
10147,2025-09-25,North,Apparel,Online,3,49.86,172.01,104.62
10148,2025-09-25,North,Home & Kitchen,Online,2,55.3,127.19,70.49
10149,2025-09-25,East,Home & Kitchen,Online,1,70.83,74.37,44.64
10150,2025-09-25,West,Electronics,Online,4,168.6,674.41,412.77
10151,2025-09-25,East,Apparel,In-Store,1,50.47,52.99,29.63
10152,2025-09-25,West,Sports,In-Store,1,62.93,62.93,37.91
10153,2025-09-25,East,Electronics,Online,4,166.84,700.73,401.09
10154,2025-09-25,North,Electronics,In-Store,2,180.82,415.88,279.64
10155,2025-09-25,East,Apparel,Online,3,40.71,128.24,81.98
10156,2025-09-25,South,Electronics,Online,1,170.67,128.01,71.36
10157,2025-09-26,West,Sports,In-Store,3,58.95,176.84,111.22
10158,2025-09-26,East,Home & Kitchen,Online,2,66.38,139.39,89.37
10159,2025-09-26,North,Beauty,Mobile App,4,27.12,124.76,78.53
10160,2025-09-26,North,Home & Kitchen,In-Store,3,69.33,239.18,147.04
10161,2025-09-26,West,Home & Kitchen,Online,2,54.63,109.26,72.6
10162,2025-09-26,North,Sports,In-Store,1,67.05,77.11,48.1
10163,2025-09-26,North,Beauty,In-Store,3,26.71,92.15,56.05
10164,2025-09-26,West,Apparel,Online,1,49.5,49.5,27.81
10165,2025-09-27,West,Apparel,Online,3,48.64,145.91,93.82
10166,2025-09-27,West,Electronics,Online,1,172.51,172.51,98.64
10167,2025-09-27,East,Sports,Mobile App,3,47.02,148.1,92.25
10168,2025-09-27,South,Sports,Online,3,61.6,138.6,84.62
10169,2025-09-27,East,Home & Kitchen,Online,2,57.35,120.43,69.81
10170,2025-09-27,East,Sports,Online,3,59.8,188.38,107.54
10171,2025-09-27,North,Sports,Online,3,66.74,230.27,156.4
10172,2025-09-27,North,Apparel,In-Store,2,43.0,98.91,62.69
10173,2025-09-27,South,Beauty,Online,4,29.7,89.09,59.35
10174,2025-09-27,West,Electronics,In-Store,2,187.91,375.82,221.03
10175,2025-09-28,South,Home & Kitchen,In-Store,1,54.69,41.02,23.04
10176,2025-09-28,West,Apparel,Mobile App,2,44.11,88.23,55.76
10177,2025-09-28,North,Home & Kitchen,Online,2,51.6,118.68,68.29
10178,2025-09-28,West,Electronics,In-Store,3,179.8,539.4,320.73
10179,2025-09-28,East,Sports,In-Store,2,52.84,110.96,62.2
10180,2025-09-28,West,Apparel,In-Store,4,45.2,180.81,105.09
10181,2025-09-28,South,Electronics,Online,1,165.06,123.79,69.27
10182,2025-09-28,South,Apparel,Online,4,44.67,134.0,76.23
10183,2025-09-28,East,Apparel,In-Store,3,46.96,147.93,99.23
10184,2025-09-28,North,Electronics,Mobile App,4,185.09,851.41,509.44
10185,2025-09-28,South,Home & Kitchen,In-Store,1,64.22,48.17,31.94
10186,2025-09-28,North,Beauty,Online,1,28.23,32.46,21.01
10187,2025-09-28,East,Apparel,Mobile App,1,50.88,53.42,35.06
10188,2025-09-28,North,Electronics,Mobile App,3,167.76,578.78,335.78
10189,2025-09-28,East,Apparel,Mobile App,3,44.65,140.64,84.49
10190,2025-09-28,East,Home & Kitchen,Mobile App,4,71.49,300.25,188.72
10191,2025-09-29,East,Home & Kitchen,In-Store,1,53.71,56.4,35.3
10192,2025-09-29,North,Beauty,In-Store,1,26.76,30.77,19.46
10193,2025-09-29,North,Sports,Online,1,59.31,68.21,41.09
10194,2025-09-29,South,Electronics,Online,4,178.61,535.83,297.56
10195,2025-09-29,South,Beauty,Mobile App,4,22.8,68.41,41.35
10196,2025-09-29,West,Electronics,Mobile App,1,149.84,149.84,93.82
10197,2025-09-29,South,Electronics,Online,2,170.0,255.0,155.09
10198,2025-09-29,West,Sports,Online,4,53.98,215.91,130.94
10199,2025-09-29,South,Home & Kitchen,In-Store,2,61.87,92.8,60.34
10200,2025-09-29,West,Home & Kitchen,Online,3,45.16,135.48,80.39
10201,2025-09-29,North,Beauty,Online,2,29.41,67.64,43.99
10202,2025-09-29,East,Electronics,Online,2,168.23,353.28,236.48
10203,2025-09-29,South,Apparel,Online,3,54.45,122.5,79.29
10204,2025-09-30,North,Sports,Online,1,58.3,67.05,44.94
10205,2025-09-30,North,Home & Kitchen,Online,1,76.46,87.93,54.98
10206,2025-09-30,West,Home & Kitchen,Online,3,58.4,175.19,114.25
10207,2025-09-30,North,Sports,Mobile App,2,52.8,121.43,77.4
10208,2025-09-30,North,Sports,Online,4,51.83,238.41,139.9
10209,2025-09-30,South,Beauty,Online,1,28.43,21.33,13.29
10210,2025-09-30,South,Beauty,Online,2,23.52,35.28,22.57
10211,2025-09-30,South,Electronics,Mobile App,2,172.58,258.86,146.59
10212,2025-09-30,North,Beauty,Online,4,27.08,124.55,71.44
